wealth,age,goal,income,income_var,job_loss_prob,expense,emergency_buffer_months,risk_appetite
1670689,52,168,35765,0.3,0.008,32138,22,0.3
11456686,47,228,96369,0.15,0.004,55982,9,0.5
18344126,44,264,240095,0.05,0.001,126106,4,0.3
1469946,41,300,59394,0.05,0.001,46084,4,0.7
7573057,34,384,161107,0.05,0.001,76412,5,0.7
442941,52,168,43379,0.15,0.001,41305,9,0.3
0,22,528,81501,0.05,0.001,56631,7,0.3
24903,26,480,20805,0.15,0.004,17762,9,0.5
15542010,45,252,113917,0.05,0.001,80905,4,0.7
17053536,40,312,172339,0.05,0.001,106624,4,0.7
127627789,48,216,300000,0.05,0.001,162677,5,0.5
1378956,38,336,31896,0.15,0.004,21479,7,0.5
386341,34,384,59614,0.3,0.004,44644,21,0.5
22263245,43,276,142021,0.05,0.001,69225,4,0.3
4016836,40,312,65401,0.15,0.001,42829,6,0.5
5805941,51,180,48209,0.15,0.001,35063,9,0.3
34276928,46,240,178538,0.05,0.001,89292,7,0.5
253425,26,480,38794,0.15,0.004,31219,8,0.5
8130903,39,324,300000,0.05,0.001,124246,5,0.5
1279666,48,216,48487,0.15,0.001,49179,6,0.5
39034424,57,108,116714,0.05,0.001,76538,6,0.3
1744410,39,324,49526,0.15,0.004,40046,7,0.5
14281335,39,324,179989,0.05,0.001,103526,5,0.5
23194820,50,192,73516,0.15,0.004,41296,7,0.5
9019297,55,132,50070,0.15,0.001,28427,6,0.5
11822907,33,396,300000,0.05,0.001,194446,4,0.5
2795204,52,168,36099,0.3,0.004,27713,13,0.5
25688079,54,144,96053,0.05,0.001,57330,5,0.5
711214,56,120,36868,0.15,0.004,39258,6,0.3
49166424,56,120,115601,0.15,0.004,86402,7,0.5
80636,24,504,70453,0.15,0.001,52274,7,0.5
282449,30,432,33294,0.15,0.004,28442,9,0.7
20273575,57,108,77887,0.05,0.001,40975,4,0.3
2432083,36,360,101505,0.05,0.001,72846,7,0.3
4466871,27,468,300000,0.05,0.001,149287,7,0.7
6290320,43,276,59012,0.3,0.008,39511,12,0.5
908575,27,468,66275,0.05,0.001,39600,7,0.5
897121,36,360,51125,0.15,0.001,33704,9,0.3
7937715,33,396,168199,0.05,0.001,77315,6,0.5
435885,33,396,62929,0.15,0.004,40140,9,0.5
102691427,49,204,168833,0.05,0.001,88572,4,0.7
1439652,28,456,114334,0.05,0.001,62081,7,0.7
9264356,55,132,126837,0.15,0.001,87753,7,0.3
2938794,30,432,118379,0.05,0.001,80882,7,0.7
15968327,46,240,106312,0.05,0.001,77757,7,0.5
893177,25,492,185963,0.05,0.001,121448,7,0.5
76428777,51,180,174726,0.05,0.001,93613,5,0.3
9305355,55,132,71006,0.15,0.001,51011,7,0.5
3187405,45,252,62038,0.3,0.004,38765,18,0.5
1461592,30,432,58161,0.15,0.004,38730,6,0.5
30455113,53,156,181730,0.05,0.001,76391,5,0.5
37352597,57,108,144826,0.05,0.001,70775,5,0.3
3075371,57,108,44634,0.15,0.004,32345,9,0.3
17848,24,504,49211,0.15,0.004,47280,6,0.5
6249471,59,84,57556,0.15,0.001,35993,6,0.3
12182156,41,300,103476,0.15,0.001,68419,8,0.7
6643759,33,396,186601,0.05,0.001,101690,4,0.7
1009989,33,396,61361,0.05,0.001,40423,4,0.7
30662172,51,180,165189,0.15,0.001,112501,6,0.3
29451935,56,120,133717,0.05,0.001,55746,6,0.3
5834763,56,120,62680,0.15,0.004,37469,8,0.3
1112217,55,132,41059,0.15,0.004,39590,8,0.3
327527,29,444,46384,0.15,0.004,36370,7,0.3
1740772,30,432,54425,0.15,0.004,40345,9,0.7
0,22,528,30237,0.3,0.008,22005,10,0.3
4057062,40,312,74246,0.15,0.004,49424,8,0.5
2096537,46,240,110648,0.15,0.001,102306,8,0.5
1035165,34,384,44658,0.05,0.001,32640,6,0.5
28845817,47,228,288737,0.05,0.001,119262,7,0.3
0,22,528,35248,0.15,0.004,30993,6,0.7
5574535,47,228,79618,0.05,0.001,56957,7,0.5
360030,34,384,41386,0.3,0.008,35645,12,0.5
842830,49,204,31362,0.15,0.001,27332,9,0.5
842328,29,444,56214,0.3,0.008,34780,20,0.5
36602424,59,84,110101,0.05,0.001,68561,5,0.3
446872,34,384,50215,0.15,0.004,33802,8,0.5
16105743,54,144,95937,0.3,0.004,67395,15,0.3
102554512,54,144,225543,0.05,0.001,115518,6,0.3
149494769,51,180,300000,0.05,0.001,183633,5,0.3
99945,27,468,42725,0.15,0.004,39605,8,0.5
122052072,58,96,215565,0.05,0.001,87340,5,0.3
778261,27,468,76887,0.15,0.004,61350,6,0.7
14040657,52,168,53506,0.05,0.001,38038,4,0.5
125458979,57,108,223168,0.05,0.001,127894,7,0.5
7328976,59,84,111216,0.05,0.001,94933,5,0.5
2460744,48,216,35606,0.15,0.001,26692,8,0.3
10048059,43,276,100604,0.15,0.004,58034,7,0.5
7058123,45,252,110408,0.15,0.001,75203,9,0.7
18555,23,516,71134,0.15,0.001,56804,9,0.3
1775446,33,396,93362,0.15,0.004,57926,7,0.5
1327,24,504,20000,0.3,0.008,19077,20,0.5
7368892,37,348,92869,0.15,0.004,51620,8,0.5
9559083,53,156,84525,0.05,0.001,52526,7,0.5
899798,50,192,53697,0.15,0.004,47715,6,0.5
14071692,51,180,83101,0.15,0.001,49263,9,0.3
2008064,43,276,52139,0.05,0.001,39634,7,0.5
10952446,52,168,118825,0.15,0.004,88072,8,0.3
59763048,57,108,175731,0.05,0.001,114732,5,0.3
89770369,58,96,112429,0.05,0.001,82662,7,0.5
268516,27,468,24086,0.15,0.001,21105,7,0.5
12059068,45,252,162023,0.05,0.001,86368,4,0.5
88836,27,468,38969,0.15,0.001,32449,7,0.3
3140431,28,456,244596,0.05,0.001,133492,6,0.5
2581948,38,336,73559,0.15,0.004,51832,9,0.5
120803,30,432,33259,0.15,0.001,27715,7,0.7
127896,24,504,54785,0.05,0.001,36100,5,0.7
1413627,30,432,45806,0.15,0.001,36356,8,0.7
7147903,58,96,54200,0.15,0.004,30693,7,0.3
33948880,59,84,115374,0.15,0.004,74999,6,0.3
310838,33,396,33495,0.15,0.001,28736,9,0.5
3839,23,516,27415,0.3,0.004,26462,21,0.7
2180626,40,312,79775,0.3,0.008,42492,23,0.3
67095385,56,120,125492,0.05,0.001,60972,4,0.3
1210968,26,480,82996,0.05,0.001,63872,5,0.5
81051,23,516,148020,0.05,0.001,68196,6,0.3
0,22,528,32994,0.15,0.004,31800,7,0.7
1936282,35,372,53627,0.05,0.001,24843,4,0.5
1494859,37,348,66099,0.3,0.004,36153,18,0.5
776040,32,408,60848,0.05,0.001,44481,6,0.7
6339983,53,156,92203,0.15,0.001,54542,9,0.5
3802319,42,288,102763,0.15,0.001,68873,8,0.5
9363855,54,144,93676,0.15,0.004,67264,8,0.3
342412,32,408,49762,0.15,0.004,46648,6,0.7
755969,33,396,52529,0.3,0.004,32246,13,0.5
548758,42,288,23001,0.15,0.001,20505,6,0.7
7472056,39,324,109278,0.15,0.001,75651,9,0.7
317144,25,492,84073,0.15,0.004,56436,9,0.5
39437,27,468,40549,0.15,0.001,39518,7,0.5
67952,23,516,65941,0.05,0.001,49444,4,0.7
126137111,53,156,197589,0.05,0.001,84556,5,0.3
22454380,48,216,95191,0.15,0.004,57791,9,0.5
1275021,40,312,45071,0.15,0.004,32185,7,0.7
15370071,45,252,70064,0.15,0.004,52046,7,0.5
1246537,31,420,81448,0.15,0.004,52206,7,0.7
3811532,30,432,93793,0.05,0.001,51740,7,0.5
44813177,51,180,300000,0.15,0.004,179827,6,0.5
251065,50,192,20000,0.3,0.008,19365,12,0.7
9954243,51,180,104625,0.05,0.001,72137,4,0.5
1132062,35,372,56479,0.15,0.001,34365,9,0.3
588380,43,276,33356,0.15,0.004,38488,7,0.5
0,22,528,40622,0.05,0.001,38093,4,0.5
809807,45,252,42174,0.15,0.001,40959,6,0.3
25788480,51,180,300000,0.15,0.001,181445,7,0.3
27565,25,492,20000,0.3,0.004,18528,20,0.7
85258773,54,144,168866,0.15,0.001,85869,9,0.5
14251019,54,144,102751,0.05,0.001,61663,6,0.5
1659961,49,204,33868,0.3,0.008,28388,21,0.3
38500724,42,288,158057,0.05,0.001,73990,6,0.5
41561753,52,168,149690,0.15,0.001,86993,9,0.3
11976956,41,300,115694,0.15,0.004,81511,6,0.5
5375173,42,288,53780,0.15,0.001,28544,8,0.3
3684810,36,360,96070,0.15,0.004,61904,8,0.7
23884743,39,324,158891,0.05,0.001,79181,4,0.7
73570940,50,192,300000,0.05,0.001,171553,5,0.5
0,22,528,71395,0.05,0.001,33732,7,0.3
56743,25,492,28428,0.05,0.001,23521,6,0.5
9223,24,504,31413,0.3,0.004,29358,12,0.5
9839939,41,300,110650,0.15,0.004,81872,6,0.7
3145439,38,336,71208,0.15,0.004,49517,8,0.5
15731117,43,276,116148,0.15,0.004,70048,9,0.5
427568,26,480,70324,0.05,0.001,45166,5,0.3
13674358,58,96,166263,0.05,0.001,62981,7,0.3
4843460,46,240,67068,0.15,0.001,40220,6,0.5
19764987,53,156,105624,0.15,0.004,65887,8,0.3
1943277,43,276,57947,0.05,0.001,48832,7,0.3
10936097,52,168,105557,0.3,0.008,65508,11,0.3
2552100,37,348,109801,0.15,0.001,69571,9,0.7
2156009,30,432,85452,0.05,0.001,63400,5,0.5
891518,55,132,38700,0.15,0.004,34071,6,0.3
3685123,54,144,45136,0.15,0.004,35103,8,0.5
1000308,38,336,48531,0.15,0.004,42702,7,0.5
11362268,41,300,118291,0.05,0.001,54862,7,0.3
4927107,43,276,91823,0.05,0.001,65438,7,0.7
5203382,40,312,62940,0.15,0.001,43709,6,0.5
3150817,39,324,50562,0.15,0.004,30704,9,0.3
38185,31,420,24571,0.3,0.004,20990,20,0.7
197200,25,492,67802,0.05,0.001,42429,5,0.3
34057432,50,192,195352,0.05,0.001,80481,5,0.3
26067,29,444,25960,0.3,0.004,25241,15,0.5
11457913,37,348,111260,0.05,0.001,71877,4,0.5
258714,27,468,31920,0.15,0.001,25171,9,0.5
788694,36,360,41087,0.3,0.004,38102,9,0.5
145775,28,456,23852,0.15,0.004,17958,8,0.5
2723339,41,300,58706,0.15,0.004,44059,9,0.5
25380989,55,132,94927,0.05,0.001,65300,7,0.3
49047,24,504,59583,0.3,0.004,41176,11,0.3
692305,32,408,35669,0.3,0.008,28854,14,0.7
1168199,40,312,49771,0.3,0.008,41338,11,0.5
3122789,54,144,41627,0.15,0.004,34712,9,0.5
6502297,35,372,133156,0.15,0.001,75182,7,0.5
175809938,51,180,152790,0.05,0.001,64256,5,0.3
3609397,42,288,67154,0.15,0.004,36933,8,0.5
96096,27,468,33129,0.15,0.001,29390,9,0.5
3702215,33,396,88523,0.05,0.001,56182,7,0.5
330331,33,396,29830,0.3,0.008,23206,15,0.5
5217487,40,312,175798,0.05,0.001,113173,4,0.5
1198997,40,312,75362,0.05,0.001,69579,5,0.3
296386,26,480,41991,0.05,0.001,31245,7,0.7
801253,54,144,34046,0.3,0.004,31610,22,0.5
413594,52,168,34867,0.3,0.004,29662,18,0.3
397032,34,384,33159,0.3,0.004,27777,22,0.7
532546,42,288,40858,0.3,0.008,35105,23,0.5
0,22,528,21922,0.3,0.004,17295,19,0.7
4819615,33,396,130373,0.05,0.001,59839,7,0.7
851740,29,444,83722,0.3,0.004,61784,13,0.7
290841,49,204,22951,0.15,0.004,23606,8,0.5
10627013,49,204,74394,0.3,0.008,49484,18,0.5
154817,34,384,28241,0.3,0.008,26563,17,0.5
3809136,59,84,42992,0.05,0.001,35106,5,0.3
39910059,59,84,96628,0.15,0.004,53919,9,0.5
627277,35,372,45893,0.15,0.004,37394,6,0.5
2360022,53,156,31636,0.3,0.008,26667,12,0.5
254037,24,504,58057,0.15,0.001,39709,8,0.5
565786,30,432,42445,0.15,0.004,38039,8,0.7
454268,25,492,68813,0.05,0.001,47666,4,0.5
1241437,25,492,98287,0.05,0.001,62980,7,0.5
28313480,45,252,118720,0.05,0.001,67155,6,0.5
533570,38,336,90457,0.05,0.001,62379,5,0.7
241124,38,336,40005,0.3,0.008,34674,15,0.5
179306,29,444,36431,0.15,0.001,31028,9,0.5
1897967,35,372,89102,0.15,0.004,64280,7,0.3
7782686,45,252,142386,0.15,0.004,69008,9,0.3
177447,36,360,26177,0.3,0.008,27143,12,0.7
3601549,33,396,110676,0.05,0.001,66613,4,0.7
3905317,41,300,88135,0.15,0.001,62517,9,0.5
2171650,39,324,59916,0.05,0.001,42468,6,0.3
25651534,49,204,151837,0.05,0.001,85585,5,0.7
2578080,46,240,68155,0.05,0.001,46270,4,0.5
182776,24,504,71255,0.05,0.001,40985,7,0.7
2835396,46,240,33775,0.15,0.001,26039,8,0.5
5443531,57,108,52937,0.15,0.001,43437,6,0.3
2271878,32,408,76806,0.15,0.004,39486,6,0.5
298628,25,492,55623,0.15,0.001,29427,9,0.3
5460791,39,324,57244,0.05,0.001,34983,7,0.5
0,22,528,50808,0.15,0.001,37195,9,0.5
312389,31,420,31420,0.15,0.004,25663,8,0.5
126492438,59,84,252220,0.05,0.001,141635,7,0.3
4045071,32,408,96247,0.05,0.001,51934,6,0.5
618942,39,324,33528,0.15,0.004,27107,6,0.5
49532934,48,216,172755,0.05,0.001,59964,6,0.5
1210,23,516,26020,0.15,0.004,29842,6,0.3
304789,35,372,40110,0.3,0.008,40671,9,0.3
5539404,40,312,136002,0.05,0.001,90746,5,0.3
1221914,35,372,74841,0.05,0.001,52806,6,0.3
0,22,528,33225,0.3,0.008,33228,23,0.5
22846921,45,252,142395,0.15,0.001,85805,7,0.7
11396720,46,240,103370,0.05,0.001,72656,4,0.5
349260,25,492,49369,0.15,0.001,40602,8,0.7
2872348,30,432,76485,0.15,0.004,40358,8,0.7
971944,38,336,52596,0.15,0.004,34163,9,0.3
3615472,44,264,106267,0.15,0.001,71690,6,0.7
819531,46,240,40674,0.15,0.004,36495,6,0.7
7594676,45,252,76949,0.05,0.001,48664,4,0.3
9928143,44,264,53639,0.15,0.004,24598,6,0.7
21201059,45,252,300000,0.05,0.001,152391,7,0.7
49222725,57,108,133010,0.05,0.001,63498,4,0.5
12244581,51,180,257465,0.15,0.004,169671,8,0.5
30565741,56,120,192192,0.05,0.001,92219,5,0.3
1095998,31,420,41201,0.3,0.008,27395,21,0.5
2546148,35,372,66041,0.05,0.001,41856,5,0.3
9988463,55,132,53607,0.05,0.001,31219,7,0.3
1369157,52,168,49132,0.15,0.001,35050,8,0.3
13331469,39,324,157878,0.05,0.001,75202,6,0.3
2301255,37,348,71642,0.05,0.001,50227,7,0.3
37186432,45,252,135019,0.05,0.001,61590,6,0.5
16804558,55,132,68511,0.15,0.004,45848,6,0.3
1563279,30,432,54916,0.15,0.004,34239,9,0.7
459510,35,372,40512,0.15,0.004,35366,7,0.5
146679892,58,96,238399,0.05,0.001,116564,7,0.5
9186164,52,168,121615,0.05,0.001,65420,5,0.3
2834709,41,300,84711,0.15,0.004,65424,9,0.5
21156386,59,84,57739,0.05,0.001,37540,6,0.3
278608,25,492,55217,0.05,0.001,38030,7,0.5
4074616,44,264,91867,0.15,0.004,62625,6,0.5
11282598,30,432,300000,0.05,0.001,177788,7,0.7
35320160,50,192,97312,0.15,0.004,60400,7,0.5
4942883,56,120,81968,0.15,0.004,54324,8,0.5
103757016,56,120,145728,0.15,0.001,92903,8,0.3
110654514,59,84,199446,0.15,0.004,91729,9,0.3
4576902,45,252,84369,0.15,0.004,55441,9,0.7
6461513,51,180,68638,0.15,0.001,50069,8,0.3
19580653,47,228,204363,0.05,0.001,80999,5,0.7
8350971,44,264,64893,0.05,0.001,41830,6,0.5
3074952,41,300,50688,0.15,0.004,34951,8,0.7
4902572,37,348,300000,0.15,0.004,194096,9,0.7
6066087,53,156,97750,0.15,0.004,70759,7,0.5
113500419,57,108,204946,0.05,0.001,95288,6,0.5
107737,31,420,20000,0.15,0.004,17233,7,0.3
234400430,56,120,300000,0.05,0.001,98960,4,0.5
301692,34,384,33043,0.3,0.004,27058,13,0.7
61966231,54,144,141523,0.15,0.004,90933,7,0.3
754038,41,300,37948,0.15,0.004,32866,8,0.5
25397667,43,276,254680,0.05,0.001,108751,4,0.3
6019983,53,156,24868,0.15,0.004,15221,6,0.3
5625018,36,360,122644,0.05,0.001,60325,5,0.5
37507875,54,144,167167,0.15,0.001,86049,9,0.3
17933332,41,300,300000,0.05,0.001,187065,6,0.7
3344214,27,468,164302,0.15,0.004,122369,9,0.7
13164098,56,120,92953,0.15,0.001,61726,6,0.3
10059214,42,288,97275,0.15,0.001,50828,7,0.5
3257620,30,432,109146,0.15,0.001,72496,9,0.7
0,22,528,47993,0.15,0.004,46864,6,0.5
1700563,25,492,134460,0.05,0.001,84433,6,0.7
89053474,50,192,223525,0.05,0.001,102390,4,0.3
858717,28,456,76009,0.15,0.001,57133,6,0.7
872296,48,216,36630,0.15,0.004,34028,7,0.3
1869354,43,276,65753,0.3,0.004,51192,11,0.3
3121870,38,336,95312,0.15,0.001,65163,6,0.5
6410050,39,324,75456,0.15,0.001,47142,9,0.3
0,22,528,25231,0.05,0.001,20386,4,0.3
37962490,47,228,186191,0.05,0.001,104726,5,0.5
16714428,59,84,125175,0.05,0.001,72361,7,0.3
0,22,528,31073,0.3,0.008,25497,13,0.5
1282190,54,144,31923,0.15,0.004,32544,7,0.3
8756861,43,276,96742,0.3,0.004,45328,22,0.5
284810,38,336,37162,0.15,0.004,34105,7,0.3
23858170,43,276,54313,0.15,0.001,35091,8,0.5
173220,24,504,162976,0.15,0.004,112927,6,0.5
626800,43,276,35534,0.3,0.008,28840,15,0.5
6757257,59,84,68166,0.15,0.004,41357,8,0.3
6900393,58,96,36931,0.05,0.001,27385,7,0.5
5769,23,516,41367,0.3,0.004,36626,10,0.5
7266925,44,264,56106,0.15,0.004,29564,7,0.7
130292,24,504,30966,0.15,0.004,21690,6,0.5
14750,24,504,43455,0.05,0.001,33340,4,0.3
38203049,43,276,300000,0.15,0.004,119751,7,0.5
92451790,59,84,300000,0.05,0.001,172674,4,0.3
0,22,528,300000,0.3,0.004,159183,23,0.7
10372627,40,312,80557,0.05,0.001,49864,4,0.3
50866,23,516,55680,0.15,0.001,30159,7,0.5
1064691,27,468,51920,0.15,0.004,30072,8,0.7
205716,39,324,33828,0.15,0.004,36576,7,0.3
2332705,32,408,108732,0.05,0.001,64309,5,0.5
18194877,51,180,140013,0.05,0.001,65609,5,0.3
2946162,48,216,71716,0.15,0.001,50948,7,0.5
580529,27,468,43804,0.05,0.001,32858,5,0.5
6918225,37,348,61984,0.15,0.004,39852,8,0.3
8489873,37,348,300000,0.15,0.004,120728,7,0.7
44877188,57,108,151626,0.15,0.004,81734,6,0.3
6221869,49,204,117501,0.05,0.001,78367,6,0.5
94432651,53,156,174305,0.05,0.001,85387,5,0.3
40088,24,504,51782,0.3,0.004,29073,11,0.5
1728070,24,504,184167,0.05,0.001,104902,4,0.7
787362,40,312,29277,0.3,0.008,22424,14,0.5
9036878,42,288,107745,0.15,0.001,72218,6,0.5
47691252,45,252,231213,0.05,0.001,100708,6,0.5
12904688,56,120,68304,0.15,0.001,43024,9,0.5
4638498,51,180,61377,0.3,0.008,37460,12,0.3
697993,26,480,75915,0.3,0.004,43968,8,0.7
1027642,27,468,75385,0.05,0.001,50320,4,0.7
12088840,33,396,129102,0.05,0.001,65370,6,0.7
154804362,55,132,257048,0.05,0.001,138018,5,0.3
24180144,47,228,170289,0.05,0.001,93382,5,0.3
67317,25,492,20000,0.15,0.001,15712,6,0.3
0,22,528,26199,0.15,0.001,23095,9,0.7
89130960,54,144,149485,0.05,0.001,94593,5,0.5
0,22,528,52969,0.15,0.004,31877,7,0.5
3335990,30,432,156660,0.05,0.001,73742,6,0.7
6720045,37,348,129973,0.05,0.001,84866,5,0.5
96139,33,396,26708,0.15,0.001,22949,6,0.7
177443,38,336,42164,0.05,0.001,41481,4,0.3
1142373,51,180,20000,0.15,0.004,16694,9,0.5
5288425,29,444,180208,0.05,0.001,82776,7,0.5
125979860,52,168,269882,0.05,0.001,102001,5,0.3
1463171,44,264,38211,0.3,0.004,29791,8,0.5
0,22,528,35220,0.3,0.004,36956,19,0.5
0,22,528,68561,0.15,0.001,38547,7,0.3
127690,28,456,42069,0.3,0.004,36304,17,0.3
6802987,33,396,182248,0.05,0.001,108780,5,0.7
1565907,29,444,76269,0.15,0.001,47554,9,0.7
478590,39,324,42802,0.15,0.004,39636,8,0.5
38892680,40,312,300000,0.05,0.001,198919,6,0.7
1752477,32,408,91220,0.15,0.001,59167,8,0.5
7424392,43,276,92733,0.3,0.004,66015,17,0.7
14175904,57,108,91896,0.05,0.001,68237,6,0.5
231379,49,204,45425,0.15,0.004,50628,8,0.5
5741,23,516,35317,0.05,0.001,31022,7,0.7
45498,27,468,24629,0.15,0.004,23635,8,0.7
38651753,49,204,237014,0.3,0.008,165605,15,0.5
2957350,47,228,49063,0.3,0.008,41939,16,0.5
8329364,54,144,124283,0.15,0.001,82563,8,0.3
42493416,42,288,144598,0.05,0.001,74644,7,0.5
9024314,50,192,92305,0.05,0.001,45066,4,0.7
44962799,42,288,109130,0.05,0.001,61245,6,0.3
12956379,47,228,107528,0.15,0.004,67268,8,0.5
1589919,26,480,114475,0.15,0.004,72014,7,0.7
1957204,33,396,102206,0.15,0.001,66291,8,0.5
83130319,51,180,158222,0.15,0.001,71761,6,0.5
389035,37,348,49592,0.15,0.001,45626,9,0.5
332253,33,396,20000,0.15,0.004,16899,9,0.5
106374,23,516,133290,0.15,0.001,75659,8,0.7
121099,28,456,20000,0.3,0.008,15681,17,0.3
1526028,41,300,72789,0.3,0.004,45673,22,0.5
13254000,58,96,62893,0.3,0.008,44816,18,0.3
1453174,48,216,37473,0.3,0.008,30371,17,0.5
8998077,49,204,57734,0.05,0.001,34365,7,0.5
15207471,42,288,133053,0.05,0.001,61302,5,0.5
4604149,39,324,100290,0.15,0.001,62257,7,0.5
512237,39,324,36642,0.3,0.004,27893,16,0.3
5120992,40,312,87405,0.15,0.001,60095,8,0.7
93588543,43,276,199360,0.05,0.001,87743,7,0.3
4562107,43,276,53988,0.3,0.004,39791,14,0.7
2021973,35,372,69480,0.15,0.001,40315,9,0.7
24142424,53,156,151397,0.15,0.004,75479,7,0.5
19308806,55,132,143760,0.15,0.004,91230,6,0.5
13054973,50,192,111357,0.05,0.001,64542,6,0.7
209984,29,444,22235,0.15,0.001,17066,9,0.7
0,22,528,25605,0.3,0.008,17587,21,0.7
2363627,47,228,74041,0.05,0.001,49273,6,0.5
626791,52,168,45316,0.15,0.004,43717,8,0.5
0,22,528,82644,0.05,0.001,59939,6,0.5
1243783,27,468,90377,0.15,0.001,67400,6,0.7
644911,27,468,103813,0.15,0.004,69041,8,0.7
1238478,32,408,31964,0.15,0.004,27593,9,0.7
8580200,45,252,86488,0.05,0.001,51800,5,0.7
3855546,27,468,162384,0.05,0.001,82329,4,0.7
419325,31,420,34931,0.15,0.004,27187,9,0.5
36478465,57,108,138708,0.15,0.004,96416,9,0.5
23084769,45,252,221664,0.15,0.004,94592,7,0.3
976229,50,192,38577,0.15,0.004,35987,7,0.3
63390,33,396,43783,0.3,0.008,41900,12,0.7
3768704,49,204,70750,0.3,0.008,45380,11,0.3
5897355,41,300,58621,0.15,0.001,35272,8,0.5
101578106,57,108,153458,0.15,0.004,82105,9,0.3
6672526,56,120,79443,0.05,0.001,59110,4,0.3
3394616,47,228,65769,0.15,0.001,43950,8,0.5
17237477,41,300,133261,0.05,0.001,55354,5,0.5
22448885,52,168,108715,0.15,0.001,69054,7,0.5
18208811,39,324,110268,0.15,0.004,58348,7,0.5
18244720,53,156,109966,0.05,0.001,77772,4,0.3
15181029,45,252,87798,0.15,0.004,57183,9,0.3
1799768,39,324,70625,0.3,0.004,46403,16,0.3
3948324,36,360,57995,0.05,0.001,36581,5,0.5
18285284,58,96,105872,0.15,0.004,63327,6,0.3
34239,25,492,49887,0.3,0.008,50268,17,0.7
8407187,35,372,209547,0.05,0.001,154499,5,0.7
4507748,39,324,91408,0.15,0.004,57626,8,0.5
4313869,45,252,74568,0.05,0.001,56432,6,0.7
27402255,43,276,104129,0.05,0.001,64000,4,0.3
97665120,58,96,300000,0.15,0.001,178503,7,0.5
33252930,47,228,160729,0.15,0.004,88003,7,0.7
7386803,44,264,116505,0.05,0.001,59391,6,0.5
2210390,25,492,177466,0.05,0.001,121100,5,0.7
7070278,46,240,108034,0.05,0.001,85245,6,0.3
5984144,40,312,105005,0.15,0.004,62276,9,0.5
61161,30,432,22063,0.3,0.008,18001,21,0.3
18987800,57,108,79478,0.15,0.001,50667,9,0.3
2043572,36,360,50922,0.05,0.001,36062,6,0.7
170730,24,504,84218,0.05,0.001,50015,5,0.5
7072307,29,444,300000,0.05,0.001,150067,4,0.7
13633,23,516,49489,0.15,0.004,43707,7,0.5
313714,34,384,20000,0.15,0.001,15731,8,0.3
8236178,51,180,67410,0.3,0.008,47903,8,0.3
2789430,57,108,44952,0.15,0.001,41157,8,0.3
165373,27,468,20000,0.3,0.008,15749,8,0.5
3962680,45,252,50288,0.3,0.008,26862,20,0.5
574016,25,492,106775,0.05,0.001,74706,7,0.7
13456728,56,120,78532,0.05,0.001,56174,4,0.5
151689535,53,156,300000,0.15,0.004,156273,9,0.3
166664295,52,168,218355,0.05,0.001,77813,4,0.3
9529170,50,192,162261,0.05,0.001,97823,6,0.7
9250408,51,180,52422,0.3,0.008,31483,20,0.5
1124105,26,480,155737,0.05,0.001,77933,7,0.7
698465,29,444,69812,0.15,0.001,46405,7,0.7
3321141,36,360,68366,0.05,0.001,37218,7,0.5
45997378,59,84,80763,0.15,0.001,51776,7,0.5
2076539,59,84,47247,0.3,0.004,40489,12,0.3
71963826,55,132,130427,0.15,0.004,74335,7,0.3
8289792,55,132,62090,0.15,0.004,47516,7,0.5
8497562,49,204,91541,0.3,0.004,52634,10,0.5
32356490,58,96,70390,0.15,0.001,37969,8,0.3
9804847,49,204,75882,0.15,0.001,59065,8,0.3
967067,35,372,35858,0.15,0.001,29762,8,0.5
20625173,46,240,141161,0.15,0.001,80831,8,0.3
0,22,528,20000,0.15,0.004,15750,7,0.7
10050000,47,228,67770,0.05,0.001,51980,6,0.3
11910748,43,276,165037,0.05,0.001,105774,4,0.7
937508,47,228,36077,0.15,0.004,32857,8,0.3
5337607,45,252,78899,0.05,0.001,49047,6,0.3
3066621,33,396,77622,0.05,0.001,59120,4,0.7
2556616,40,312,69073,0.15,0.001,47790,7,0.3
14421846,53,156,42959,0.15,0.004,35162,8,0.5
3873725,47,228,52191,0.05,0.001,40015,4,0.3
4779901,51,180,58754,0.3,0.008,33723,16,0.3
12316933,39,324,95327,0.15,0.001,51059,7,0.5
127778788,52,168,187134,0.05,0.001,118316,5,0.3
4573249,36,360,67665,0.05,0.001,48988,6,0.3
608912,47,228,37352,0.3,0.008,34326,9,0.3
1495599,47,228,37664,0.15,0.001,30188,8,0.7
12255708,48,216,57087,0.3,0.004,35734,16,0.7
10020103,32,408,88817,0.05,0.001,54044,7,0.7
186769015,53,156,300000,0.15,0.004,166926,6,0.5
13118787,53,156,98206,0.15,0.004,69072,9,0.3
559531,53,156,32492,0.05,0.001,31635,6,0.3
2493224,41,300,91327,0.15,0.001,61366,6,0.5
25670,30,432,20327,0.3,0.008,19287,11,0.5
406128,33,396,38134,0.3,0.004,32718,12,0.5
167093,29,444,34636,0.15,0.001,32553,6,0.5
27075,24,504,36961,0.05,0.001,25793,6,0.5
10330047,48,216,78329,0.15,0.004,51929,8,0.5
45201080,54,144,203745,0.15,0.004,135124,8,0.5
1588356,38,336,69275,0.15,0.004,57737,6,0.5
6564189,46,240,67997,0.3,0.004,38391,15,0.3
44733524,49,204,207614,0.15,0.004,94561,9,0.3
21888741,48,216,102776,0.15,0.004,61940,7,0.3
28435406,56,120,61274,0.3,0.008,35223,9,0.3
11105835,42,288,78928,0.15,0.001,45072,9,0.5
5253178,37,348,300000,0.05,0.001,196905,4,0.3
395242,41,300,27549,0.15,0.004,25123,7,0.7
22000952,51,180,90203,0.05,0.001,61957,5,0.3
4267434,47,228,63017,0.05,0.001,39545,7,0.3
10075367,51,180,119400,0.15,0.004,63491,8,0.3
7375094,49,204,62468,0.05,0.001,44814,6,0.5
2342030,42,288,52022,0.3,0.008,34774,23,0.5
2064625,36,360,55649,0.15,0.004,30811,8,0.5
3262306,59,84,43086,0.15,0.004,32210,6,0.3
2049134,36,360,72677,0.15,0.001,47618,8,0.7
13961051,37,348,300000,0.15,0.004,165977,9,0.5
12814,24,504,40900,0.15,0.001,36379,6,0.7
2088487,42,288,98895,0.05,0.001,78934,4,0.3
3240419,58,96,45660,0.05,0.001,46097,7,0.5
14210420,42,288,123781,0.15,0.001,61469,7,0.3
122001,24,504,53532,0.15,0.004,33158,6,0.5
123624,30,432,32544,0.15,0.004,32316,9,0.3
89712,24,504,51821,0.05,0.001,33213,5,0.3
2610802,39,324,57003,0.3,0.008,26379,20,0.5
0,22,528,34384,0.15,0.001,29414,8,0.5
1647467,51,180,39165,0.3,0.008,35825,15,0.5
13532523,58,96,66026,0.15,0.001,44113,7,0.3
803433,30,432,52109,0.3,0.004,28738,15,0.7
4713676,51,180,46710,0.15,0.004,35630,9,0.3
14457192,51,180,193647,0.05,0.001,124415,6,0.3
39966,23,516,33677,0.15,0.004,25666,7,0.5
6414806,48,216,81425,0.15,0.004,58858,9,0.5
2742713,28,456,127877,0.05,0.001,50637,4,0.7
594408,34,384,48684,0.15,0.004,41905,9,0.7
25510,33,396,31070,0.3,0.004,29214,21,0.3
5747465,32,408,72209,0.15,0.004,43049,7,0.7
1321320,27,468,116406,0.15,0.004,71479,7,0.7
138820692,52,168,280291,0.05,0.001,121901,5,0.5
9338592,57,108,60442,0.3,0.008,39861,13,0.3
6225558,47,228,60443,0.3,0.008,33875,19,0.3
0,22,528,62188,0.15,0.001,45569,9,0.5
271097,34,384,32300,0.15,0.004,26010,8,0.5
44559403,56,120,79432,0.05,0.001,38915,6,0.3
5210267,48,216,60738,0.3,0.008,35984,15,0.5
7846,23,516,30596,0.15,0.004,23391,9,0.3
4772933,53,156,63952,0.15,0.004,48441,9,0.3
5659,23,516,39967,0.15,0.001,28552,6,0.3
3247769,30,432,104384,0.05,0.001,66914,7,0.7
1687515,43,276,43778,0.05,0.001,31902,5,0.3
13934458,59,84,161656,0.15,0.004,91209,8,0.3
1697105,26,480,126559,0.15,0.004,71341,7,0.5
2133481,37,348,114103,0.05,0.001,93430,4,0.5
260181,26,480,88235,0.05,0.001,56887,7,0.7
158366550,53,156,300000,0.05,0.001,125387,4,0.3
39737253,51,180,159252,0.05,0.001,83522,4,0.3
195615914,57,108,300000,0.05,0.001,215305,5,0.3
10469168,49,204,95323,0.15,0.004,53978,9,0.5
623022,33,396,57857,0.15,0.001,47092,7,0.5
334874,38,336,26795,0.15,0.004,21407,7,0.3
23638768,50,192,104914,0.05,0.001,64558,7,0.3
19229876,42,288,150451,0.15,0.004,69110,6,0.5
14868414,56,120,66819,0.05,0.001,51692,7,0.3
15931152,57,108,53637,0.3,0.008,36158,17,0.3
2265937,50,192,51746,0.15,0.004,30343,7,0.5
20786187,52,168,112203,0.15,0.004,69984,9,0.3
28998970,39,324,300000,0.05,0.001,114295,6,0.3
4545299,53,156,52604,0.15,0.004,33618,9,0.3
144358,24,504,70440,0.05,0.001,52579,5,0.5
5532907,44,264,51515,0.15,0.004,28964,6,0.7
726851,37,348,42418,0.15,0.004,31566,8,0.5
30580673,52,168,124483,0.05,0.001,60047,6,0.3
8587299,58,96,123633,0.05,0.001,88376,6,0.5
5800062,45,252,61347,0.15,0.001,46921,7,0.5
26365,24,504,35633,0.15,0.004,24468,9,0.5
3808707,38,336,67748,0.15,0.001,46569,7,0.3
36082634,44,264,300000,0.15,0.004,118992,6,0.5
16645021,42,288,152832,0.05,0.001,70016,6,0.3
3355243,59,84,28024,0.15,0.001,21038,9,0.3
10188030,47,228,86307,0.3,0.004,62168,11,0.3
47520054,47,228,300000,0.15,0.001,115011,8,0.5
9097383,38,336,108754,0.05,0.001,65173,6,0.5
84919650,59,84,124619,0.15,0.004,75981,7,0.3
24830354,42,288,260093,0.05,0.001,100153,4,0.5
5255005,44,264,105487,0.3,0.008,60524,21,0.5
100274,24,504,68695,0.05,0.001,43696,4,0.3
322243,37,348,34917,0.3,0.008,29170,18,0.3
104895252,58,96,132697,0.05,0.001,78352,5,0.3
437027,41,300,46401,0.3,0.004,44163,17,0.3
106893807,52,168,300000,0.15,0.004,213313,9,0.3
11777429,51,180,58940,0.15,0.001,33621,6,0.3
136066,25,492,42365,0.3,0.008,36392,22,0.7
124528,23,516,96220,0.05,0.001,47820,5,0.5
3858103,53,156,49884,0.3,0.008,40579,14,0.5
1043315,35,372,54467,0.3,0.008,35770,17,0.7
4828785,50,192,68684,0.15,0.004,43444,6,0.5
7034,24,504,29693,0.15,0.001,34966,9,0.3
64554076,41,300,300000,0.15,0.001,180943,6,0.3
353155,34,384,61808,0.15,0.004,40892,9,0.3
2202206,56,120,44703,0.3,0.004,47340,13,0.5
9562342,56,120,83117,0.3,0.004,46666,19,0.5
63513604,56,120,300000,0.15,0.004,229472,7,0.5
10513650,45,252,95410,0.3,0.008,68226,12,0.3
298795,27,468,37956,0.05,0.001,27982,5,0.5
34309378,46,240,300000,0.05,0.001,149668,5,0.3
445896,30,432,37873,0.05,0.001,27487,6,0.5
7051577,46,240,52152,0.3,0.008,33642,14,0.7
76851296,52,168,202972,0.05,0.001,106918,4,0.3
170230,24,504,78563,0.15,0.004,46814,7,0.5
4986922,39,324,50347,0.15,0.004,30052,9,0.5
2909089,34,384,105747,0.15,0.004,67614,7,0.7
4914253,42,288,75304,0.05,0.001,58223,5,0.7
3185445,53,156,81488,0.15,0.004,64715,6,0.3
8386076,57,108,64483,0.05,0.001,37687,5,0.3
5451176,46,240,57298,0.05,0.001,38421,6,0.7
1415035,39,324,31392,0.15,0.001,23449,7,0.7
17693072,42,288,132951,0.15,0.004,82081,8,0.5
966199,28,456,61944,0.15,0.001,37190,9,0.7
18394973,38,336,146950,0.15,0.004,62760,9,0.5
123631739,53,156,221502,0.05,0.001,111949,7,0.3
260922,27,468,46750,0.15,0.001,33311,6,0.7
917078,42,288,45367,0.15,0.004,36116,7,0.3
12779877,40,312,172629,0.15,0.001,115724,7,0.5
27770508,47,228,300000,0.05,0.001,175672,5,0.7
1889835,40,312,80572,0.05,0.001,62440,7,0.5
3257578,34,384,72826,0.05,0.001,57133,6,0.7
3935872,52,168,72694,0.3,0.004,55019,13,0.3
24678568,50,192,161492,0.15,0.004,75031,9,0.5
4459788,59,84,55959,0.3,0.004,34337,13,0.5
272445,26,480,28046,0.3,0.004,20289,15,0.3
127998,29,444,26169,0.3,0.008,21129,11,0.3
6540050,49,204,113906,0.15,0.004,89914,8,0.3
38248405,54,144,172130,0.15,0.001,82715,7,0.3
6145122,46,240,63508,0.15,0.004,34428,6,0.3
6659091,45,252,76427,0.15,0.001,57943,6,0.3
5236043,38,336,119026,0.05,0.001,73142,5,0.5
79639249,57,108,178085,0.05,0.001,96003,6,0.5
136561,31,420,48910,0.3,0.008,45343,11,0.3
1931722,43,276,57332,0.15,0.001,41008,7,0.3
39397495,48,216,300000,0.05,0.001,173170,7,0.3
0,22,528,65306,0.15,0.001,46755,8,0.7
5665044,53,156,68246,0.15,0.004,39121,6,0.3
1183918,44,264,28927,0.3,0.004,24727,16,0.3
543435,27,468,78278,0.15,0.004,48226,8,0.7
0,22,528,40455,0.15,0.001,32339,6,0.5
56932,35,372,22804,0.15,0.004,22541,9,0.5
101058,24,504,52748,0.05,0.001,38676,5,0.5
26201655,56,120,114390,0.15,0.004,71632,6,0.3
281782,33,396,28173,0.3,0.008,21743,15,0.7
1199411,35,372,102144,0.05,0.001,65756,7,0.7
5281220,40,312,78560,0.15,0.004,50527,7,0.7
86842292,57,108,163748,0.15,0.001,81385,9,0.3
455369,44,264,32073,0.3,0.004,24398,21,0.5
1609721,29,444,60809,0.15,0.004,37303,6,0.7
108174,33,396,36225,0.3,0.004,33404,15,0.7
15679964,57,108,86019,0.05,0.001,71478,4,0.3
6269238,53,156,61465,0.3,0.004,48056,21,0.3
30522208,48,216,137803,0.05,0.001,75402,4,0.3
5631492,59,84,50657,0.3,0.004,36437,12,0.3
1068345,28,456,104952,0.15,0.004,57777,6,0.7
4447661,39,324,70981,0.15,0.004,48507,7,0.7
96627368,55,132,266007,0.05,0.001,151050,5,0.3
2253898,36,360,68913,0.05,0.001,44965,7,0.5
5925483,50,192,97354,0.05,0.001,62687,4,0.5
652532,26,480,72992,0.15,0.004,44675,8,0.7
22335313,40,312,176995,0.05,0.001,88028,6,0.7
36712767,47,228,146101,0.15,0.001,87014,9,0.3
49561,23,516,68241,0.05,0.001,43023,6,0.3
5850832,39,324,74684,0.05,0.001,48471,5,0.3
5939992,41,300,100224,0.15,0.004,74076,9,0.5
7891726,48,216,79367,0.15,0.001,68196,9,0.3
88069521,57,108,300000,0.3,0.004,94804,14,0.3
290653,29,444,55955,0.15,0.001,39146,9,0.5
15391297,45,252,83249,0.15,0.001,51048,7,0.7
218451,28,456,39714,0.15,0.001,30609,7,0.5
91925408,54,144,185989,0.05,0.001,96411,6,0.3
520275,25,492,69927,0.05,0.001,52702,4,0.7
7970581,42,288,105471,0.05,0.001,69677,7,0.3
14571509,41,300,103174,0.15,0.004,65880,6,0.3
681953,28,456,49716,0.05,0.001,39884,4,0.7
957631,30,432,35854,0.05,0.001,31468,7,0.7
48288633,52,168,300000,0.15,0.001,149140,7,0.3
205827,26,480,62339,0.05,0.001,44136,4,0.3
363330,45,252,47743,0.15,0.004,47158,6,0.3
10535886,43,276,90013,0.05,0.001,45194,6,0.3
10357792,56,120,66283,0.05,0.001,39950,6,0.3
24992455,49,204,67014,0.15,0.004,39910,9,0.3
403024,47,228,49632,0.15,0.001,46582,9,0.3
1449605,27,468,60517,0.05,0.001,37135,4,0.5
10502093,54,144,122057,0.15,0.004,77252,7,0.3
7768,24,504,41806,0.05,0.001,39019,7,0.5
794854,39,324,74702,0.05,0.001,66644,5,0.5
9622613,56,120,70598,0.15,0.001,58625,7,0.5
89640,24,504,73365,0.3,0.004,44889,20,0.5
971520,26,480,63919,0.15,0.001,38500,9,0.7
34357681,48,216,140444,0.05,0.001,70697,5,0.5
324300,35,372,39207,0.15,0.001,35093,9,0.7
6334131,26,480,300000,0.05,0.001,158944,6,0.7
1698518,33,396,65627,0.15,0.001,48427,9,0.7
467729,52,168,29985,0.3,0.008,28096,15,0.3
125352890,56,120,160300,0.15,0.004,79723,7,0.3
256917,44,264,32894,0.3,0.008,31942,13,0.5
19338,24,504,49733,0.15,0.004,41528,6,0.7
758564,26,480,84377,0.05,0.001,50178,4,0.7
10303,24,504,48574,0.05,0.001,52479,5,0.3
1020289,28,456,110187,0.05,0.001,59840,5,0.5
1683632,33,396,51969,0.15,0.004,39361,7,0.7
2252511,50,192,36101,0.15,0.001,29161,9,0.5
1149750,24,504,300000,0.05,0.001,148984,5,0.7
79397664,46,240,119527,0.05,0.001,60711,4,0.3
3438846,40,312,112975,0.15,0.004,82799,8,0.5
146091,27,468,22590,0.15,0.001,22763,8,0.7
1806695,50,192,41649,0.15,0.001,34447,9,0.3
31142864,41,300,300000,0.15,0.001,188160,6,0.7
12992093,57,108,78814,0.05,0.001,55631,6,0.5
664564,37,348,55385,0.15,0.004,40735,8,0.5
83712276,48,216,300000,0.05,0.001,166659,5,0.7
613926,41,300,49235,0.15,0.004,50440,6,0.7
46218,28,456,28332,0.3,0.004,26856,14,0.7
24843392,47,228,186808,0.05,0.001,118169,4,0.7
0,22,528,45557,0.05,0.001,49810,7,0.5
8980513,41,300,100632,0.05,0.001,70708,5,0.5
4779222,44,264,64919,0.05,0.001,38718,4,0.5
2058128,36,360,51114,0.15,0.004,36326,6,0.5
13407953,35,372,95821,0.05,0.001,57479,5,0.5
658430,27,468,54659,0.15,0.004,33360,9,0.5
3223413,26,480,300000,0.05,0.001,186703,6,0.7
3801143,53,156,44811,0.3,0.004,33105,13,0.3
4869944,51,180,63767,0.15,0.001,38564,8,0.5
4910600,42,288,61989,0.15,0.004,34136,6,0.5
3278058,42,288,78133,0.05,0.001,59828,5,0.5
0,22,528,300000,0.05,0.001,180850,5,0.5
15866723,56,120,84175,0.3,0.008,47733,15,0.3
5148102,56,120,56334,0.15,0.004,36311,9,0.3
1834476,35,372,40013,0.3,0.008,30234,23,0.3
190205678,55,132,300000,0.05,0.001,181588,6,0.5
112270,28,456,45345,0.15,0.004,36380,9,0.5
83831829,56,120,143249,0.05,0.001,62664,5,0.5
104355,31,420,39301,0.3,0.008,41293,16,0.7
20408565,46,240,175868,0.05,0.001,92226,5,0.3
1911507,38,336,24409,0.15,0.001,21030,9,0.3
13895334,51,180,52698,0.15,0.001,35183,7,0.3
491319,37,348,41697,0.15,0.004,35404,9,0.5
11296,24,504,48653,0.15,0.001,43939,6,0.5
4217002,47,228,99425,0.15,0.004,51959,9,0.3
9652504,45,252,131426,0.15,0.004,74120,7,0.5
4551863,52,168,66717,0.15,0.001,44970,8,0.5
36564,26,480,34045,0.15,0.004,31731,7,0.3
3161194,39,324,84420,0.05,0.001,54183,7,0.5
74451649,53,156,137144,0.15,0.004,84990,8,0.3
7609904,34,384,76591,0.15,0.004,43297,6,0.7
2682446,49,204,47970,0.15,0.004,34834,8,0.5
120726,25,492,38297,0.15,0.001,32459,7,0.5
19089130,38,336,125315,0.05,0.001,71307,7,0.3
12557180,50,192,58845,0.3,0.004,30673,23,0.5
459926,27,468,56184,0.15,0.004,34026,8,0.5
8583197,40,312,112742,0.05,0.001,81700,4,0.3
10536,23,516,42112,0.3,0.004,34589,11,0.3
41264430,55,132,111421,0.15,0.004,75782,6,0.3
18672907,50,192,94248,0.15,0.004,56015,6,0.7
129600332,54,144,300000,0.05,0.001,184250,7,0.3
545459,30,432,42776,0.05,0.001,32405,7,0.7
2238795,33,396,69426,0.15,0.001,38367,8,0.7
2441594,43,276,54632,0.15,0.001,34674,9,0.7
84096,36,360,36627,0.05,0.001,37699,7,0.5
1125704,41,300,45615,0.15,0.004,34747,9,0.5
14063480,42,288,64868,0.05,0.001,38800,4,0.5
133621104,56,120,236497,0.05,0.001,97406,5,0.3
9099600,45,252,71687,0.3,0.008,50252,14,0.5
3717101,58,96,107790,0.15,0.001,92805,8,0.5
14264826,49,204,71826,0.3,0.004,52793,20,0.5
17209220,44,264,87490,0.15,0.004,72910,9,0.5
2479756,35,372,44191,0.05,0.001,30287,4,0.3
489901,23,516,300000,0.15,0.004,129369,9,0.7
13471439,38,336,103252,0.15,0.001,70134,9,0.5
25773296,41,300,123273,0.05,0.001,59358,7,0.3
2983752,47,228,60608,0.3,0.008,44459,8,0.7
3876396,42,288,73144,0.15,0.001,45000,9,0.3
0,22,528,23665,0.15,0.004,18210,6,0.3
11372864,55,132,73101,0.15,0.004,50518,9,0.3
13579,24,504,22727,0.3,0.004,14920,22,0.5
899862,25,492,61373,0.05,0.001,29127,7,0.7
285597,35,372,36634,0.15,0.004,33105,6,0.5
4889465,40,312,64823,0.05,0.001,34988,6,0.5
7670284,37,348,114529,0.05,0.001,72376,6,0.5
46212,25,492,22421,0.15,0.001,19003,7,0.3
2002111,37,348,55514,0.15,0.004,29722,7,0.5
29994424,49,204,123232,0.05,0.001,58981,6,0.5
17698207,49,204,300000,0.15,0.004,182069,9,0.7
24505600,56,120,72177,0.3,0.008,42463,22,0.3
155602,33,396,46802,0.3,0.008,46000,21,0.5
452731,26,480,62235,0.15,0.004,48861,8,0.5
96786,30,432,22976,0.15,0.004,19704,9,0.7
4239914,38,336,76507,0.15,0.001,39393,7,0.5
187301,30,432,43991,0.15,0.004,39631,9,0.7
173002,25,492,55449,0.15,0.004,39693,6,0.5
128426283,54,144,220095,0.15,0.004,109016,6,0.5
1191167,27,468,55644,0.15,0.004,27857,6,0.7
65576,23,516,133755,0.05,0.001,90455,5,0.7
6471560,57,108,36711,0.3,0.008,31985,19,0.3
563095,41,300,45496,0.15,0.004,39611,7,0.5
10236055,46,240,92088,0.15,0.001,71741,9,0.5
173796300,59,84,144510,0.05,0.001,69585,7,0.5
523299,35,372,35613,0.3,0.008,25672,19,0.5
4426754,51,180,70020,0.05,0.001,55963,6,0.3
715841,30,432,88966,0.15,0.004,54228,8,0.7
19934537,53,156,68684,0.05,0.001,38813,5,0.5
3044515,32,408,79969,0.15,0.004,51397,7,0.7
145214,24,504,104199,0.05,0.001,51777,4,0.7
49412,23,516,60226,0.05,0.001,39673,6,0.5
208654,32,408,44012,0.15,0.001,47373,6,0.5
8425732,55,132,53746,0.3,0.008,36374,15,0.5
10961963,36,360,300000,0.3,0.008,149388,9,0.5
62020231,54,144,300000,0.05,0.001,128593,7,0.3
1258342,42,288,75876,0.3,0.008,61772,17,0.7
151280233,52,168,175680,0.05,0.001,83216,6,0.3
102315511,41,300,300000,0.05,0.001,141802,7,0.7
1420612,34,384,79409,0.15,0.004,59858,7,0.7
7182543,44,264,119490,0.15,0.001,90829,9,0.5
3738810,51,180,66762,0.15,0.004,43117,8,0.3
13981339,50,192,112466,0.05,0.001,72005,4,0.5
6581684,33,396,300000,0.3,0.008,199067,14,0.7
6369494,38,336,81400,0.05,0.001,53630,6,0.5
2569949,32,408,88645,0.05,0.001,53439,7,0.7
852884,32,408,37434,0.15,0.004,28171,7,0.7
68061856,58,96,108190,0.15,0.001,58800,6,0.3
178754,33,396,29480,0.15,0.004,27609,9,0.5
986678,29,444,61738,0.3,0.008,35478,19,0.7
23363713,41,300,191822,0.05,0.001,125986,7,0.5
8590902,47,228,59026,0.05,0.001,36224,4,0.7
148190898,57,108,278460,0.05,0.001,151957,7,0.5
46296421,59,84,300000,0.05,0.001,129102,4,0.5
6609,23,516,34053,0.15,0.004,28057,9,0.3
504367,42,288,29438,0.3,0.004,26725,8,0.3
2523686,32,408,57137,0.15,0.004,33265,9,0.7
110137,26,480,39841,0.15,0.001,29601,7,0.5
1959083,41,300,111772,0.05,0.001,95696,5,0.5
3868342,38,336,64479,0.15,0.004,31293,6,0.5
1048563,28,456,85603,0.05,0.001,56355,6,0.7
45197990,59,84,154757,0.05,0.001,79003,4,0.3
1238,23,516,25037,0.15,0.004,23359,7,0.3
34634403,48,216,300000,0.15,0.001,116032,7,0.5
7021522,57,108,46085,0.15,0.001,38495,7,0.3
10211313,44,264,93800,0.15,0.004,68414,9,0.7
5823,23,516,38808,0.15,0.004,35592,6,0.5
3764660,36,360,77025,0.05,0.001,47656,7,0.5
16559506,42,288,163510,0.15,0.001,98303,6,0.5
46023,24,504,50416,0.3,0.008,30444,8,0.5
1421692,35,372,81941,0.15,0.004,66546,6,0.7
89356,26,480,25673,0.15,0.004,18857,6,0.7
130100838,37,348,232104,0.05,0.001,122480,4,0.7
0,22,528,24201,0.3,0.004,22219,8,0.5
227639030,59,84,300000,0.05,0.001,154323,4,0.3
981593,56,120,49625,0.15,0.004,45488,8,0.5
11272219,43,276,124760,0.05,0.001,86467,5,0.7
2688358,31,420,72298,0.05,0.001,41822,7,0.7
691414,28,456,53150,0.15,0.001,33134,8,0.7
1082274,27,468,77061,0.05,0.001,51192,5,0.7
1541924,35,372,76425,0.15,0.004,36325,8,0.5
5531850,51,180,83788,0.05,0.001,61382,6,0.3
89923456,44,264,300000,0.05,0.001,148172,7,0.7
697691,28,456,94936,0.05,0.001,66000,7,0.7
155695,27,468,22633,0.15,0.001,17772,8,0.3
7077254,30,432,120932,0.05,0.001,56016,4,0.7
7226412,43,276,113969,0.15,0.001,65495,6,0.5
1572816,30,432,51459,0.05,0.001,31238,4,0.5
534944,30,432,52159,0.3,0.004,33817,12,0.5
4015843,51,180,94737,0.15,0.001,59176,7,0.3
866414,30,432,123698,0.05,0.001,74157,7,0.5
2236030,54,144,49466,0.15,0.004,45684,6,0.3
252420,23,516,300000,0.05,0.001,153573,5,0.5
4631759,47,228,54558,0.3,0.008,27929,12,0.5
174699,36,360,31744,0.15,0.004,29107,7,0.5
6884742,37,348,114055,0.05,0.001,58760,7,0.3
11622766,45,252,161868,0.15,0.004,59909,9,0.5
179475,24,504,57031,0.15,0.001,32765,9,0.5
4837695,41,300,84291,0.3,0.008,54286,23,0.3
20586216,57,108,57235,0.15,0.004,38444,8,0.3
27921710,59,84,133335,0.15,0.004,80627,8,0.3
88265662,56,120,100413,0.05,0.001,57747,4,0.3
82396,23,516,55434,0.15,0.001,32625,7,0.7
2383612,36,360,57316,0.15,0.001,38984,9,0.3
1700522,26,480,225484,0.05,0.001,106128,5,0.7
232661,32,408,34420,0.3,0.004,25268,12,0.3
14611284,34,384,137083,0.05,0.001,81209,7,0.5
2090731,26,480,300000,0.15,0.001,123684,8,0.7
4246369,50,192,39790,0.15,0.004,30938,8,0.7
94135,27,468,20000,0.3,0.004,14935,14,0.7
1716801,34,384,82026,0.05,0.001,52876,5,0.5
478746,25,492,76098,0.15,0.004,49985,9,0.5
82958,31,420,43106,0.3,0.004,38986,17,0.7
59876151,56,120,98957,0.05,0.001,57390,5,0.3
1182690,35,372,60297,0.05,0.001,39612,5,0.3
5693434,57,108,105328,0.3,0.008,64904,21,0.5
10838112,59,84,70070,0.15,0.004,49057,6,0.3
693809,51,180,46475,0.15,0.004,44435,7,0.5
18029238,58,96,194432,0.15,0.004,107686,7,0.3
3247141,46,240,61213,0.3,0.008,49766,19,0.5
22058500,49,204,155751,0.15,0.001,101656,8,0.5
2493443,27,468,108600,0.05,0.001,67007,5,0.5
648317,32,408,20094,0.15,0.004,14497,7,0.7
11626507,47,228,100703,0.05,0.001,82464,5,0.5
83797020,55,132,160834,0.05,0.001,100497,5,0.3
326065,56,120,42573,0.15,0.001,46451,9,0.5
1061666,41,300,56949,0.15,0.001,46737,8,0.3
854938,41,300,20000,0.3,0.008,16309,21,0.3
17791844,47,228,116155,0.15,0.001,89205,6,0.5
38736525,44,264,300000,0.15,0.004,147326,6,0.7
15387181,52,168,157088,0.15,0.001,84935,9,0.5
9205087,33,396,93549,0.15,0.004,56618,8,0.7
13091564,30,432,300000,0.05,0.001,138257,7,0.7
209183,39,324,44186,0.15,0.001,40081,9,0.5
5563207,50,192,70037,0.05,0.001,40087,5,0.5
7477828,51,180,61544,0.15,0.004,39172,7,0.3
33196125,54,144,88108,0.15,0.004,56674,8,0.3
835303,40,312,53264,0.05,0.001,45178,5,0.5
17816367,40,312,300000,0.15,0.004,130083,6,0.3
46644872,35,372,300000,0.05,0.001,132751,4,0.5
72477385,51,180,238475,0.05,0.001,153390,4,0.5
1363357,37,348,76511,0.15,0.004,59759,7,0.7
2671602,27,468,300000,0.05,0.001,163251,6,0.7
5669063,47,228,42951,0.3,0.008,26036,9,0.5
97209834,52,168,140449,0.05,0.001,60737,4,0.3
14651300,51,180,83852,0.15,0.004,52659,9,0.3
9006356,46,240,97895,0.15,0.001,52984,6,0.7
1513014,39,324,40585,0.3,0.008,34432,21,0.5
8417826,51,180,102319,0.3,0.004,69236,15,0.3
175939,33,396,25311,0.3,0.004,21318,23,0.3
515710,51,180,39485,0.3,0.004,35487,9,0.5
149567,24,504,91114,0.05,0.001,68520,5,0.5
48974,24,504,60661,0.05,0.001,45270,7,0.5
18048762,59,84,78108,0.15,0.001,35819,9,0.3
138775,29,444,49952,0.3,0.004,49673,10,0.7
145492,27,468,47307,0.05,0.001,41475,4,0.5
8613629,46,240,103732,0.15,0.004,74916,7,0.7
1556683,38,336,49383,0.15,0.001,39677,8,0.5
8505649,32,408,300000,0.05,0.001,192252,6,0.7
1133084,36,360,36290,0.3,0.004,32209,16,0.7
83654220,53,156,300000,0.3,0.004,181970,10,0.5
351368,35,372,44750,0.3,0.004,44991,21,0.3
1140386,26,480,67745,0.15,0.004,36291,6,0.7
27904242,57,108,58694,0.15,0.001,33228,7,0.3
2517225,43,276,75651,0.05,0.001,63425,6,0.3
752342,36,360,48155,0.15,0.004,44396,7,0.3
698925,37,348,105153,0.05,0.001,101843,4,0.3
186264,37,348,37836,0.3,0.008,37946,17,0.7
9087001,54,144,51188,0.15,0.001,31886,7,0.5
42413356,58,96,77302,0.05,0.001,46881,7,0.5
1075492,40,312,39502,0.15,0.004,32802,8,0.5
433385,34,384,36063,0.15,0.004,30353,6,0.7
24478,23,516,39565,0.05,0.001,35124,5,0.5
20030277,31,420,300000,0.15,0.001,120736,7,0.5
4654788,31,420,127778,0.05,0.001,61865,7,0.7
9872388,57,108,128719,0.15,0.004,71476,7,0.5
29537,25,492,24493,0.15,0.004,21249,7,0.5
735532,38,336,36340,0.05,0.001,31264,7,0.5
37046933,57,108,93435,0.05,0.001,63157,6,0.3
31144503,39,324,300000,0.3,0.004,187080,9,0.5
106203,27,468,47257,0.05,0.001,42890,4,0.5
75712,23,516,101205,0.05,0.001,78156,7,0.3
4138635,44,264,65796,0.05,0.001,41547,6,0.3
134105,26,480,34684,0.3,0.004,30108,10,0.5
2452385,44,264,126038,0.05,0.001,100308,7,0.7
1966045,40,312,56657,0.15,0.001,41911,8,0.5
8482908,52,168,77751,0.3,0.008,56205,8,0.3
4168980,53,156,46385,0.15,0.004,32856,7,0.5
4760601,30,432,125269,0.05,0.001,49563,5,0.7
1292979,36,360,50871,0.15,0.004,32292,9,0.7
326789,25,492,61219,0.05,0.001,37332,4,0.5
1687793,41,300,42139,0.3,0.004,33948,10,0.7
4832452,38,336,94717,0.05,0.001,66758,6,0.5
176570396,52,168,154328,0.05,0.001,62990,6,0.3
26869828,45,252,155477,0.05,0.001,67489,5,0.5
8076507,54,144,108840,0.15,0.001,70673,7,0.3
3016646,37,348,82373,0.05,0.001,59993,4,0.5
1334247,31,420,111532,0.05,0.001,86585,6,0.5
7429032,48,216,66316,0.05,0.001,41923,5,0.3
639910,35,372,40170,0.3,0.004,34612,8,0.5
5585052,33,396,123197,0.05,0.001,62606,6,0.7
6969715,51,180,60277,0.3,0.008,37890,14,0.3
93623357,59,84,300000,0.3,0.004,149772,19,0.5
1638776,36,360,88391,0.15,0.004,65313,9,0.5
85845,31,420,41307,0.3,0.008,43023,13,0.3
14306700,58,96,109895,0.15,0.004,66229,6,0.3
121275954,49,204,239268,0.05,0.001,123173,4,0.5
11396062,45,252,111859,0.05,0.001,66417,5,0.3
80599,27,468,60064,0.15,0.001,53217,9,0.3
5426585,47,228,95175,0.15,0.004,55463,6,0.5
1493132,53,156,28246,0.3,0.008,18571,10,0.5
5052948,36,360,67571,0.15,0.004,37835,8,0.3
1377292,40,312,66379,0.15,0.004,47984,8,0.7
6015373,37,348,82357,0.05,0.001,48722,7,0.5
647959,27,468,51554,0.15,0.004,30188,9,0.5
8052890,36,360,152266,0.05,0.001,66128,4,0.5
4471193,38,336,98128,0.05,0.001,65878,7,0.3
86512,38,336,23384,0.15,0.004,22168,9,0.7
2951895,45,252,60291,0.3,0.004,40870,21,0.5
13220244,57,108,62720,0.15,0.004,37024,9,0.3
2569414,33,396,88387,0.05,0.001,67584,4,0.5
122035135,58,96,232854,0.15,0.001,105348,7,0.5
1518930,29,444,109488,0.05,0.001,81029,7,0.7
19834254,40,312,85848,0.05,0.001,59300,6,0.3
287301,33,396,29375,0.3,0.008,22236,14,0.3
2997388,29,444,62508,0.15,0.001,39423,6,0.5
1410540,54,144,33014,0.15,0.004,28337,7,0.3
3265741,35,372,55618,0.3,0.004,27024,21,0.5
5304294,53,156,54151,0.15,0.004,39653,8,0.5
1443142,47,228,49935,0.15,0.001,45932,9,0.5
6838,24,504,38569,0.3,0.008,37913,16,0.5
9555796,40,312,131019,0.15,0.001,62399,9,0.3
127496,24,504,91313,0.15,0.001,61176,6,0.5
156504192,54,144,206731,0.05,0.001,90039,7,0.5
9563881,51,180,54462,0.15,0.004,28310,6,0.3
65619,25,492,46895,0.3,0.008,43308,17,0.7
17181801,52,168,124760,0.15,0.001,77978,8,0.3
7552168,48,216,74512,0.15,0.001,53196,8,0.7
3075361,51,180,67878,0.15,0.004,45863,6,0.3
28345366,44,264,300000,0.3,0.008,193540,16,0.5
447917,27,468,39499,0.05,0.001,29936,5,0.5
3781393,40,312,57322,0.3,0.008,35293,17,0.5
2191433,52,168,48674,0.15,0.001,39285,9,0.3
1600596,29,444,86267,0.15,0.001,60841,9,0.7
13685561,35,372,300000,0.15,0.004,124381,7,0.3
4213408,36,360,54957,0.15,0.004,33526,8,0.5
185405,33,396,32434,0.05,0.001,26244,6,0.5
42221931,44,264,300000,0.05,0.001,127456,5,0.7
2890913,35,372,139033,0.15,0.004,81492,8,0.5
5102413,47,228,66810,0.05,0.001,44690,7,0.7
131862,35,372,45868,0.3,0.008,44538,14,0.5
7671322,31,420,231070,0.05,0.001,152270,6,0.7
2274005,41,300,48010,0.15,0.004,34339,7,0.3
12589663,49,204,102618,0.15,0.004,74162,9,0.5
49042039,46,240,201640,0.15,0.004,114774,9,0.3
2862567,44,264,45249,0.15,0.004,35248,7,0.3
7341500,47,228,67373,0.3,0.004,47840,17,0.3
2559735,48,216,68604,0.15,0.001,56855,7,0.5
7293583,54,144,82706,0.15,0.004,51626,8,0.5
26427275,54,144,107608,0.15,0.004,59421,7,0.3
4687487,33,396,112104,0.15,0.001,73062,9,0.5
12776,25,492,39052,0.3,0.008,36053,11,0.5
457246,28,456,53039,0.15,0.001,35935,6,0.5
661984,26,480,74643,0.05,0.001,53747,5,0.7
553398,25,492,73569,0.05,0.001,42693,4,0.7
3248673,42,288,46817,0.15,0.001,32561,7,0.3
37222891,42,288,213721,0.15,0.004,131202,8,0.5
295919,45,252,40989,0.15,0.004,38163,8,0.3
2789067,27,468,185150,0.05,0.001,94418,5,0.7
5272280,47,228,39254,0.15,0.004,29841,9,0.7
66496762,59,84,76747,0.15,0.001,43746,8,0.5
43014663,56,120,108036,0.15,0.001,61310,6,0.3
350489,27,468,52727,0.15,0.004,30920,8,0.5
853397,31,420,68748,0.05,0.001,53214,7,0.7
3912780,31,420,94678,0.05,0.001,51016,7,0.5
23927707,55,132,96282,0.15,0.001,57159,9,0.5
122575888,52,168,122500,0.15,0.004,71292,8,0.3
1473953,48,216,25281,0.15,0.001,16086,6,0.3
835629,29,444,70895,0.15,0.001,48095,9,0.7
353346,42,288,45057,0.3,0.004,39793,22,0.3
6465716,59,84,73695,0.3,0.004,49550,10,0.5
4337420,36,360,98373,0.05,0.001,72648,6,0.7
8455649,46,240,68680,0.3,0.004,44149,12,0.3
108238758,58,96,83616,0.05,0.001,52031,4,0.5
9528907,47,228,67040,0.05,0.001,45826,5,0.5
1880304,51,180,39456,0.15,0.001,29658,6,0.5
1793504,29,444,77556,0.05,0.001,43135,7,0.5
148067,27,468,34066,0.15,0.001,29257,7,0.3
59735723,54,144,300000,0.3,0.004,130837,20,0.3
7806921,32,408,214784,0.05,0.001,133040,6,0.7
9399816,49,204,89796,0.05,0.001,69143,4,0.3
17116835,55,132,89444,0.05,0.001,55340,4,0.3
14407629,49,204,126895,0.05,0.001,52815,6,0.7
1356319,32,408,48966,0.05,0.001,35149,5,0.5
5231708,27,468,300000,0.05,0.001,158027,4,0.5
40613,25,492,42362,0.3,0.004,38643,14,0.3
13243363,36,360,300000,0.15,0.004,187488,6,0.7
835730,48,216,58247,0.15,0.001,46339,9,0.3
3841743,34,384,131664,0.05,0.001,85021,5,0.7
0,22,528,31019,0.05,0.001,26274,6,0.5
3170725,48,216,34561,0.15,0.004,25391,6,0.5
14134004,56,120,110826,0.15,0.004,79506,7,0.3
44097113,55,132,128913,0.15,0.001,50027,7,0.3
149586102,54,144,125639,0.3,0.008,62713,19,0.3
45591036,36,360,251581,0.05,0.001,116141,4,0.5
4161573,51,180,49139,0.15,0.001,40838,9,0.5
4910409,53,156,72628,0.15,0.004,62048,9,0.3
38247190,49,204,123915,0.05,0.001,76504,4,0.3
48643810,49,204,129930,0.15,0.001,43848,9,0.5
305937,33,396,48168,0.05,0.001,43723,5,0.5
5287,23,516,43806,0.15,0.001,38477,7,0.5
871184,39,324,27995,0.3,0.004,22868,9,0.7
91748596,42,288,208881,0.05,0.001,128961,7,0.5
14704565,54,144,113442,0.05,0.001,67361,5,0.3
1486044,36,360,52152,0.15,0.004,37047,9,0.5
134694853,52,168,300000,0.05,0.001,126310,4,0.3
2635421,51,180,48212,0.15,0.004,38288,8,0.5
1927703,32,408,105884,0.3,0.008,66434,18,0.5
62078,31,420,27237,0.3,0.008,25482,13,0.3
2436138,40,312,102521,0.05,0.001,74269,6,0.3
26178851,52,168,85288,0.05,0.001,59964,4,0.3
36995708,44,264,300000,0.15,0.004,171839,9,0.5
732297,33,396,70724,0.15,0.004,59632,8,0.7
6449568,47,228,112073,0.05,0.001,69939,4,0.7
120184239,49,204,300000,0.05,0.001,125256,6,0.3
1484368,29,444,117006,0.05,0.001,66280,5,0.7
3994,23,516,33930,0.15,0.004,32310,6,0.3
26982032,58,96,100996,0.05,0.001,76979,5,0.3
2751804,44,264,57752,0.3,0.008,39727,17,0.3
14364248,49,204,96903,0.05,0.001,74695,5,0.5
2910883,30,432,59970,0.15,0.004,32116,9,0.7
2961209,39,324,92114,0.05,0.001,60745,5,0.3
1698217,35,372,90271,0.05,0.001,63818,5,0.5
9241,24,504,26090,0.3,0.008,22613,21,0.5
29117491,39,324,264836,0.05,0.001,109883,6,0.5
935015,27,468,50648,0.15,0.001,28946,6,0.7
384066,32,408,49173,0.3,0.004,39514,11,0.3
15415320,55,132,103072,0.15,0.001,77409,6,0.5
2696414,38,336,67230,0.15,0.001,38755,9,0.5
90824372,46,240,253291,0.15,0.001,129788,6,0.5
1440516,25,492,253993,0.05,0.001,148143,7,0.7
908271,44,264,40030,0.15,0.004,33598,6,0.3
204951,32,408,32086,0.15,0.004,28806,9,0.3
252140,33,396,42762,0.15,0.004,34845,6,0.7
694,23,516,26447,0.15,0.001,26265,9,0.5
2322419,30,432,72548,0.05,0.001,38968,6,0.7
3683098,37,348,117906,0.05,0.001,83824,6,0.3
9473393,39,324,155672,0.05,0.001,96752,6,0.7
5282868,32,408,99872,0.15,0.001,47788,6,0.7
0,22,528,71190,0.05,0.001,52639,4,0.3
226457,24,504,78873,0.05,0.001,62357,4,0.5
0,22,528,300000,0.05,0.001,141018,7,0.5
120560310,44,264,235416,0.05,0.001,111482,5,0.3
5210326,54,144,63773,0.3,0.004,30814,9,0.5
5446864,35,372,106891,0.15,0.001,51643,9,0.5
120517,26,480,24853,0.15,0.004,19235,8,0.5
9275206,35,372,139974,0.05,0.001,73489,7,0.3
7580698,27,468,300000,0.15,0.001,175775,6,0.7
271814,36,360,32423,0.15,0.004,34993,8,0.3
5826485,34,384,193434,0.05,0.001,97960,4,0.5
30664749,57,108,201291,0.15,0.001,88613,7,0.5
616020,33,396,40834,0.15,0.004,30782,6,0.7
3912951,39,324,71150,0.05,0.001,44335,6,0.7
4788517,33,396,190191,0.05,0.001,96002,6,0.7
0,22,528,300000,0.05,0.001,206171,5,0.7
1371883,31,420,58252,0.15,0.004,35389,9,0.7
1989841,34,384,106799,0.15,0.004,71393,9,0.7
14971669,58,96,124735,0.05,0.001,76166,7,0.3
304903,31,420,44741,0.05,0.001,40366,6,0.3
10734170,37,348,201487,0.05,0.001,107651,7,0.7
28070711,50,192,133534,0.15,0.004,58132,6,0.5
7325107,35,372,300000,0.05,0.001,153009,4,0.5
7658820,50,192,77778,0.05,0.001,53522,5,0.7
39484711,49,204,114515,0.05,0.001,85913,4,0.5
0,22,528,45360,0.05,0.001,43879,4,0.5
2954902,44,264,67800,0.3,0.004,41120,8,0.3
8776936,32,408,265870,0.05,0.001,174911,5,0.7
4764339,51,180,36289,0.15,0.004,25372,6,0.3
353493,35,372,41235,0.15,0.001,42088,6,0.5
6197672,38,336,184138,0.05,0.001,103449,4,0.7
1877721,40,312,65100,0.15,0.004,41283,7,0.5
893060,37,348,39412,0.15,0.004,31482,9,0.5
10494273,37,348,149227,0.05,0.001,79355,7,0.5
1252906,29,444,107921,0.05,0.001,82229,7,0.7
26894741,47,228,103200,0.15,0.004,55618,9,0.7
68181,29,444,39467,0.15,0.001,37590,7,0.5
5730204,39,324,73217,0.15,0.001,37737,8,0.5
6579730,48,216,109174,0.05,0.001,65993,6,0.5
88742,31,420,36551,0.05,0.001,34753,4,0.5
35111178,46,240,94810,0.15,0.004,53916,8,0.3
429129,27,468,51081,0.3,0.008,27484,8,0.5
0,22,528,50370,0.15,0.004,38335,8,0.3
4300007,52,168,47987,0.15,0.001,43036,9,0.3
7280970,41,300,108746,0.15,0.004,69402,6,0.5
15805129,42,288,136386,0.15,0.001,63706,9,0.7
78490175,56,120,114072,0.05,0.001,72223,4,0.3
37103984,55,132,140334,0.05,0.001,74986,6,0.3
1882029,44,264,47947,0.15,0.004,38560,9,0.5
4721163,46,240,106782,0.15,0.001,79236,9,0.5
14845052,51,180,98174,0.05,0.001,53486,7,0.5
122576,34,384,20000,0.15,0.001,15733,7,0.3
10714831,28,456,353464,0.05,0.001,162923,6,0.5
11727747,54,144,74050,0.15,0.001,49471,8,0.3
15823720,57,108,54745,0.15,0.001,32739,6,0.3
37082534,44,264,91245,0.15,0.004,48526,7,0.7
2825091,43,276,104199,0.05,0.001,74310,5,0.5
432502,28,456,35911,0.15,0.004,28319,9,0.3
17756688,56,120,114699,0.05,0.001,85551,6,0.5
15518453,40,312,300000,0.15,0.001,128173,7,0.5
91303311,43,276,300000,0.15,0.001,151767,7,0.7
150408,29,444,41421,0.15,0.001,38989,7,0.7
733100,45,252,38630,0.15,0.001,33276,7,0.7
2096124,42,288,55859,0.3,0.008,32308,13,0.5
10904071,44,264,92007,0.15,0.001,64220,6,0.5
23337911,58,96,78910,0.3,0.008,38808,8,0.3
8074,24,504,24517,0.15,0.004,21619,9,0.7
438117,30,432,47421,0.15,0.001,40683,9,0.3
10364898,52,168,69588,0.05,0.001,47814,4,0.5
17107357,43,276,58358,0.15,0.001,33830,7,0.5
9876604,46,240,75523,0.05,0.001,52022,6,0.7
131683702,57,108,300000,0.3,0.008,145380,15,0.3
18492125,46,240,108735,0.15,0.004,70213,8,0.3
810239,52,168,38514,0.05,0.001,36869,5,0.3
2681131,34,384,62371,0.05,0.001,44170,7,0.5
196929,25,492,34075,0.15,0.004,21005,9,0.7
18975552,45,252,87497,0.15,0.004,49564,7,0.5
3243448,50,192,52356,0.3,0.004,43433,19,0.7
2190738,39,324,59833,0.15,0.001,30451,6,0.5
16391798,42,288,300000,0.05,0.001,200379,5,0.5
106665590,53,156,201831,0.15,0.004,130707,7,0.3
10936312,52,168,103390,0.05,0.001,57267,5,0.3
13661379,55,132,91802,0.15,0.001,49537,6,0.3
14160578,54,144,69915,0.05,0.001,53009,4,0.5
10108,24,504,32699,0.15,0.004,26787,8,0.7
93980772,59,84,145865,0.15,0.001,91095,8,0.5
33109254,54,144,104138,0.3,0.004,75681,23,0.3
123075078,54,144,182634,0.05,0.001,97380,5,0.3
13263481,50,192,82139,0.15,0.004,56033,9,0.5
31095711,36,360,155057,0.05,0.001,79043,6,0.3
1088297,48,216,39042,0.15,0.004,29809,6,0.5
0,22,528,38028,0.15,0.004,29324,6,0.7
71986802,53,156,117192,0.05,0.001,63382,6,0.3
28150062,50,192,166238,0.15,0.004,115932,7,0.5
0,22,528,130152,0.05,0.001,87610,7,0.7
950865,37,348,49769,0.15,0.001,34451,6,0.5
2308913,52,168,28767,0.15,0.004,26684,9,0.5
123917708,55,132,300000,0.15,0.004,187734,8,0.3
596270,38,336,43966,0.3,0.008,39895,9,0.7
947423,33,396,74039,0.15,0.004,62119,6,0.7
6601612,44,264,51892,0.15,0.001,28944,9,0.5
6798600,55,132,102756,0.05,0.001,80040,5,0.5
246521,27,468,49956,0.15,0.004,40799,8,0.7
12537265,54,144,91259,0.15,0.004,53409,6,0.3
12556432,57,108,71344,0.3,0.008,48242,22,0.3
679758,26,480,110453,0.05,0.001,76708,6,0.7
6203101,49,204,66098,0.15,0.001,46479,9,0.5
6713232,32,408,85466,0.15,0.004,55207,7,0.7
12814988,46,240,149133,0.15,0.004,59973,6,0.7
16397579,53,156,96069,0.05,0.001,69391,7,0.3
837833,25,492,62972,0.05,0.001,45688,7,0.7
2959608,42,288,54480,0.3,0.008,37315,13,0.5
7337892,46,240,116639,0.05,0.001,74238,7,0.5
2240149,43,276,72149,0.05,0.001,62739,7,0.5
1966572,33,396,52604,0.15,0.001,33767,6,0.7
12233880,55,132,61262,0.15,0.004,43788,8,0.3
1269411,43,276,49202,0.3,0.004,41454,10,0.3
38236570,53,156,139476,0.15,0.004,73063,6,0.3
36589114,52,168,136004,0.05,0.001,63340,6,0.3
4210074,42,288,90351,0.15,0.001,68225,9,0.5
9265891,49,204,92539,0.15,0.001,66941,9,0.5
906784,40,312,46340,0.15,0.004,38285,9,0.3
23610,25,492,20710,0.15,0.001,19594,9,0.7
7320876,56,120,65953,0.3,0.004,45792,18,0.3
16582687,47,228,57879,0.15,0.004,33229,9,0.3
80331564,56,120,174988,0.15,0.004,71782,9,0.3
1599252,36,360,77334,0.15,0.001,59681,6,0.3
0,22,528,62073,0.05,0.001,39036,7,0.3
2071675,36,360,38341,0.15,0.004,25459,6,0.5
0,22,528,300000,0.15,0.001,156998,6,0.7
2527251,33,396,91333,0.15,0.004,54352,6,0.5
68446245,58,96,195810,0.05,0.001,113278,5,0.3
26131487,37,348,181949,0.05,0.001,81903,7,0.5
2175542,47,228,33148,0.15,0.004,23149,6,0.3
17420306,34,384,123839,0.15,0.001,47364,9,0.7
10871159,37,348,138629,0.05,0.001,69152,4,0.3
2468215,37,348,38967,0.15,0.004,32934,8,0.3
29356330,59,84,157439,0.3,0.004,80690,15,0.3
33289711,52,168,300000,0.05,0.001,200987,7,0.5
67732,34,384,24453,0.3,0.008,25053,14,0.5
1336893,49,204,32500,0.3,0.004,26270,11,0.5
2048985,41,300,100478,0.15,0.004,78976,7,0.7
2048174,56,120,46758,0.3,0.008,41829,10,0.3
777595,40,312,23917,0.3,0.008,19920,23,0.5
210584,26,480,39298,0.15,0.001,28070,9,0.5
30607777,54,144,123606,0.15,0.001,85717,6,0.3
95324,33,396,31932,0.15,0.004,33377,7,0.5
31935305,57,108,122284,0.15,0.001,73141,8,0.5
32753719,55,132,67785,0.3,0.008,38260,11,0.3
1375084,30,432,83699,0.05,0.001,56493,7,0.7
3035661,43,276,86458,0.15,0.004,57541,6,0.5
98102,29,444,45691,0.05,0.001,47477,5,0.3
8698872,34,384,300000,0.05,0.001,214181,5,0.5
80340708,55,132,132822,0.05,0.001,79732,4,0.3
2567992,38,336,66037,0.05,0.001,47385,6,0.5
679896,34,384,31442,0.15,0.004,25450,8,0.7
2794990,51,180,63816,0.3,0.004,41594,16,0.3
1521235,47,228,36351,0.3,0.004,32677,23,0.5
351855,30,432,59226,0.3,0.008,44340,14,0.5
8173623,34,384,192629,0.05,0.001,108697,4,0.5
3452,23,516,49760,0.05,0.001,51766,6,0.5
275389,31,420,46096,0.05,0.001,47382,6,0.3
1887552,35,372,68552,0.15,0.004,41033,7,0.7
14792954,40,312,300000,0.3,0.008,133750,19,0.7
4667341,30,432,135393,0.15,0.004,93122,9,0.7
59698934,57,108,154432,0.05,0.001,66718,4,0.5
8400995,39,324,108155,0.15,0.004,69816,7,0.3
23671003,54,144,107355,0.05,0.001,66337,7,0.3
1066347,36,360,43487,0.15,0.004,33308,8,0.3
1958261,29,444,85701,0.05,0.001,43366,4,0.7
7350308,42,288,85339,0.15,0.001,41308,9,0.3
1312167,30,432,69756,0.05,0.001,45364,4,0.7
6754419,51,180,81302,0.15,0.001,59868,9,0.3
5206255,36,360,155987,0.05,0.001,93559,6,0.5
3476599,45,252,59651,0.3,0.008,33234,18,0.7
5647,24,504,29227,0.15,0.001,26327,8,0.3
2184794,49,204,98989,0.15,0.004,82217,7,0.3
0,22,528,68227,0.3,0.004,47720,23,0.3
100426214,58,96,125120,0.05,0.001,78832,7,0.3
31550789,36,360,259255,0.05,0.001,138962,5,0.5
499505,46,240,35242,0.15,0.004,33954,7,0.5
449234,36,360,46983,0.3,0.004,43041,10,0.3
1508886,32,408,70581,0.15,0.004,46757,6,0.7
213412,30,432,35903,0.3,0.008,31463,14,0.7
2189398,37,348,54390,0.3,0.004,34529,20,0.7
1088013,31,420,89171,0.05,0.001,60972,5,0.7
13956619,54,144,110634,0.15,0.004,88720,7,0.5
40279684,58,96,117732,0.3,0.004,77995,10,0.3
3218942,31,420,79682,0.05,0.001,50858,6,0.5
4946176,43,276,110603,0.05,0.001,79129,6,0.5
1653129,29,444,135419,0.15,0.004,79407,8,0.7
2345510,33,396,60531,0.15,0.004,35311,9,0.7
71593,29,444,48383,0.15,0.001,46254,6,0.3
23815838,49,204,247336,0.05,0.001,117193,6,0.7
5080703,43,276,133529,0.05,0.001,87478,6,0.3
0,22,528,37303,0.05,0.001,38765,7,0.3
110990,40,312,30726,0.15,0.004,28846,9,0.5
18706896,54,144,58080,0.05,0.001,32381,5,0.3
0,22,528,22838,0.15,0.004,18137,9,0.5
4649061,59,84,49096,0.05,0.001,42510,4,0.3
139636853,55,132,164963,0.05,0.001,88048,7,0.5
8784376,38,336,99851,0.15,0.001,62242,7,0.7
618360,28,456,74788,0.15,0.004,48339,7,0.7
10295941,39,324,171002,0.15,0.004,106127,9,0.3
279871,30,432,47333,0.3,0.004,41748,21,0.5
8734542,59,84,61733,0.15,0.004,43171,7,0.3
3803536,39,324,76992,0.15,0.001,46349,8,0.3
23307637,51,180,143995,0.15,0.001,83562,8,0.5
687805,59,84,45147,0.15,0.004,46356,8,0.3
907345,29,444,39001,0.3,0.004,29220,23,0.7
14914189,42,288,151818,0.15,0.004,67860,7,0.3
699281,36,360,37240,0.15,0.001,28122,9,0.5
414170,24,504,103737,0.05,0.001,65752,7,0.3
258589,32,408,31445,0.15,0.001,27654,7,0.5
10014686,59,84,72530,0.15,0.004,47131,8,0.3
12478137,39,324,167313,0.05,0.001,76030,4,0.7
12411246,50,192,50799,0.15,0.001,33793,8,0.3
1834544,38,336,38003,0.15,0.004,28281,8,0.3
3230803,36,360,52434,0.05,0.001,33882,4,0.3
21657014,47,228,300000,0.05,0.001,163938,6,0.7
4051009,42,288,48549,0.3,0.004,39185,19,0.7
8602066,55,132,59832,0.3,0.004,36578,13,0.3
16696253,52,168,143447,0.05,0.001,102049,7,0.3
1099,23,516,41412,0.3,0.008,41711,10,0.5
14674668,53,156,134886,0.15,0.001,87697,8,0.3
120453018,48,216,300000,0.05,0.001,132014,4,0.5
2271804,25,492,163582,0.05,0.001,93379,6,0.7
11744172,58,96,125450,0.15,0.001,87177,8,0.3
3857049,53,156,68310,0.3,0.008,44118,18,0.3
789539,38,336,52075,0.05,0.001,39994,5,0.7
748499,36,360,42318,0.15,0.004,28032,8,0.5
3787595,37,348,90491,0.05,0.001,54934,7,0.5
2309263,41,300,85076,0.05,0.001,70332,4,0.5
32968,28,456,21183,0.15,0.004,21363,9,0.5
13651114,41,300,120228,0.15,0.004,69999,8,0.7
146087,24,504,80827,0.15,0.001,65474,7,0.5
43075296,45,252,267029,0.15,0.001,170803,6,0.5
14230266,54,144,69538,0.15,0.004,42516,8,0.3
11791333,47,228,175213,0.05,0.001,95429,6,0.5
12352127,42,288,79941,0.05,0.001,42090,5,0.3
807174,42,288,39394,0.15,0.004,38552,6,0.3
2307272,25,492,121400,0.05,0.001,49636,5,0.5
29936142,46,240,87503,0.05,0.001,56635,4,0.5
4044778,37,348,83969,0.15,0.004,53666,9,0.5
148517,28,456,46670,0.3,0.004,38570,21,0.5
154003867,58,96,240676,0.05,0.001,145589,7,0.3
4712934,31,420,133829,0.05,0.001,61051,6,0.7
1755710,35,372,56974,0.3,0.008,46922,17,0.5
183665247,56,120,163980,0.15,0.004,77532,9,0.3
2015367,32,408,67903,0.15,0.004,44817,9,0.7
165605117,55,132,183575,0.05,0.001,94642,4,0.3
88188,26,480,30314,0.15,0.004,30183,9,0.3
8697668,47,228,97422,0.05,0.001,49122,4,0.3
3257596,35,372,59077,0.05,0.001,39903,5,0.7
794577,29,444,43933,0.15,0.001,34868,7,0.5
351250,37,348,43400,0.3,0.008,35678,9,0.3
1175858,28,456,59183,0.05,0.001,34191,5,0.5
1198433,38,336,53772,0.15,0.001,43022,6,0.3
35182,25,492,21111,0.3,0.008,17327,22,0.7
2509131,40,312,60493,0.3,0.008,43124,15,0.5
48119989,59,84,86482,0.05,0.001,57456,4,0.5
45824471,59,84,78351,0.15,0.001,35741,7,0.5
21855052,51,180,98160,0.15,0.004,54089,8,0.3
6056908,47,228,68893,0.15,0.004,42947,6,0.7
0,22,528,43453,0.15,0.004,35695,6,0.3
155390,27,468,38373,0.15,0.004,30910,8,0.5
1352265,39,324,21028,0.3,0.004,15440,12,0.7
71131,25,492,32463,0.3,0.008,25308,10,0.5
20112097,51,180,102748,0.05,0.001,63018,5,0.3
7470,23,516,54044,0.15,0.004,42678,9,0.3
721320,32,408,48881,0.3,0.004,40552,12,0.7
1709438,28,456,86399,0.05,0.001,61591,4,0.7
8078615,55,132,60304,0.15,0.004,49126,8,0.3
685469,47,228,22364,0.3,0.008,18496,10,0.5
1180155,55,132,40728,0.15,0.004,40260,8,0.3
15201,23,516,37611,0.05,0.001,31596,5,0.5
32219571,45,252,150244,0.05,0.001,95271,6,0.5
13372365,53,156,73137,0.3,0.008,47327,10,0.5
19765819,59,84,62047,0.15,0.004,53732,7,0.5
27619445,36,360,194090,0.05,0.001,82315,7,0.3
4712437,50,192,97388,0.05,0.001,57527,5,0.5
13176450,26,480,300000,0.05,0.001,145949,6,0.7
0,22,528,31915,0.05,0.001,29009,7,0.3
8502674,52,168,53960,0.15,0.004,29450,8,0.3
345554,26,480,65550,0.15,0.001,37491,9,0.5
4320278,32,408,79142,0.3,0.004,47565,19,0.5
93058409,58,96,168060,0.05,0.001,80483,6,0.3
0,22,528,268211,0.05,0.001,178001,6,0.5
213967,28,456,21692,0.3,0.008,16197,21,0.5
4702557,42,288,86607,0.05,0.001,60686,4,0.5
123317604,53,156,182236,0.05,0.001,73379,6,0.3
44035219,56,120,77370,0.15,0.001,42116,9,0.3
92690,25,492,40321,0.15,0.004,30142,7,0.5
3221279,38,336,51075,0.3,0.004,33471,20,0.5
89419402,45,252,300000,0.05,0.001,153159,4,0.5
2895432,32,408,92352,0.15,0.004,69755,8,0.7
7869,23,516,20000,0.3,0.004,17487,12,0.5
3312681,38,336,95466,0.3,0.004,58949,8,0.5
21736658,52,168,126522,0.05,0.001,59570,6,0.5
33088717,43,276,149997,0.05,0.001,58605,5,0.3
123614785,57,108,117183,0.05,0.001,85204,4,0.3
380155,34,384,26464,0.15,0.001,19409,9,0.5
48268128,43,276,139010,0.05,0.001,51314,5,0.5
1687901,41,300,65050,0.05,0.001,42392,4,0.5
1072337,30,432,65838,0.15,0.001,40540,9,0.7
14366926,32,408,300000,0.15,0.004,135918,7,0.5
144119,36,360,34580,0.15,0.004,32882,8,0.3
1497,23,516,29450,0.3,0.008,26401,16,0.7
4271113,50,192,55062,0.15,0.001,32673,8,0.5
763775,27,468,52841,0.15,0.004,38452,6,0.7
1367112,55,132,46408,0.15,0.004,49716,7,0.5
4425037,45,252,77840,0.15,0.004,51794,6,0.3
429438,27,468,51222,0.05,0.001,27988,4,0.3
534083,33,396,47189,0.15,0.004,41021,6,0.7
71452687,52,168,132501,0.05,0.001,97623,6,0.5
5817382,29,444,120863,0.05,0.001,46381,7,0.7
2718895,39,324,37364,0.15,0.001,26665,8,0.5
12089093,51,180,63666,0.3,0.004,43825,15,0.3
1973550,47,228,37309,0.05,0.001,31217,7,0.3
9895413,52,168,94666,0.15,0.004,65429,9,0.3
3080043,25,492,300000,0.05,0.001,127378,7,0.7
0,22,528,51665,0.05,0.001,31746,6,0.3
684990,28,456,63001,0.05,0.001,45363,5,0.5
2362484,36,360,119856,0.15,0.001,86134,6,0.3
2305960,44,264,55376,0.05,0.001,43018,4,0.7
2084184,37,348,55787,0.15,0.004,29044,8,0.5
0,22,528,74032,0.15,0.004,38725,6,0.3
5155916,46,240,80344,0.15,0.004,54232,6,0.3
30681183,48,216,105293,0.3,0.004,55332,13,0.5
74662458,53,156,124687,0.15,0.004,60393,7,0.3
1675074,35,372,51171,0.15,0.001,32196,7,0.3
1444379,44,264,37401,0.15,0.004,31116,9,0.7
166944578,59,84,300000,0.05,0.001,128295,4,0.3
3394068,53,156,38945,0.3,0.004,33375,12,0.3
2726592,33,396,53029,0.05,0.001,29501,4,0.5
13101,23,516,20000,0.15,0.004,14723,7,0.5
15775487,51,180,64721,0.05,0.001,41542,4,0.3
152785,29,444,34389,0.3,0.004,32381,8,0.5
130717804,52,168,300000,0.05,0.001,151435,7,0.3
7762854,40,312,134331,0.05,0.001,103059,6,0.7
922047,26,480,55443,0.15,0.004,30231,6,0.7
4638264,42,288,111629,0.15,0.004,75908,8,0.7
2772758,35,372,96930,0.05,0.001,61213,4,0.7
5495852,57,108,55292,0.3,0.004,34222,23,0.5
82601,30,432,37111,0.05,0.001,35117,4,0.5
115333326,45,252,300000,0.05,0.001,115513,5,0.5
2422439,53,156,50928,0.15,0.004,42319,8,0.3
12276483,26,480,300000,0.05,0.001,134630,6,0.7
1333931,46,240,44074,0.15,0.004,36120,6,0.3
2267347,31,420,80408,0.05,0.001,42736,6,0.7
2315172,44,264,53560,0.15,0.004,38610,9,0.3
3806,23,516,25729,0.15,0.004,23411,9,0.3
3068086,36,360,108347,0.05,0.001,65267,5,0.5
597358,25,492,71609,0.05,0.001,50871,6,0.5
4126480,51,180,99045,0.3,0.008,74448,9,0.3
192695,30,432,37378,0.15,0.001,32847,7,0.7
7836847,38,336,87374,0.15,0.001,54145,6,0.5
187069437,59,84,300000,0.05,0.001,140049,6,0.3
124057872,48,216,215089,0.05,0.001,122704,7,0.5
274945,28,456,35573,0.05,0.001,29862,7,0.3
184167,33,396,44433,0.15,0.004,41759,7,0.7
705710,31,420,48638,0.3,0.008,34431,10,0.7
7909616,45,252,67910,0.15,0.004,42603,7,0.3
10212734,58,96,55398,0.15,0.004,39180,7,0.3
1150586,48,216,30151,0.15,0.004,23252,7,0.5
1218917,40,312,41294,0.3,0.004,31688,12,0.5
181332673,59,84,300000,0.05,0.001,131019,4,0.3
9091455,55,132,54779,0.3,0.008,29252,21,0.3
45354091,54,144,300000,0.3,0.008,160448,9,0.3
105827570,48,216,217493,0.05,0.001,123154,6,0.7
11885893,57,108,88117,0.3,0.004,74071,10,0.3
53195198,46,240,171337,0.05,0.001,71200,5,0.3
26457035,46,240,105482,0.15,0.004,49053,6,0.3
13302715,50,192,73295,0.05,0.001,43061,7,0.3
768003,38,336,55576,0.3,0.008,45023,18,0.3
9159306,44,264,110464,0.15,0.001,69755,7,0.3
1007335,25,492,105814,0.15,0.001,56797,8,0.7
2539621,29,444,95981,0.15,0.001,73134,7,0.7
148367839,54,144,300000,0.15,0.001,134653,6,0.5
109903845,50,192,219418,0.05,0.001,86672,5,0.5
4644177,33,396,109647,0.05,0.001,79835,6,0.7
1357711,49,204,37259,0.15,0.004,29210,7,0.5
5023092,57,108,40740,0.3,0.004,27638,19,0.3
5078467,39,324,68687,0.15,0.001,50619,9,0.5
13653813,40,312,182361,0.05,0.001,107752,7,0.3
186659566,58,96,124962,0.05,0.001,61419,7,0.5
10261054,43,276,94861,0.05,0.001,67730,6,0.3
609173,35,372,54745,0.15,0.001,37832,6,0.7
9312408,46,240,74164,0.15,0.001,46307,9,0.5
141969127,51,180,265118,0.15,0.004,178544,8,0.3
248828,37,348,39230,0.15,0.001,38930,9,0.5
798311,29,444,51441,0.15,0.001,36976,9,0.7
5444807,38,336,61768,0.15,0.004,34487,9,0.7
5907168,39,324,75538,0.3,0.008,44908,23,0.7
13320375,58,96,54534,0.3,0.004,36552,18,0.5
442827,29,444,33288,0.15,0.001,23582,9,0.3
153844,33,396,29018,0.15,0.004,24321,8,0.5
802,23,516,36280,0.15,0.004,34051,7,0.5
70430,24,504,52006,0.15,0.004,31169,8,0.5
6028513,47,228,46391,0.15,0.004,34135,8,0.3
590705,38,336,45623,0.15,0.004,37840,7,0.5
852921,28,456,73712,0.15,0.004,41505,9,0.7
1393570,32,408,91329,0.15,0.004,75741,6,0.7
2046950,43,276,59295,0.3,0.004,50533,9,0.7
23001629,42,288,300000,0.3,0.004,199143,21,0.7
9650864,49,204,98259,0.05,0.001,59300,5,0.5
1481792,35,372,83544,0.15,0.004,43219,8,0.3
16803284,55,132,110267,0.15,0.001,79748,9,0.3
10810562,35,372,201409,0.05,0.001,106753,7,0.3
4831839,48,216,94351,0.15,0.004,60228,8,0.3
3259682,33,396,90269,0.15,0.001,57608,7,0.5
771088,39,324,76726,0.15,0.004,58005,9,0.3
1172659,50,192,46859,0.3,0.004,41132,18,0.5
4068099,38,336,98299,0.05,0.001,74097,5,0.5
1010718,32,408,45890,0.15,0.001,37140,8,0.7
25542915,53,156,126880,0.05,0.001,73067,6,0.3
23011,23,516,59770,0.05,0.001,34269,4,0.5
2720865,46,240,58454,0.15,0.001,35377,9,0.5
33651719,58,96,118884,0.05,0.001,62579,7,0.5
30720362,59,84,81445,0.15,0.004,54056,6,0.5
4072172,37,348,54683,0.15,0.004,34302,8,0.3
1436806,38,336,80624,0.3,0.008,51358,15,0.3
20184871,42,288,109557,0.05,0.001,62981,4,0.5
20303598,34,384,294111,0.05,0.001,136645,7,0.7
5956130,58,96,45989,0.3,0.008,38729,14,0.5
345506,28,456,44277,0.15,0.004,29292,7,0.3
13067957,32,408,300000,0.05,0.001,164236,4,0.7
0,22,528,20000,0.3,0.004,17807,8,0.5
61294,23,516,54193,0.15,0.004,34147,8,0.7
103876,23,516,74253,0.05,0.001,46130,5,0.7
153795,28,456,20678,0.15,0.004,15289,8,0.7
13158046,53,156,50587,0.05,0.001,35637,6,0.3
181162084,56,120,300000,0.15,0.004,131581,8,0.3
4577510,52,168,66081,0.15,0.004,42393,9,0.5
3778634,59,84,60810,0.3,0.008,46181,20,0.3
6121304,37,348,68847,0.15,0.001,49095,9,0.7
9156169,45,252,67900,0.05,0.001,41629,4,0.3
0,22,528,94592,0.05,0.001,51589,7,0.5
53120,25,492,25931,0.3,0.008,21663,23,0.3
47974296,56,120,154575,0.15,0.001,97138,7,0.5
13178632,39,324,160930,0.15,0.001,62653,9,0.5
39452897,55,132,128991,0.05,0.001,63854,6,0.3
11451737,59,84,74187,0.15,0.001,51655,9,0.3
19167470,48,216,110223,0.05,0.001,66438,4,0.3
5514915,41,300,52835,0.15,0.001,33524,7,0.7
4801080,35,372,87320,0.15,0.004,51992,9,0.7
0,22,528,73457,0.05,0.001,44919,5,0.7
541581,33,396,40032,0.3,0.008,30414,12,0.5
21925235,43,276,130244,0.15,0.004,64988,9,0.3
990323,46,240,42573,0.15,0.001,39924,7,0.5
85085744,48,216,162764,0.15,0.001,66864,9,0.3
3057657,41,300,67814,0.3,0.004,44076,11,0.3
7069070,39,324,71843,0.15,0.004,37773,8,0.3
6129522,50,192,73878,0.15,0.004,44823,9,0.3
32074,24,504,47493,0.05,0.001,40266,5,0.3
2065607,41,300,51076,0.15,0.004,32545,9,0.3
124360023,54,144,195268,0.05,0.001,124354,4,0.3
145343,23,516,96425,0.05,0.001,53917,6,0.7
2291441,31,420,90388,0.15,0.004,63898,8,0.7
2675623,41,300,30317,0.15,0.004,23793,7,0.3
11387585,52,168,84031,0.3,0.008,52201,13,0.5
1662811,31,420,71439,0.15,0.004,46254,7,0.7
2679744,32,408,73042,0.05,0.001,46438,4,0.7
5966978,44,264,109617,0.15,0.004,81316,8,0.3
326336,39,324,23191,0.15,0.001,20900,8,0.3
3488684,35,372,124571,0.3,0.004,54472,22,0.3
220610,26,480,71126,0.05,0.001,43857,6,0.7
2190047,35,372,58864,0.05,0.001,41047,7,0.5
1038980,55,132,39579,0.15,0.004,37260,9,0.5
96285041,48,216,300000,0.05,0.001,158600,6,0.5
481790,29,444,69617,0.15,0.004,37713,8,0.3
3181115,32,408,186454,0.05,0.001,131106,5,0.7
6736647,43,276,71758,0.15,0.004,47844,6,0.5
6186988,35,372,116676,0.05,0.001,74535,6,0.3
11113130,54,144,55425,0.15,0.004,31089,6,0.5
16515222,36,360,172371,0.15,0.004,73488,9,0.7
1579132,35,372,62385,0.05,0.001,31608,4,0.3
19202151,50,192,189460,0.15,0.004,111348,6,0.3
101686861,48,216,300000,0.05,0.001,131692,4,0.5
1445123,38,336,101943,0.05,0.001,83563,7,0.7
12256387,43,276,158239,0.05,0.001,111368,5,0.5
17382488,51,180,165988,0.05,0.001,105963,4,0.3
0,22,528,30085,0.3,0.008,27565,23,0.5
23612949,55,132,97525,0.05,0.001,51833,7,0.3
13173064,52,168,88109,0.05,0.001,58956,5,0.3
1958444,30,432,61807,0.05,0.001,39049,4,0.7
731736,41,300,28696,0.15,0.004,21925,8,0.5
11278076,59,84,73549,0.05,0.001,57677,6,0.3
49807206,53,156,300000,0.05,0.001,160500,6,0.5
738396,46,240,36093,0.15,0.001,30762,8,0.7
11223751,49,204,97693,0.15,0.004,53310,9,0.7
9354395,28,456,300000,0.05,0.001,150937,7,0.5
3437766,30,432,128754,0.05,0.001,71137,4,0.7
2618955,59,84,41329,0.15,0.004,36844,8,0.3
1282071,28,456,139004,0.05,0.001,91248,5,0.7
492325,30,432,42511,0.05,0.001,33152,6,0.3
17158886,37,348,112286,0.05,0.001,58352,4,0.5
58311,26,480,22477,0.15,0.004,19087,7,0.5
656706,51,180,48007,0.15,0.004,35071,6,0.3
547894,52,168,45328,0.3,0.004,39783,8,0.3
34534867,45,252,300000,0.05,0.001,157255,6,0.3
205227,36,360,35753,0.3,0.008,29215,8,0.3
5261368,58,96,108585,0.05,0.001,86647,6,0.5
23849785,55,132,128098,0.15,0.004,83452,9,0.5
5009465,43,276,54410,0.15,0.004,36836,6,0.5
112962536,57,108,178111,0.05,0.001,125720,5,0.3
5032207,31,420,230076,0.05,0.001,121689,4,0.7
10315543,35,372,159143,0.05,0.001,85539,4,0.5
6760253,50,192,85059,0.3,0.008,66654,17,0.5
0,22,528,50561,0.3,0.008,26638,16,0.3
1945804,47,228,49018,0.3,0.008,42190,20,0.7
1128343,55,132,35567,0.15,0.004,34958,9,0.5
8852980,41,300,126917,0.15,0.001,50622,8,0.5
892384,49,204,43513,0.15,0.004,41116,7,0.5
1142564,36,360,79048,0.15,0.001,46848,6,0.3
4822617,52,168,69463,0.15,0.001,43557,9,0.3
0,22,528,28665,0.15,0.004,26965,7,0.3
11230671,46,240,97194,0.05,0.001,63439,7,0.5
1574361,31,420,300000,0.3,0.008,241621,18,0.7
19297862,45,252,167268,0.05,0.001,79689,5,0.7
2335236,32,408,60119,0.15,0.004,38201,8,0.7
1049806,35,372,51328,0.05,0.001,42234,6,0.5
4783053,48,216,130660,0.3,0.008,70250,10,0.7
9126635,47,228,57475,0.15,0.004,32252,6,0.7
13513164,56,120,97433,0.3,0.008,54671,20,0.3
61557,23,516,66463,0.05,0.001,43882,7,0.5
15285784,49,204,147346,0.15,0.001,65253,6,0.3
11702,23,516,31666,0.3,0.008,27415,11,0.5
1184572,52,168,31479,0.15,0.004,26397,7,0.3
13248567,44,264,105151,0.15,0.001,58730,9,0.5
24783523,57,108,123734,0.15,0.004,60092,7,0.5
495821,46,240,30054,0.3,0.008,26210,14,0.5
14071888,42,288,140942,0.05,0.001,70900,6,0.7
36178115,47,228,153546,0.05,0.001,90782,5,0.5
1254203,59,84,34581,0.15,0.001,34779,6,0.3
3798258,49,204,54589,0.05,0.001,39434,5,0.5
4200428,36,360,75810,0.15,0.001,47066,8,0.3
670623,24,504,300000,0.05,0.001,180982,4,0.7
164189378,57,108,282665,0.05,0.001,132448,5,0.3
2711712,34,384,127119,0.15,0.001,77406,7,0.5
5415235,31,420,134726,0.05,0.001,75983,6,0.5
15126570,57,108,54164,0.05,0.001,31940,4,0.3
6002059,47,228,98801,0.15,0.004,54799,9,0.3
4819733,35,372,66471,0.05,0.001,34915,7,0.3
49187,23,516,105511,0.05,0.001,65531,6,0.5
1232871,35,372,76720,0.05,0.001,51201,4,0.5
2400893,41,300,52654,0.15,0.001,37271,6,0.3
1788558,47,228,38758,0.05,0.001,35007,4,0.5
85093,25,492,27927,0.3,0.004,18814,8,0.5
212994,27,468,58291,0.05,0.001,36718,7,0.7
125164731,54,144,221408,0.05,0.001,115886,7,0.3
659075,29,444,76067,0.15,0.001,58721,6,0.5
120514,31,420,29772,0.3,0.004,26080,8,0.5
1090373,29,444,51450,0.15,0.001,28540,9,0.7
457906,29,444,60622,0.3,0.008,50405,12,0.5
8022466,53,156,65628,0.15,0.004,40943,9,0.3
48840,25,492,42542,0.05,0.001,39083,5,0.3
113718166,59,84,150590,0.05,0.001,80671,4,0.3
1335646,50,192,48896,0.15,0.004,45506,7,0.5
0,22,528,42491,0.15,0.004,33718,6,0.3
1699253,28,456,77982,0.15,0.004,51554,8,0.5
209338,32,408,23410,0.15,0.004,19201,9,0.5
4822897,39,324,90038,0.05,0.001,59285,7,0.5
2113461,28,456,104369,0.15,0.001,62261,6,0.7
875810,28,456,53825,0.05,0.001,27827,7,0.5
7702999,47,228,89736,0.15,0.004,67225,9,0.3
557003,31,420,42922,0.15,0.001,38055,7,0.7
0,22,528,73446,0.05,0.001,36158,5,0.7
48016397,51,180,133307,0.15,0.001,81546,8,0.5
3363796,54,144,89647,0.3,0.008,67849,12,0.5
1010158,32,408,71794,0.15,0.001,44735,8,0.5
6662668,48,216,102131,0.05,0.001,82712,7,0.5
41244898,45,252,300000,0.05,0.001,171888,7,0.5
9863605,37,348,138984,0.05,0.001,82750,5,0.3
51710,25,492,29734,0.3,0.004,27881,20,0.5
23010888,49,204,152784,0.15,0.004,89843,8,0.5
34116,26,480,27893,0.05,0.001,26749,5,0.5
7228850,50,192,55166,0.15,0.001,31433,7,0.5
8199,23,516,42240,0.15,0.004,33968,6,0.3
2133881,44,264,39261,0.3,0.008,33908,22,0.3
232980,39,324,27074,0.3,0.008,24653,22,0.7
8214631,57,108,51640,0.15,0.004,38855,7,0.3
81850424,50,192,188893,0.15,0.004,123687,6,0.3
10667594,35,372,135925,0.05,0.001,65653,5,0.5
7126449,38,336,126195,0.05,0.001,60758,6,0.3
3167233,36,360,63181,0.3,0.004,40262,9,0.7
10953908,45,252,65350,0.15,0.001,40332,6,0.3
53765,27,468,32264,0.3,0.004,34907,21,0.5
137933,25,492,36278,0.15,0.001,30723,9,0.3
397621,28,456,46535,0.15,0.004,34367,9,0.5
97720547,49,204,300000,0.05,0.001,203257,4,0.7
157021,36,360,31102,0.3,0.008,31995,16,0.5
1582366,33,396,95964,0.15,0.001,71100,8,0.5
39435,34,384,20000,0.3,0.008,21143,22,0.3
961593,33,396,52659,0.15,0.004,38032,8,0.7
625866,49,204,32632,0.15,0.004,28777,6,0.5
46939400,54,144,174280,0.05,0.001,104586,7,0.3
1126977,40,312,50634,0.15,0.004,36345,6,0.7
19710178,53,156,80374,0.05,0.001,42874,4,0.3
3562486,44,264,111724,0.15,0.004,75051,8,0.3
26475327,41,300,121383,0.05,0.001,61111,5,0.5
131256,37,348,36237,0.15,0.001,36485,6,0.5
13008210,34,384,218310,0.05,0.001,124560,4,0.7
109166,26,480,21973,0.3,0.008,18090,16,0.7
2267470,45,252,38303,0.15,0.001,31150,7,0.5
732927,33,396,53671,0.15,0.001,45739,8,0.7
2198324,45,252,39242,0.3,0.008,32516,19,0.5
754118,29,444,58230,0.05,0.001,38592,6,0.7
114695,25,492,39971,0.15,0.001,35983,6,0.5
93894124,59,84,261420,0.05,0.001,144269,7,0.5
28126994,58,96,92889,0.05,0.001,59997,7,0.3
5800521,54,144,51439,0.15,0.004,28365,7,0.5
1715964,40,312,32110,0.15,0.004,21364,7,0.5
3845240,46,240,60314,0.15,0.001,42822,7,0.3
935895,30,432,110623,0.15,0.004,85012,8,0.7
5911963,53,156,54350,0.15,0.001,30282,6,0.3
6063170,53,156,87617,0.05,0.001,58044,6,0.3
656291,30,432,47803,0.05,0.001,39703,4,0.7
2923012,37,348,50216,0.05,0.001,33792,4,0.7
273241,30,432,41777,0.3,0.008,35331,17,0.5
11604787,40,312,137057,0.15,0.004,67585,6,0.3
372827,30,432,49801,0.05,0.001,43680,4,0.5
5534244,45,252,60525,0.15,0.001,37938,8,0.5
23847072,54,144,139495,0.15,0.004,63384,6,0.5
11003982,52,168,101365,0.3,0.004,55581,23,0.3
0,22,528,41312,0.05,0.001,37285,7,0.5
136824755,50,192,300000,0.15,0.001,154835,6,0.7
2208991,35,372,111772,0.05,0.001,79627,5,0.7
29453234,40,312,334722,0.05,0.001,125529,7,0.5
22590491,46,240,147205,0.15,0.004,62544,9,0.7
7504509,49,204,155995,0.05,0.001,103128,7,0.5
3088518,26,480,121046,0.05,0.001,55847,7,0.5
188834,27,468,34725,0.15,0.001,27993,9,0.3
465116,32,408,41131,0.3,0.004,35680,11,0.7
260740,30,432,39806,0.3,0.004,33071,20,0.7
3597105,34,384,118793,0.05,0.001,53903,7,0.5
488162,38,336,25646,0.15,0.004,19428,9,0.5
7897011,51,180,66993,0.15,0.001,39685,8,0.3
1973988,33,396,79936,0.05,0.001,53112,5,0.5
5036195,39,324,78141,0.15,0.004,49046,9,0.5
58204027,57,108,101465,0.05,0.001,64594,7,0.3
989419,49,204,49533,0.15,0.001,45440,9,0.3
2274344,34,384,102226,0.05,0.001,62348,4,0.7
10268211,42,288,300000,0.15,0.004,120754,8,0.3
19698297,59,84,56747,0.05,0.001,33526,5,0.3
2069476,31,420,64391,0.15,0.004,45521,7,0.7
69414,24,504,46998,0.15,0.001,35437,8,0.5
13207882,36,360,300000,0.15,0.004,147906,6,0.3
149381853,58,96,248516,0.15,0.004,120347,9,0.3
279495,25,492,65738,0.05,0.001,40420,7,0.3
8819,23,516,36573,0.3,0.008,31607,18,0.3
15863151,39,324,144463,0.05,0.001,45771,6,0.5
3440701,29,444,144280,0.05,0.001,79909,7,0.7
6168601,52,168,60926,0.15,0.004,34940,6,0.3
1367339,28,456,106452,0.05,0.001,67693,7,0.7
3248625,42,288,53846,0.15,0.001,36270,9,0.5
5925595,44,264,70748,0.05,0.001,53006,5,0.3
136816,26,480,31203,0.05,0.001,24537,7,0.5
745480,28,456,67289,0.3,0.004,49332,10,0.5
6648493,45,252,66888,0.15,0.004,37705,6,0.5
245018,33,396,22432,0.3,0.004,17584,12,0.5
1024366,35,372,47699,0.15,0.001,37885,8,0.3
291492,40,312,41523,0.15,0.004,41967,9,0.3
33588195,59,84,137602,0.05,0.001,72853,5,0.3
194346,28,456,40727,0.15,0.004,36275,6,0.3
3517085,31,420,64723,0.05,0.001,45182,6,0.7
160944,30,432,28750,0.3,0.004,24213,18,0.5
30346,23,516,88162,0.15,0.001,63179,6,0.5
3279131,37,348,135637,0.15,0.001,70742,6,0.5
15481153,42,288,121511,0.15,0.001,68886,8,0.3
3164006,26,480,300000,0.05,0.001,160159,4,0.7
737141,46,240,43034,0.15,0.004,36819,9,0.3
3052054,54,144,45657,0.15,0.004,40742,7,0.3
46776930,57,108,59351,0.15,0.004,35606,8,0.5
27551015,52,168,181827,0.05,0.001,95091,5,0.3
2100322,39,324,70783,0.05,0.001,48260,6,0.3
3944663,38,336,98437,0.15,0.004,67292,6,0.3
48139388,52,168,201457,0.05,0.001,117051,4,0.5
91971119,59,84,165756,0.05,0.001,95100,6,0.5
5726134,46,240,82774,0.3,0.008,47062,10,0.3
82566,27,468,25952,0.15,0.004,20867,6,0.5
1837921,42,288,59497,0.3,0.004,37464,8,0.5
153313,23,516,90234,0.05,0.001,69517,6,0.5
51163,35,372,22847,0.15,0.004,21449,9,0.5
8386561,28,456,300000,0.05,0.001,114224,6,0.7
15332385,57,108,54210,0.15,0.001,41148,6,0.3
3023308,40,312,85424,0.15,0.001,63992,8,0.3
295281,26,480,39417,0.15,0.004,29807,6,0.5
2929544,37,348,72416,0.05,0.001,51257,6,0.5
741372,29,444,79401,0.15,0.001,56904,8,0.7
140633,24,504,63680,0.15,0.001,40572,8,0.3
111003064,50,192,300000,0.05,0.001,152578,4,0.5
9762490,47,228,107654,0.15,0.004,75486,9,0.3
109060546,56,120,289184,0.05,0.001,174199,6,0.3
103368523,59,84,129565,0.05,0.001,67423,4,0.3
1986446,45,252,43910,0.15,0.001,31749,9,0.5
118009,28,456,21448,0.15,0.001,18117,8,0.5
711599,43,276,45800,0.15,0.004,38721,9,0.3
47687020,57,108,94218,0.15,0.001,42299,9,0.3
4332531,51,180,64148,0.3,0.008,45347,10,0.3
0,22,528,28673,0.3,0.008,25971,16,0.5
428920,38,336,38106,0.3,0.004,30900,13,0.3
12829090,51,180,113500,0.15,0.004,84294,8,0.5
7112686,42,288,71780,0.3,0.008,45735,19,0.5
46011784,49,204,210152,0.05,0.001,107358,5,0.5
1940852,33,396,74006,0.15,0.001,39257,9,0.5
9391329,43,276,166651,0.05,0.001,101517,5,0.3
8757621,47,228,117684,0.15,0.001,79981,6,0.7
6710339,36,360,99399,0.05,0.001,57513,6,0.5
191914,39,324,49531,0.15,0.001,50334,9,0.5
112784405,52,168,173270,0.15,0.001,87647,6,0.3
0,22,528,33602,0.15,0.001,25311,8,0.7
23397399,52,168,171002,0.05,0.001,82764,6,0.5
37179672,51,180,128073,0.05,0.001,78410,7,0.3
3475484,45,252,82697,0.15,0.001,52456,7,0.5
118746394,55,132,194347,0.05,0.001,102812,5,0.3
512199,38,336,20000,0.3,0.004,15952,18,0.5
1436610,30,432,64751,0.15,0.004,40309,9,0.7
906891,32,408,83832,0.15,0.004,64731,7,0.5
61884781,41,300,142814,0.15,0.004,59025,9,0.5
28692114,54,144,176239,0.05,0.001,105723,7,0.3
20468855,48,216,192326,0.05,0.001,148909,6,0.7
35572733,57,108,167182,0.15,0.001,80706,6,0.3
8548144,53,156,49757,0.05,0.001,36794,7,0.3
127589,26,480,26898,0.3,0.004,19264,15,0.7
3364944,49,204,64506,0.15,0.004,47573,6,0.5
4342962,51,180,82010,0.15,0.001,61528,8,0.5
8966028,31,420,230439,0.05,0.001,125306,5,0.7
17623237,58,96,60828,0.15,0.004,48148,7,0.3
5464576,44,264,118294,0.05,0.001,90372,6,0.7
2234210,33,396,69107,0.05,0.001,50041,6,0.7
4664649,42,288,114630,0.05,0.001,78897,5,0.7
0,22,528,37877,0.05,0.001,24857,4,0.3
421269,29,444,25831,0.3,0.004,20493,8,0.5
904625,44,264,53506,0.3,0.008,45009,23,0.5
10350513,52,168,63063,0.15,0.004,41501,6,0.5
129003,24,504,91074,0.05,0.001,58535,5,0.5
1373855,48,216,25800,0.15,0.004,22520,7,0.5
44517,25,492,44864,0.05,0.001,46970,7,0.5
17916607,47,228,121397,0.05,0.001,72709,4,0.3
5747360,54,144,56383,0.15,0.004,43174,6,0.3
135367745,48,216,300000,0.05,0.001,127506,7,0.3
36428376,49,204,99495,0.05,0.001,64237,4,0.3
37877,24,504,50083,0.15,0.004,31468,6,0.7
2346664,45,252,32451,0.3,0.008,24980,18,0.5
2968399,38,336,79450,0.3,0.008,53788,22,0.5
9947178,48,216,86147,0.05,0.001,58134,6,0.7
0,22,528,25724,0.3,0.008,23560,11,0.5
1906690,35,372,60287,0.05,0.001,39820,6,0.5
21310,26,480,22677,0.3,0.004,21171,23,0.5
37866508,49,204,126024,0.05,0.001,63516,7,0.5
834094,26,480,83042,0.05,0.001,53685,5,0.5
10851879,43,276,68362,0.15,0.004,42355,6,0.3
2823734,33,396,118342,0.15,0.001,81807,9,0.7
2808491,50,192,46465,0.15,0.004,36110,7,0.5
13969266,54,144,105406,0.3,0.008,66527,22,0.3
1773662,32,408,72359,0.15,0.001,50422,8,0.7
25076646,42,288,300000,0.15,0.004,190439,7,0.5
1556748,38,336,48710,0.15,0.004,37075,7,0.5
6364882,39,324,65189,0.15,0.001,48293,6,0.5
886675,46,240,48792,0.15,0.001,46585,8,0.7
10482364,41,300,100722,0.05,0.001,57271,7,0.7
10932465,47,228,79676,0.05,0.001,60410,7,0.5
9086082,32,408,300000,0.3,0.008,159219,15,0.5
6683643,35,372,134384,0.05,0.001,80787,7,0.5
11355165,38,336,123807,0.15,0.004,86337,8,0.5
1059790,44,264,83160,0.15,0.004,61424,6,0.3
9536621,50,192,73563,0.3,0.004,47727,9,0.3
41492792,54,144,300000,0.15,0.004,139940,9,0.3
208173,36,360,33948,0.05,0.001,36059,5,0.3
2440898,28,456,252978,0.05,0.001,171149,6,0.7
1978013,26,480,300000,0.15,0.004,186418,6,0.7
394259,27,468,62609,0.3,0.008,45155,8,0.7
1975304,50,192,51760,0.15,0.001,36510,8,0.5
10631380,45,252,85376,0.05,0.001,58773,7,0.7
5230377,48,216,74329,0.05,0.001,52352,5,0.5
7463347,36,360,130999,0.15,0.001,58031,7,0.5
3487186,39,324,61617,0.05,0.001,44193,6,0.5
4046308,29,444,300000,0.3,0.004,170862,17,0.7
112540,24,504,71839,0.15,0.001,45267,9,0.3
1481321,41,300,39666,0.15,0.004,32748,6,0.5
518970,26,480,107355,0.05,0.001,62886,6,0.7
62053,25,492,33378,0.3,0.008,28616,10,0.3
639798,28,456,40654,0.05,0.001,31989,6,0.7
105025664,59,84,143799,0.15,0.001,59807,8,0.5
1476929,43,276,39907,0.15,0.004,33100,9,0.3
49892960,47,228,300000,0.05,0.001,179422,7,0.3
564762,41,300,40836,0.15,0.004,36222,8,0.3
2803810,46,240,51844,0.15,0.004,31137,6,0.5
2049804,48,216,39064,0.15,0.004,32637,6,0.5
73366437,55,132,153650,0.15,0.004,78383,7,0.3
23460021,56,120,80924,0.15,0.004,54178,7,0.3
28300928,44,264,143930,0.05,0.001,67654,5,0.7
31377706,49,204,124477,0.05,0.001,63415,4,0.3
88189,27,468,27097,0.15,0.004,26038,8,0.5
850471,33,396,40037,0.3,0.008,30946,10,0.7
6623658,48,216,45897,0.05,0.001,37051,5,0.5
28347987,57,108,91932,0.15,0.004,48332,9,0.3
15896823,42,288,189735,0.05,0.001,70878,6,0.5
9408455,29,444,300000,0.15,0.001,159974,6,0.7
137721,31,420,37107,0.15,0.004,40401,8,0.3
2220533,38,336,63081,0.15,0.001,36051,8,0.5
27902455,38,336,164288,0.05,0.001,95887,6,0.3
6718481,42,288,60466,0.15,0.004,38289,7,0.5
675205,48,216,35159,0.15,0.004,32512,9,0.5
8322,23,516,27358,0.15,0.001,22671,7,0.3
694959,25,492,62433,0.05,0.001,38584,6,0.7
11420,24,504,41617,0.15,0.004,38595,6,0.5
553106,47,228,43693,0.3,0.008,46445,21,0.5
335459,23,516,300000,0.05,0.001,168704,4,0.3
7877,23,516,65666,0.3,0.008,44555,21,0.5
935480,28,456,51618,0.05,0.001,32586,5,0.7
48326946,58,96,82303,0.15,0.004,58302,6,0.5
3465528,31,420,88135,0.15,0.004,45519,6,0.7
4363322,49,204,62807,0.15,0.004,27978,6,0.5
569794,43,276,42116,0.3,0.008,37051,9,0.3
203500,28,456,46241,0.3,0.004,34708,21,0.5
15447019,47,228,78765,0.05,0.001,50465,6,0.5
6153418,43,276,100463,0.15,0.001,50815,7,0.5
8339376,42,288,101265,0.05,0.001,67905,6,0.5
1609962,35,372,45122,0.15,0.004,35934,8,0.5
1796949,34,384,61311,0.15,0.001,46715,7,0.5
35312556,48,216,300000,0.3,0.004,207507,12,0.5
1154454,30,432,57090,0.15,0.004,39413,8,0.7
372215,32,408,37768,0.15,0.004,30742,6,0.7
651236,31,420,49660,0.3,0.008,37615,17,0.5
76051997,58,96,88510,0.15,0.001,61375,8,0.3
2155151,29,444,76052,0.15,0.004,47990,9,0.7
22000029,40,312,300000,0.05,0.001,200894,4,0.3
103042,27,468,31614,0.3,0.004,27850,18,0.5
36211545,37,348,219567,0.05,0.001,86647,6,0.5
14480346,42,288,300000,0.05,0.001,123908,5,0.5
5023601,55,132,35783,0.15,0.001,28564,9,0.3
950264,40,312,23218,0.15,0.001,17801,7,0.3
7133874,54,144,43992,0.3,0.004,35573,19,0.3
281053,26,480,45542,0.05,0.001,36048,4,0.3
197060,29,444,44892,0.15,0.004,41334,6,0.7
6963233,55,132,80295,0.3,0.008,61695,10,0.3
5294447,50,192,61194,0.05,0.001,35193,6,0.5
49331104,57,108,300000,0.05,0.001,167454,4,0.5
824707,33,396,110278,0.05,0.001,89716,7,0.7
150047854,57,108,300000,0.05,0.001,169125,6,0.3
4923050,59,84,48900,0.3,0.004,39165,11,0.3
771713,36,360,36856,0.15,0.001,33907,9,0.3
3439262,43,276,91018,0.15,0.004,50256,9,0.5
22342,27,468,26032,0.15,0.004,23757,6,0.5
12288752,55,132,71640,0.15,0.004,49073,8,0.3
0,22,528,25677,0.3,0.004,17755,13,0.3
1089519,27,468,68298,0.05,0.001,42026,4,0.5
2121630,44,264,61770,0.15,0.001,40442,6,0.7
14735,24,504,46267,0.15,0.004,42484,9,0.5
128819106,58,96,130215,0.05,0.001,67595,6,0.3
1645279,48,216,36259,0.15,0.001,28557,9,0.7
12172089,53,156,90625,0.05,0.001,74411,5,0.3
2044504,34,384,141077,0.15,0.004,86238,9,0.7
41956407,46,240,190233,0.05,0.001,98438,4,0.5
154637,26,480,36339,0.3,0.008,28176,20,0.5
17745092,39,324,111084,0.05,0.001,70324,7,0.5
10607234,56,120,113941,0.05,0.001,90093,4,0.5
84474764,57,108,124160,0.15,0.001,72854,6,0.3
14582702,44,264,114088,0.05,0.001,64028,4,0.3
89009,34,384,35091,0.15,0.004,32399,6,0.5
674362,45,252,47008,0.3,0.004,44558,23,0.5
7663248,46,240,44726,0.05,0.001,26662,4,0.5
25049399,46,240,104462,0.05,0.001,64932,5,0.5
1185989,30,432,82381,0.05,0.001,56048,4,0.5
11043070,43,276,77473,0.15,0.001,54700,6,0.5
422625,57,108,38028,0.3,0.004,42131,13,0.5
35554973,48,216,153556,0.15,0.001,99183,9,0.5
81971007,44,264,300000,0.15,0.004,168494,6,0.7
139071819,55,132,300000,0.15,0.004,151320,9,0.3
90611302,53,156,201886,0.05,0.001,109510,5,0.3
0,22,528,123473,0.05,0.001,49762,5,0.5
4777,23,516,39805,0.3,0.008,33662,20,0.5
1360852,47,228,36834,0.15,0.004,30085,6,0.5
30652938,55,132,118141,0.15,0.004,74286,6,0.5
425797,45,252,27230,0.3,0.004,23665,23,0.5
8749506,52,168,50872,0.3,0.004,32245,18,0.3
6456600,42,288,68517,0.15,0.001,43192,7,0.5
104472,24,504,59628,0.05,0.001,43781,7,0.5
8192830,52,168,54397,0.15,0.001,36974,6,0.5
6417941,55,132,95594,0.15,0.001,75303,6,0.3
25239838,37,348,300000,0.05,0.001,166690,5,0.7
19789453,53,156,93978,0.15,0.004,55885,8,0.5
124562393,46,240,164542,0.15,0.001,75573,9,0.5
0,22,528,20000,0.15,0.004,16421,8,0.3
2595025,26,480,197139,0.05,0.001,87379,7,0.7
2788102,52,168,35473,0.3,0.008,24613,8,0.3
1280394,48,216,33523,0.15,0.001,27822,9,0.3
47167266,56,120,183654,0.15,0.004,74912,8,0.5
15971086,36,360,202474,0.15,0.004,133542,9,0.5
486586,28,456,53637,0.05,0.001,33349,7,0.3
4385283,53,156,43336,0.15,0.001,36091,9,0.3
12283736,42,288,140588,0.05,0.001,83308,7,0.7
100679,31,420,40398,0.05,0.001,37139,4,0.7
13576154,56,120,54388,0.3,0.004,33408,23,0.5
125231,35,372,28907,0.15,0.001,28423,8,0.3
1255669,36,360,109297,0.05,0.001,80802,6,0.7
660584,53,156,49619,0.3,0.008,47548,21,0.3
6248956,55,132,59658,0.15,0.004,37424,8,0.3
18428378,36,360,206955,0.05,0.001,98428,6,0.5
2428239,26,480,300000,0.15,0.004,198818,7,0.7
4304529,42,288,63512,0.05,0.001,43160,4,0.3
4374310,44,264,113299,0.05,0.001,76467,6,0.3
1425158,30,432,100684,0.05,0.001,81875,7,0.7
1332857,33,396,47710,0.15,0.004,35748,7,0.7
1353937,25,492,102129,0.05,0.001,62407,7,0.7
0,22,528,67620,0.15,0.001,40217,6,0.5
12333302,49,204,75169,0.05,0.001,41142,6,0.5
39474795,59,84,89438,0.05,0.001,51344,6,0.3
4087935,27,468,300000,0.15,0.004,149415,7,0.5
1370699,37,348,43332,0.15,0.004,34767,7,0.3
39832,23,516,64398,0.05,0.001,45536,4,0.7
5258411,41,300,63443,0.05,0.001,31836,4,0.3
0,22,528,38515,0.15,0.004,32239,9,0.7
519628,30,432,49728,0.05,0.001,41402,7,0.5
1287030,35,372,29094,0.15,0.004,21541,7,0.3
543349,32,408,30658,0.3,0.008,23546,15,0.5
1537056,35,372,80815,0.05,0.001,59137,5,0.5
2335237,48,216,41364,0.05,0.001,37386,6,0.5
891662,32,408,40440,0.3,0.008,24876,15,0.7
2475031,48,216,60944,0.15,0.001,38083,9,0.5
605644,27,468,57395,0.3,0.004,31904,22,0.7
25656805,45,252,138051,0.05,0.001,91983,6,0.3
90819428,47,228,230593,0.05,0.001,117197,6,0.3
35077,25,492,35353,0.15,0.004,33970,9,0.3
0,22,528,36115,0.15,0.001,29440,8,0.7
8718416,41,300,99468,0.15,0.004,63961,7,0.5
67383,25,492,22604,0.15,0.001,17203,8,0.7
5054666,35,372,80931,0.15,0.001,48512,9,0.5
21812644,56,120,78316,0.05,0.001,53802,6,0.3
4108477,45,252,91837,0.15,0.004,76690,8,0.5
3739145,52,168,37713,0.15,0.004,29942,7,0.3
102791602,49,204,236755,0.15,0.004,125863,6,0.5
31826857,49,204,134572,0.05,0.001,65070,7,0.3
209219,23,516,72180,0.15,0.004,45378,7,0.5
491946,40,312,80587,0.15,0.004,71883,7,0.5
29253313,59,84,74171,0.15,0.004,53708,6,0.3
5835610,41,300,64633,0.3,0.004,34155,23,0.3
5837274,48,216,67044,0.3,0.004,36958,11,0.5
8940,23,516,49832,0.05,0.001,43685,6,0.7
133285,25,492,45065,0.15,0.001,33295,7,0.5
2387867,31,420,167513,0.15,0.004,91567,9,0.7
41655956,38,336,240900,0.05,0.001,106732,6,0.5
313094,27,468,77002,0.05,0.001,51657,6,0.5
24569470,41,300,131123,0.15,0.004,60279,6,0.7
41548639,50,192,300000,0.15,0.004,166682,7,0.5
6289818,52,168,73453,0.3,0.004,48829,21,0.3
4140824,37,348,122976,0.15,0.004,82496,9,0.3
21545643,54,144,167827,0.05,0.001,111482,7,0.3
1754579,35,372,69302,0.05,0.001,49772,4,0.5
139788800,52,168,178459,0.05,0.001,89247,5,0.3
134636,30,432,27013,0.15,0.001,23621,8,0.3
114659953,55,132,300000,0.05,0.001,134406,4,0.3
8972502,44,264,105398,0.05,0.001,59222,7,0.5
2740299,38,336,99800,0.15,0.004,66649,9,0.5
3108863,34,384,78013,0.15,0.004,42999,8,0.7
181636271,56,120,250005,0.05,0.001,110758,7,0.3
4637465,30,432,137325,0.05,0.001,66988,7,0.7
457959,27,468,50114,0.15,0.004,34599,8,0.3
1872466,31,420,83286,0.15,0.001,46922,7,0.7
526930,29,444,52421,0.05,0.001,29940,6,0.5
24912944,35,372,300000,0.05,0.001,161549,7,0.7
1932376,36,360,104618,0.15,0.001,80562,7,0.5
2053093,33,396,62949,0.05,0.001,46155,7,0.7
18774,23,516,46826,0.15,0.004,41608,9,0.7
83216661,57,108,227150,0.15,0.001,104624,9,0.5
17662479,45,252,86208,0.05,0.001,54369,5,0.5
38308263,48,216,229799,0.15,0.001,112420,7,0.3
7531144,44,264,90536,0.15,0.004,61553,8,0.5
248315,24,504,98183,0.05,0.001,73664,4,0.3
3808419,36,360,103474,0.05,0.001,64173,7,0.5
0,22,528,30576,0.15,0.004,25856,9,0.3
2967124,38,336,77428,0.05,0.001,48722,6,0.3
22751460,50,192,113348,0.05,0.001,70105,5,0.5
8749258,43,276,104104,0.05,0.001,76416,7,0.5
129881432,53,156,126677,0.05,0.001,57994,5,0.3
274487,29,444,23609,0.15,0.004,18626,7,0.7
23807518,44,264,112428,0.05,0.001,77020,6,0.7
1618859,29,444,58270,0.3,0.008,39278,23,0.5
7393626,55,132,79674,0.15,0.004,48344,8,0.3
4012797,33,396,98655,0.15,0.001,55223,6,0.7
6670544,40,312,56186,0.3,0.004,33997,12,0.5
9528779,40,312,78272,0.05,0.001,41750,4,0.3
72782,28,456,32020,0.15,0.001,30327,6,0.7
138058966,59,84,116325,0.15,0.004,66721,9,0.3
5277329,59,84,62356,0.15,0.001,50320,9,0.5
9491450,33,396,300000,0.15,0.001,207415,9,0.7
87132,25,492,31016,0.05,0.001,24854,7,0.3
160538,26,480,42129,0.15,0.004,36986,8,0.3
17954474,55,132,145023,0.15,0.004,76959,8,0.3
1959929,27,468,144033,0.05,0.001,87989,7,0.7
2119169,29,444,158425,0.05,0.001,103421,6,0.7
30484000,57,108,182288,0.05,0.001,117840,4,0.3
7221921,42,288,124001,0.05,0.001,57631,6,0.5
2307260,36,360,65939,0.05,0.001,48295,5,0.7
1939292,42,288,61485,0.15,0.001,38911,8,0.5
6355983,41,300,42151,0.3,0.008,27199,23,0.3
5162735,51,180,83575,0.15,0.004,69285,8,0.3
2014947,42,288,98264,0.3,0.004,63297,14,0.3
1299441,25,492,87469,0.15,0.001,52941,6,0.5
1982008,32,408,52872,0.05,0.001,23685,7,0.7
9532778,59,84,46807,0.15,0.001,38695,8,0.3
25330585,51,180,66625,0.05,0.001,39551,5,0.3
17141617,43,276,169872,0.05,0.001,72162,5,0.7
2403328,34,384,80343,0.05,0.001,58664,4,0.7
134282197,55,132,124854,0.15,0.004,57967,8,0.3
5075116,51,180,56128,0.3,0.008,38078,11,0.3
19221845,48,216,120344,0.05,0.001,59125,4,0.5
6075648,47,228,69908,0.15,0.004,50427,8,0.5
104204,34,384,38714,0.15,0.004,42801,9,0.5
16219559,48,216,89348,0.05,0.001,52517,5,0.5
38361964,57,108,159934,0.15,0.004,76549,6,0.3
1778076,43,276,37067,0.3,0.008,29265,8,0.5
32739581,49,204,67864,0.15,0.001,42957,8,0.5
34705916,59,84,80780,0.05,0.001,51255,5,0.3
31217449,35,372,300000,0.15,0.004,151737,6,0.7
427101,27,468,34275,0.3,0.008,25438,17,0.3
4484624,37,348,141721,0.05,0.001,74712,4,0.7
387153,24,504,300000,0.15,0.001,177970,7,0.7
22253907,56,120,103170,0.3,0.004,48038,12,0.3
434760,36,360,38005,0.3,0.008,32520,9,0.3
1401,23,516,33212,0.15,0.004,42848,7,0.3
123356948,54,144,157937,0.05,0.001,60427,7,0.3
20302298,41,300,128505,0.05,0.001,69023,5,0.3
4842279,37,348,137157,0.05,0.001,66755,6,0.5
25597540,57,108,56436,0.15,0.004,42966,6,0.3
532174,25,492,76259,0.05,0.001,50667,4,0.5
43899476,38,336,220914,0.15,0.004,125136,9,0.3
1678086,41,300,59817,0.3,0.008,34564,13,0.5
486222,47,228,46571,0.15,0.001,40853,9,0.5
49491,33,396,37699,0.3,0.004,39034,16,0.3
26778181,50,192,171961,0.05,0.001,68183,7,0.3
492227,24,504,180362,0.05,0.001,101777,6,0.3
425298,24,504,99708,0.05,0.001,57001,4,0.5
65100647,55,132,300000,0.15,0.004,154964,9,0.3
44295,33,396,20000,0.3,0.004,18251,11,0.5
14956481,58,96,58313,0.3,0.004,38921,12,0.3
7722323,35,372,300000,0.15,0.004,159902,6,0.3
1296602,29,444,58492,0.15,0.004,32425,9,0.7
125199,33,396,24829,0.15,0.004,21270,9,0.3
1783065,55,132,45465,0.05,0.001,41064,6,0.3
86539876,55,132,122749,0.15,0.001,57676,8,0.3
11069967,49,204,99383,0.05,0.001,55149,7,0.5
17417170,56,120,78545,0.15,0.004,51697,9,0.3
122383,27,468,38368,0.15,0.004,35068,8,0.7
74637,24,504,102039,0.15,0.001,71954,8,0.5
47408039,49,204,300000,0.05,0.001,126370,5,0.5
3032418,39,324,71675,0.05,0.001,46150,4,0.5
6687343,51,180,71698,0.05,0.001,47039,7,0.3
770873,26,480,75960,0.05,0.001,57848,7,0.7
593510,29,444,70067,0.15,0.004,60201,8,0.5
1308711,27,468,59638,0.05,0.001,37906,5,0.7
6956687,49,204,93337,0.15,0.001,68857,9,0.5
3904032,52,168,61895,0.05,0.001,38778,5,0.5
4914252,46,240,48424,0.15,0.001,32802,6,0.5
314001,40,312,46118,0.3,0.004,43828,10,0.5
672555,34,384,43524,0.3,0.004,33492,8,0.7
14890716,52,168,161362,0.05,0.001,108025,7,0.3
10559270,50,192,89101,0.15,0.004,54838,6,0.5
3299103,43,276,51205,0.15,0.004,31715,8,0.5
8177393,38,336,88277,0.15,0.004,52614,7,0.5
5261505,41,300,119177,0.15,0.004,83916,9,0.7
216461,35,372,34246,0.15,0.004,31587,9,0.5
1098178,33,396,66584,0.15,0.001,48398,9,0.7
158126373,59,84,130703,0.15,0.004,73742,6,0.3
3934182,34,384,94589,0.15,0.004,43655,6,0.7
3915272,41,300,41465,0.15,0.001,29476,8,0.3
91684,33,396,39173,0.15,0.004,37857,9,0.5
415322,34,384,31874,0.3,0.008,24296,13,0.5
13394349,44,264,95437,0.05,0.001,56655,4,0.3
85038,30,432,41803,0.3,0.004,43036,12,0.5
42027126,50,192,281452,0.05,0.001,124447,5,0.3
615271,32,408,85052,0.05,0.001,79438,4,0.7
42522569,59,84,205484,0.05,0.001,90046,4,0.3
40096459,58,96,139962,0.05,0.001,66144,4,0.3
7580480,44,264,102016,0.15,0.004,74414,6,0.3
97267975,54,144,134425,0.05,0.001,72428,6,0.5
18631074,56,120,115874,0.05,0.001,71550,7,0.3
16020127,56,120,51563,0.15,0.004,29370,7,0.3
0,22,528,66212,0.3,0.008,39293,18,0.3
1411722,42,288,49844,0.15,0.004,40799,6,0.3
72002,27,468,29403,0.3,0.004,26571,9,0.5
8316305,48,216,80718,0.05,0.001,50401,4,0.7
47837351,59,84,145970,0.05,0.001,83604,5,0.3
33210681,57,108,130036,0.15,0.004,54434,6,0.5
71280,24,504,70263,0.05,0.001,48262,4,0.3
47190,31,420,44606,0.15,0.001,44776,9,0.5
17792,23,516,87683,0.05,0.001,74539,4,0.7
13384403,53,156,63485,0.15,0.004,42802,8,0.3
6890662,47,228,109885,0.15,0.004,60313,8,0.3
6313224,47,228,63245,0.15,0.004,33489,6,0.7
5944986,46,240,84132,0.15,0.004,52805,8,0.5
5511072,43,276,87644,0.15,0.001,63029,8,0.3
589677,26,480,54235,0.05,0.001,30817,4,0.7
7749511,37,348,121060,0.05,0.001,72878,6,0.5
2362297,52,168,34223,0.3,0.008,28294,14,0.3
364014,37,348,45542,0.3,0.008,37759,9,0.3
22099950,36,360,207700,0.05,0.001,116755,5,0.7
6405859,53,156,115884,0.3,0.008,86085,10,0.5
31110709,56,120,232809,0.15,0.004,105281,8,0.3
163416,32,408,48768,0.3,0.008,47321,16,0.5
140758,37,348,31722,0.15,0.001,29490,9,0.7
1086275,44,264,70555,0.15,0.004,43624,7,0.7
890061,29,444,97772,0.05,0.001,59934,6,0.7
237228,26,480,45165,0.3,0.004,32370,13,0.3
9136394,35,372,130545,0.05,0.001,57674,5,0.5
4079373,28,456,119760,0.05,0.001,77046,6,0.7
3510148,33,396,128753,0.05,0.001,53188,4,0.5
4699699,47,228,79144,0.3,0.008,53021,19,0.5
1856171,37,348,49448,0.05,0.001,40323,7,0.5
13007118,53,156,75947,0.3,0.008,50522,18,0.3
16131436,57,108,105875,0.05,0.001,81777,6,0.5
330996,31,420,38281,0.3,0.004,32705,18,0.3
210393,30,432,35395,0.15,0.004,31072,8,0.5
1247781,35,372,33728,0.05,0.001,27018,7,0.5
106181665,41,300,245137,0.05,0.001,95312,5,0.5
98255,29,444,47318,0.15,0.001,44648,6,0.5
1394295,48,216,46622,0.3,0.008,39759,14,0.5
5827014,30,432,300000,0.05,0.001,152536,7,0.7
10800135,51,180,64697,0.3,0.004,36083,14,0.3
97976,24,504,80176,0.05,0.001,59900,6,0.5
44370323,57,108,133496,0.05,0.001,61573,6,0.3
553104,50,192,34572,0.15,0.001,30561,7,0.7
646768,27,468,74103,0.15,0.001,42838,9,0.5
647423,42,288,21174,0.3,0.008,15360,13,0.5
0,22,528,37522,0.05,0.001,38352,6,0.7
3511147,38,336,58961,0.05,0.001,35945,4,0.3
2059774,28,456,300000,0.15,0.004,149933,7,0.5
2143995,32,408,58083,0.3,0.008,40518,19,0.7
7515779,48,216,95000,0.05,0.001,70148,7,0.7
11769,23,516,37174,0.15,0.001,26892,6,0.5
2188218,55,132,38856,0.15,0.004,32297,9,0.5
5468395,43,276,94452,0.05,0.001,74695,5,0.3
243693,39,324,40768,0.15,0.004,36787,6,0.3
7794169,48,216,62095,0.15,0.004,31837,8,0.5
2788983,34,384,53517,0.05,0.001,29041,7,0.7
9035594,52,168,98372,0.05,0.001,75961,6,0.5
32873126,59,84,83077,0.15,0.001,53558,8,0.5
376642,41,300,33642,0.15,0.001,29463,8,0.5
4960853,48,216,102886,0.15,0.004,74058,9,0.5
20567326,49,204,86728,0.15,0.004,47211,9,0.5
4453276,36,360,107453,0.05,0.001,67035,5,0.5
659831,24,504,169244,0.05,0.001,96128,4,0.7
133851,27,468,28053,0.15,0.004,25237,6,0.3
23738017,48,216,106279,0.15,0.001,78178,6,0.5
8339065,53,156,68004,0.15,0.001,50476,9,0.3
253212,31,420,36563,0.15,0.004,32875,8,0.5
18325643,40,312,127341,0.15,0.004,54114,8,0.5
88990,31,420,41685,0.15,0.001,42830,6,0.7
3255844,44,264,64553,0.05,0.001,42137,4,0.5
22298,24,504,49503,0.3,0.004,41921,15,0.5
20665279,46,240,175842,0.05,0.001,109287,5,0.5
3801676,39,324,70865,0.15,0.004,43091,6,0.5
346590,33,396,49217,0.15,0.004,42193,9,0.3
4084012,39,324,61182,0.15,0.004,46349,6,0.7
2830633,34,384,76488,0.05,0.001,55029,6,0.7
412643,47,228,42199,0.3,0.008,41787,19,0.7
0,22,528,62327,0.15,0.004,31924,6,0.3
5346629,29,444,300000,0.15,0.001,127399,7,0.7
16532222,53,156,64450,0.15,0.004,39440,9,0.5
291993,32,408,45612,0.3,0.004,40575,10,0.3
92393,29,444,44821,0.3,0.008,44993,21,0.3
10366491,52,168,37316,0.15,0.004,25087,6,0.5
56063,24,504,81674,0.05,0.001,47679,4,0.3
10104621,39,324,141212,0.15,0.004,71606,8,0.3
309956,38,336,31622,0.3,0.004,35103,21,0.5
1348156,29,444,117666,0.05,0.001,83739,7,0.5
19264624,41,300,211757,0.05,0.001,100492,6,0.7
68196199,56,120,146238,0.05,0.001,87313,5,0.5
4563388,43,276,120561,0.05,0.001,64154,7,0.7
0,22,528,65246,0.05,0.001,40363,7,0.3
1773043,32,408,92376,0.05,0.001,78706,7,0.7
83865247,53,156,200223,0.05,0.001,71295,6,0.5
2344218,37,348,91735,0.15,0.001,51545,6,0.5
11509062,33,396,300000,0.05,0.001,182885,4,0.7
239368,31,420,39350,0.15,0.001,35435,7,0.7
1310294,50,192,60351,0.15,0.004,39838,9,0.7
31540456,58,96,90545,0.05,0.001,54235,7,0.3
6162605,39,324,67872,0.15,0.004,38412,9,0.5
8686541,44,264,50127,0.15,0.001,30328,9,0.3
1321490,50,192,39071,0.15,0.004,30694,8,0.3
11762559,40,312,105474,0.3,0.004,53699,18,0.5
1450141,47,228,39167,0.3,0.008,29277,21,0.3
1165204,40,312,44993,0.15,0.004,36342,9,0.5
1265451,27,468,74365,0.05,0.001,53125,5,0.5
2827,23,516,28504,0.15,0.001,31761,7,0.5
11212074,38,336,114015,0.05,0.001,73861,5,0.5
78288,27,468,23363,0.15,0.004,16708,7,0.5
620887,43,276,23108,0.15,0.001,19578,7,0.5
16262585,54,144,51691,0.15,0.004,35980,6,0.3
402333,34,384,59122,0.3,0.004,47304,19,0.5
1411155,38,336,93790,0.15,0.001,80833,6,0.5
2023385,31,420,50289,0.3,0.004,33312,23,0.7
1677607,44,264,35834,0.15,0.004,25362,8,0.5
33044614,56,120,100045,0.15,0.004,73072,9,0.3
13740958,45,252,89969,0.15,0.001,53202,8,0.7
149869327,56,120,234133,0.05,0.001,106391,4,0.3
799837,35,372,40645,0.15,0.004,33360,8,0.5
2347852,35,372,115111,0.15,0.004,74928,9,0.5
11657545,52,168,50938,0.15,0.001,37479,7,0.3
6096378,35,372,114379,0.05,0.001,76651,5,0.5
6720160,35,372,153412,0.05,0.001,56699,6,0.5
5463625,42,288,77694,0.15,0.001,39734,7,0.5
94834,24,504,61955,0.05,0.001,31361,4,0.7
1356919,30,432,121395,0.05,0.001,77960,5,0.7
80360778,42,288,300000,0.15,0.004,128387,8,0.3
19408604,51,180,122132,0.05,0.001,62709,6,0.3
9867912,37,348,300000,0.05,0.001,182517,7,0.5
588344,44,264,40822,0.3,0.004,38375,22,0.5
237117,24,504,103572,0.05,0.001,66171,7,0.7
96143,32,408,22337,0.15,0.004,20147,9,0.5
228410,25,492,54016,0.05,0.001,38493,4,0.7
206147,27,468,48544,0.15,0.001,35077,6,0.5
25574,23,516,58161,0.15,0.001,39703,7,0.5
1157522,45,252,45883,0.3,0.008,34252,19,0.5
6998652,33,396,175373,0.05,0.001,112939,4,0.7
536769,27,468,84925,0.15,0.004,63277,6,0.7
9971021,37,348,126131,0.05,0.001,57290,4,0.5
12205098,34,384,159875,0.05,0.001,85232,5,0.7
2468480,27,468,107134,0.15,0.004,79247,7,0.7
970537,26,480,61836,0.05,0.001,40661,5,0.7
7524590,55,132,64251,0.05,0.001,34346,4,0.3
13675300,45,252,101501,0.05,0.001,66585,7,0.5
12924903,50,192,116743,0.05,0.001,97154,5,0.5
264660,24,504,300000,0.3,0.004,196192,13,0.5
127527906,56,120,300000,0.05,0.001,182906,7,0.5
63502971,50,192,125465,0.05,0.001,54409,5,0.5
14664,24,504,57637,0.3,0.004,49203,21,0.7
2677205,39,324,80602,0.3,0.004,45288,8,0.5
2640484,27,468,80712,0.05,0.001,55688,4,0.5
851218,28,456,84745,0.3,0.004,40222,17,0.5
151781653,54,144,300000,0.15,0.001,145295,6,0.3
9205761,45,252,107297,0.05,0.001,71125,6,0.5
9682527,46,240,71773,0.05,0.001,55603,6,0.3
722828,32,408,47524,0.15,0.001,36048,7,0.7
203035,28,456,41823,0.3,0.008,33872,17,0.5
953945,34,384,29995,0.15,0.004,25178,9,0.7
117576457,48,216,300000,0.05,0.001,131731,4,0.7
12562565,43,276,111574,0.05,0.001,70728,4,0.5
782838,28,456,78293,0.05,0.001,57761,5,0.5
2913529,39,324,56178,0.3,0.008,36637,8,0.5
84596,24,504,79386,0.05,0.001,41355,4,0.5
45470,27,468,23656,0.15,0.001,22763,9,0.5
175692,36,360,45948,0.15,0.004,44542,7,0.5
19237447,57,108,92827,0.15,0.004,57050,7,0.3
8782,24,504,20000,0.15,0.001,17498,6,0.7
126283,27,468,23355,0.05,0.001,19030,7,0.5
125942054,56,120,300000,0.15,0.001,216990,6,0.5
1297394,33,396,52597,0.15,0.001,34655,7,0.7
46911830,57,108,77084,0.05,0.001,51647,4,0.5
0,22,528,120466,0.05,0.001,72564,7,0.3
77189,27,468,39905,0.05,0.001,40801,7,0.5
638877,39,324,41881,0.15,0.004,36148,6,0.3
5744098,50,192,85275,0.15,0.004,53849,7,0.5
2723998,34,384,51846,0.05,0.001,34315,5,0.7
9123433,31,420,183964,0.05,0.001,93640,6,0.7
3675344,31,420,300000,0.15,0.001,166422,6,0.5
20525599,38,336,177979,0.05,0.001,81392,5,0.3
0,22,528,47824,0.05,0.001,40317,7,0.3
26191871,56,120,106855,0.05,0.001,81236,4,0.3
566096,30,432,40115,0.15,0.001,27983,9,0.7
15369620,52,168,71877,0.15,0.004,51694,8,0.5
1345009,34,384,46121,0.15,0.004,34683,7,0.5
68725830,42,288,300000,0.15,0.001,193851,9,0.3
5455142,47,228,60543,0.15,0.004,35759,8,0.3
13927616,34,384,300000,0.05,0.001,163812,4,0.5
1561412,32,408,73809,0.05,0.001,49023,6,0.7
2383278,44,264,70992,0.15,0.001,48271,7,0.5
721121,37,348,34744,0.3,0.008,28240,18,0.3
4604963,59,84,49732,0.15,0.004,40837,6,0.3
2557458,58,96,41220,0.3,0.008,30979,12,0.5
41128629,52,168,271073,0.05,0.001,150222,6,0.3
2975113,38,336,125451,0.3,0.008,75521,9,0.5
1281211,36,360,34160,0.3,0.008,25470,17,0.3
1021443,31,420,38126,0.15,0.001,27266,8,0.7
419125,29,444,73593,0.05,0.001,52000,5,0.3
24520303,51,180,108475,0.15,0.004,82401,9,0.3
53838,28,456,20000,0.3,0.004,19703,16,0.7
2920124,42,288,64655,0.3,0.004,46034,11,0.3
11158814,52,168,100852,0.05,0.001,63628,7,0.3
3632553,57,108,51643,0.15,0.001,32203,7,0.5
10110581,38,336,130237,0.05,0.001,75199,6,0.3
81084600,54,144,165794,0.15,0.004,94356,9,0.5
76427449,54,144,155060,0.05,0.001,54552,4,0.5
37916518,59,84,93979,0.05,0.001,65548,7,0.3
4459430,40,312,159040,0.05,0.001,104742,7,0.5
12421159,57,108,79598,0.15,0.001,63236,7,0.3
148177,31,420,35116,0.3,0.008,30417,11,0.3
4248648,48,216,73103,0.3,0.008,54303,15,0.3
26170969,34,384,215414,0.05,0.001,93397,6,0.7
1181155,28,456,81848,0.05,0.001,47419,5,0.7
0,22,528,35420,0.05,0.001,27518,5,0.3
3005641,55,132,46283,0.15,0.004,36446,6,0.5
8057864,47,228,65084,0.15,0.004,43518,9,0.5
3419598,31,420,74952,0.15,0.001,48453,8,0.7
6058204,42,288,79288,0.15,0.001,53717,8,0.3
124642,25,492,26113,0.15,0.001,20946,8,0.3
42557131,51,180,187211,0.05,0.001,92896,4,0.5
43846791,54,144,122896,0.05,0.001,67198,5,0.3
4199625,45,252,65186,0.3,0.004,46707,14,0.3
18756493,51,180,66843,0.05,0.001,43391,5,0.3
0,22,528,85324,0.15,0.001,51343,8,0.5
10556765,38,336,130681,0.05,0.001,75411,4,0.7
3161786,46,240,77812,0.15,0.001,67238,6,0.5
47616312,53,156,94841,0.05,0.001,57741,6,0.5
1737407,29,444,103070,0.05,0.001,74249,6,0.7
2601474,56,120,55791,0.15,0.004,33395,7,0.3
163610,24,504,67823,0.15,0.001,42213,9,0.5
6939980,50,192,53226,0.05,0.001,42773,5,0.5
1134226,34,384,67538,0.15,0.004,46548,8,0.7
2984576,44,264,44809,0.05,0.001,37379,7,0.3
19672535,33,396,300000,0.15,0.004,108042,7,0.5
12287876,41,300,254418,0.05,0.001,162612,6,0.5
145741174,58,96,300000,0.05,0.001,185334,4,0.3
29278129,58,96,55872,0.15,0.001,24081,6,0.3
186033,27,468,34781,0.15,0.001,28875,8,0.3
121793437,52,168,215916,0.05,0.001,70012,6,0.3
3627850,33,396,72461,0.05,0.001,41580,4,0.7
0,22,528,33964,0.3,0.008,28331,16,0.7
130513,30,432,26675,0.3,0.004,24147,16,0.5
25804862,49,204,120594,0.15,0.004,54875,7,0.7
167195,39,324,28795,0.15,0.001,28573,9,0.5
184542877,51,180,300000,0.05,0.001,148892,6,0.3
9644420,38,336,85651,0.15,0.004,56728,8,0.5
241500,26,480,40572,0.05,0.001,35086,7,0.3
372882,36,360,31458,0.15,0.001,25808,8,0.3
2532998,47,228,51685,0.05,0.001,31612,7,0.7
44607,23,516,57030,0.05,0.001,44858,7,0.5
868334,46,240,36956,0.3,0.008,29695,11,0.5
512311,31,420,36504,0.15,0.004,30929,7,0.7
140003640,54,144,175461,0.05,0.001,79342,7,0.3
7796132,35,372,102775,0.05,0.001,74803,5,0.5
4726841,35,372,300000,0.05,0.001,198600,7,0.5
85230522,52,168,211362,0.05,0.001,109922,6,0.3
28039365,58,96,97770,0.15,0.004,60395,7,0.3
23016,24,504,26494,0.3,0.008,21146,18,0.5
17174448,50,192,112731,0.05,0.001,79056,7,0.7
322644,28,456,31009,0.15,0.004,22344,7,0.5
963098,50,192,61041,0.15,0.001,55086,9,0.3
6957367,40,312,80871,0.05,0.001,46382,6,0.5
11204673,51,180,141294,0.15,0.004,81453,7,0.5
9556452,44,264,59309,0.3,0.004,37032,22,0.3
118017644,52,168,300000,0.05,0.001,194060,6,0.5
18305240,40,312,202251,0.05,0.001,86910,7,0.7
4714638,39,324,78766,0.15,0.004,55078,6,0.7
7208290,41,300,111697,0.05,0.001,74720,6,0.5
7847819,30,432,300000,0.05,0.001,154038,4,0.7
636725,49,204,43159,0.3,0.004,36829,17,0.5
21610152,52,168,92680,0.15,0.004,61515,6,0.3
143049,47,228,38267,0.15,0.001,35716,8,0.7
129770703,56,120,179871,0.05,0.001,92135,5,0.3
144526,37,348,25815,0.15,0.001,19495,9,0.5
11366679,57,108,39928,0.15,0.004,31676,9,0.3
40422766,43,276,192336,0.05,0.001,114478,4,0.7
20845917,52,168,64826,0.05,0.001,50682,6,0.3
13543383,29,444,300000,0.05,0.001,151070,4,0.7
552283,41,300,23415,0.15,0.001,16223,9,0.5
9701402,47,228,70840,0.05,0.001,50750,5,0.3
200982,33,396,26911,0.3,0.004,24519,23,0.5
4206941,38,336,62101,0.05,0.001,41727,7,0.3
6376994,43,276,66347,0.05,0.001,37771,7,0.5
417797,30,432,52013,0.15,0.004,34539,7,0.5
462734,49,204,48206,0.3,0.004,45582,23,0.5
1762547,29,444,84579,0.15,0.004,53837,9,0.5
2352841,29,444,300000,0.3,0.008,160125,18,0.7
2666237,35,372,69102,0.05,0.001,60426,6,0.5
648366,29,444,53585,0.15,0.001,30121,7,0.7
17856137,51,180,77670,0.15,0.004,46032,8,0.3
3210217,44,264,73642,0.15,0.004,51859,9,0.5
32412650,56,120,72679,0.05,0.001,42518,5,0.3
21836197,45,252,107454,0.15,0.001,61299,8,0.7
33121562,50,192,100707,0.05,0.001,67484,7,0.3
2681383,28,456,171250,0.05,0.001,121687,4,0.5
3203213,43,276,41617,0.15,0.004,32510,9,0.5
0,22,528,68205,0.3,0.004,47808,15,0.5
3746171,53,156,70711,0.15,0.004,44732,9,0.5
63654737,58,96,146087,0.05,0.001,75566,7,0.3
10091828,52,168,70032,0.15,0.004,43071,8,0.3
523187,49,204,29678,0.3,0.004,25684,16,0.3
14802049,45,252,57560,0.05,0.001,35534,6,0.5
3302690,34,384,82112,0.05,0.001,54244,5,0.7
2871602,55,132,49064,0.3,0.008,44999,8,0.3
32057514,55,132,131348,0.05,0.001,83320,5,0.5
2953267,31,420,300000,0.15,0.004,216319,6,0.7
31218883,55,132,78776,0.15,0.001,40258,8,0.5
50319,26,480,33744,0.15,0.004,24665,7,0.5
5356687,44,264,67909,0.05,0.001,39307,4,0.5
28331621,52,168,203873,0.15,0.004,120054,6,0.3
336324,33,396,40235,0.15,0.004,34198,6,0.7
6379928,38,336,93668,0.15,0.004,59740,8,0.5
19572938,37,348,300000,0.05,0.001,160253,5,0.3
3036707,45,252,56040,0.15,0.004,29813,7,0.7
49548,23,516,50705,0.05,0.001,34569,4,0.5
13438610,41,300,179950,0.05,0.001,118553,5,0.3
5634414,40,312,101422,0.15,0.001,69205,7,0.7
11353942,47,228,96650,0.15,0.001,56618,8,0.3
1314155,32,408,98467,0.15,0.004,58254,8,0.7
2300979,44,264,84486,0.15,0.001,44458,8,0.5
869905,34,384,47516,0.15,0.004,34692,9,0.7
5425922,59,84,64593,0.15,0.004,46315,6,0.5
6340096,48,216,115415,0.15,0.004,77442,9,0.5
883739,32,408,30333,0.3,0.004,19371,11,0.7
605728,26,480,90290,0.05,0.001,56662,4,0.7
122517966,41,300,300000,0.05,0.001,145726,7,0.5
6723,23,516,31329,0.3,0.004,24231,10,0.5
2499021,37,348,70322,0.05,0.001,54483,7,0.7
98286250,51,180,149900,0.05,0.001,74428,5,0.3
287693,30,432,29934,0.15,0.001,27488,8,0.5
7671,24,504,25912,0.15,0.004,26391,6,0.5
252040,35,372,21214,0.3,0.004,18997,12,0.7
8258334,52,168,80771,0.05,0.001,50571,7,0.3
15705512,58,96,70162,0.3,0.008,31984,19,0.5
27744973,57,108,73321,0.15,0.004,44663,6,0.5
2959144,35,372,80387,0.05,0.001,47660,6,0.5
3725095,33,396,141901,0.05,0.001,73785,7,0.7
26805,23,516,74829,0.05,0.001,53003,7,0.3
1506104,39,324,51135,0.15,0.004,33258,7,0.3
171573817,53,156,300000,0.15,0.004,142343,8,0.3
505632,34,384,28586,0.3,0.008,22911,20,0.7
580674,36,360,31618,0.15,0.001,24802,7,0.5
20007301,53,156,55575,0.15,0.001,33467,8,0.3
5138157,39,324,67124,0.15,0.004,42129,6,0.3
19761155,51,180,79809,0.15,0.001,48244,9,0.3
18057739,58,96,106568,0.15,0.004,73178,6,0.3
16052620,54,144,133199,0.05,0.001,70126,4,0.3
2450539,31,420,64574,0.05,0.001,41691,7,0.5
6481188,49,204,111478,0.15,0.004,97860,8,0.5
14313331,52,168,87764,0.3,0.004,61166,11,0.3
1692451,27,468,88543,0.05,0.001,55360,4,0.7
1929836,40,312,61668,0.15,0.001,48314,6,0.7
0,22,528,45739,0.15,0.004,31794,7,0.3
460069,33,396,44087,0.15,0.001,42307,9,0.7
1782266,49,204,39979,0.15,0.004,35548,6,0.3
84800331,48,216,300000,0.15,0.004,178685,7,0.5
361295,26,480,92264,0.15,0.001,71664,7,0.3
99277,23,516,60815,0.15,0.004,32907,9,0.5
4609096,40,312,68440,0.05,0.001,40529,6,0.3
11279367,59,84,42628,0.15,0.001,30217,8,0.3
4344748,33,396,91747,0.15,0.001,49727,7,0.5
4408345,53,156,66876,0.05,0.001,56949,6,0.3
83353972,54,144,208266,0.15,0.004,97128,8,0.3
95881,27,468,25217,0.3,0.008,18983,14,0.5
4728319,35,372,86637,0.05,0.001,52514,5,0.5
75839481,57,108,269247,0.15,0.001,157434,6,0.3
363129,32,408,20000,0.15,0.004,16228,6,0.5
70837122,59,84,181695,0.05,0.001,105719,5,0.5
9018876,38,336,90565,0.15,0.001,54966,7,0.5
3828690,55,132,41404,0.15,0.001,31135,7,0.3
7654109,44,264,57284,0.15,0.001,34575,7,0.5
7670445,47,228,75239,0.15,0.001,42693,7,0.3
69598,27,468,42039,0.15,0.004,33679,7,0.3
32727072,53,156,196465,0.05,0.001,100888,4,0.5
81372495,44,264,254493,0.05,0.001,111073,7,0.3
4140944,40,312,72385,0.05,0.001,37857,6,0.5
426431,27,468,27345,0.15,0.004,20847,7,0.5
24145029,51,180,115613,0.05,0.001,72731,5,0.3
221474,26,480,54948,0.3,0.008,38369,19,0.7
1067690,26,480,96673,0.05,0.001,74893,7,0.5
2874246,42,288,50397,0.3,0.004,30158,12,0.3
1417732,27,468,110507,0.05,0.001,67924,4,0.5
120562847,59,84,96436,0.05,0.001,51163,6,0.5
180345610,59,84,300000,0.3,0.008,180965,17,0.3
18652619,51,180,300000,0.05,0.001,214362,6,0.3
108486957,59,84,141095,0.05,0.001,65101,7,0.3
568262,51,180,20000,0.15,0.001,20923,6,0.3
1143023,42,288,43534,0.15,0.004,32266,9,0.3
60296,30,432,36938,0.05,0.001,34319,5,0.3
2012991,28,456,114453,0.05,0.001,91936,6,0.5
3480505,57,108,57120,0.15,0.001,33501,8,0.3
10091978,36,360,124812,0.05,0.001,56813,5,0.5
8454707,55,132,75037,0.15,0.001,44175,8,0.5
9908951,51,180,51309,0.3,0.004,27509,10,0.3
380921,31,420,61711,0.15,0.004,40265,8,0.5
223009568,59,84,169533,0.05,0.001,90665,5,0.5
28432094,50,192,77049,0.05,0.001,47580,6,0.5
85427991,57,108,300000,0.3,0.008,116734,12,0.3
53557,25,492,47824,0.15,0.004,50408,6,0.5
19168895,51,180,71645,0.15,0.001,59026,6,0.3
24854725,43,276,133328,0.05,0.001,87803,6,0.5
403831,45,252,40299,0.15,0.004,36030,8,0.3
6354931,52,168,88046,0.15,0.001,45585,9,0.5
654448,27,468,60137,0.05,0.001,34043,6,0.7
3634336,37,348,89620,0.05,0.001,57959,6,0.3
34367031,37,348,300000,0.05,0.001,147587,6,0.5
6385750,38,336,136012,0.05,0.001,53804,5,0.5
126986007,46,240,300000,0.05,0.001,139335,7,0.7
4214861,40,312,60019,0.05,0.001,41402,7,0.5
2066759,53,156,52644,0.15,0.001,38624,9,0.3
1327484,52,168,33479,0.15,0.004,33946,6,0.5
24042173,52,168,300000,0.15,0.004,174526,7,0.3
114658,28,456,20771,0.15,0.001,15279,9,0.3
491819,53,156,20000,0.15,0.004,17791,9,0.5
2568810,31,420,71080,0.05,0.001,49732,4,0.5
37119088,45,252,153955,0.05,0.001,81505,7,0.5
37156711,53,156,123567,0.05,0.001,80520,6,0.5
5612567,37,348,123209,0.05,0.001,71199,7,0.7
87263474,50,192,300000,0.15,0.001,167274,8,0.3
1589783,44,264,24669,0.3,0.004,18405,15,0.3
1362775,27,468,177122,0.05,0.001,115442,5,0.7
1603801,32,408,83157,0.15,0.004,58039,6,0.5
91662,29,444,43356,0.3,0.004,43609,10,0.5
0,22,528,33351,0.15,0.004,30389,7,0.3
11303183,52,168,64872,0.05,0.001,39937,4,0.3
1679162,32,408,81800,0.15,0.001,57595,6,0.5
478594,45,252,39571,0.15,0.001,40378,7,0.5
32048,23,516,62393,0.05,0.001,29210,5,0.5
3359409,47,228,69183,0.05,0.001,58496,4,0.3
8740409,32,408,115289,0.05,0.001,83002,4,0.5
8174954,40,312,56092,0.05,0.001,31228,7,0.7
348698,29,444,38811,0.05,0.001,32791,5,0.5
349222,25,492,63038,0.05,0.001,43767,4,0.5
1122245,29,444,66927,0.15,0.001,45828,7,0.5
764114,52,168,43066,0.15,0.001,46792,8,0.3
3984698,55,132,30126,0.15,0.004,22750,9,0.3
4144397,34,384,77090,0.15,0.001,49097,7,0.7
29793444,54,144,108249,0.05,0.001,74787,7,0.3
19255664,55,132,107908,0.3,0.004,70732,13,0.5
30859699,55,132,108979,0.15,0.004,78770,6,0.5
1884863,29,444,127103,0.05,0.001,98169,4,0.7
8689673,40,312,86054,0.15,0.004,48772,9,0.7
16838155,59,84,58641,0.15,0.004,46781,8,0.3
0,22,528,49532,0.3,0.004,38237,20,0.3
15092444,53,156,68008,0.3,0.008,39267,21,0.5
8420984,58,96,59483,0.3,0.004,37608,13,0.3
2446685,59,84,45202,0.15,0.001,43337,7,0.3
21249207,50,192,109255,0.3,0.008,57072,16,0.5
31227877,53,156,129780,0.05,0.001,65062,6,0.3
2531760,32,408,76783,0.05,0.001,36772,7,0.7
2687435,34,384,105641,0.05,0.001,77322,4,0.7
524849,34,384,38915,0.15,0.001,34069,6,0.7
44158,25,492,27754,0.3,0.008,20919,9,0.3
9238483,41,300,126636,0.05,0.001,79097,7,0.7
256121,29,444,49328,0.05,0.001,52303,5,0.7
3117634,33,396,53223,0.15,0.001,29453,7,0.7
1094360,42,288,36165,0.3,0.004,29910,23,0.5
107983,25,492,38432,0.05,0.001,30733,5,0.5
772223,27,468,66897,0.15,0.004,48620,9,0.7
2508324,37,348,99203,0.05,0.001,63876,6,0.3
621288,29,444,67810,0.05,0.001,38976,4,0.5
2648762,30,432,111694,0.05,0.001,62481,7,0.7
18590006,57,108,74782,0.15,0.001,36988,8,0.3
487809,26,480,139806,0.05,0.001,86842,7,0.7
290556,32,408,27842,0.15,0.004,23684,6,0.7
43392114,45,252,300000,0.15,0.004,105129,8,0.3
5081543,40,312,51225,0.15,0.004,33664,7,0.3
229386,33,396,33545,0.15,0.004,26983,7,0.5
407976,30,432,34351,0.15,0.004,25677,8,0.5
0,22,528,118754,0.05,0.001,80020,5,0.3
161272,38,336,49600,0.15,0.004,47007,9,0.7
132793,34,384,38796,0.3,0.008,37619,19,0.3
8169170,48,216,81316,0.05,0.001,42933,7,0.3
2181389,47,228,59225,0.15,0.004,45900,6,0.3
2984045,45,252,36802,0.3,0.008,25558,11,0.7
2669674,39,324,69315,0.05,0.001,50579,5,0.3
6622660,36,360,64414,0.15,0.004,43112,9,0.5
8017713,53,156,69972,0.15,0.004,37071,7,0.3
10991366,51,180,108821,0.15,0.004,62862,8,0.3
11684270,27,468,300000,0.05,0.001,130773,4,0.7
3115084,45,252,52692,0.15,0.001,32319,9,0.5
96689681,56,120,197711,0.05,0.001,127708,7,0.3
10137383,41,300,68755,0.15,0.004,46379,8,0.3
44439,26,480,22506,0.15,0.001,18355,6,0.3
253148,38,336,48893,0.05,0.001,59688,6,0.7
13789944,46,240,73761,0.3,0.008,40648,21,0.3
3807742,37,348,76443,0.05,0.001,45045,5,0.3
14096774,55,132,74118,0.3,0.004,54424,23,0.5
3143903,39,324,59754,0.15,0.004,40351,8,0.3
12723844,53,156,93033,0.15,0.004,53723,8,0.3
3733468,44,264,62460,0.05,0.001,49814,7,0.5
8533,23,516,20009,0.3,0.008,15803,23,0.5
15682647,54,144,120428,0.05,0.001,70413,7,0.3
31757329,52,168,119691,0.05,0.001,72198,7,0.3
124585,30,432,36788,0.15,0.004,32848,9,0.5
3480977,56,120,40954,0.3,0.008,41835,12,0.5
823807,25,492,135520,0.05,0.001,57298,4,0.5
21382730,59,84,87149,0.3,0.008,42052,18,0.3
271181,48,216,28338,0.15,0.004,26327,7,0.7
232021,25,492,73418,0.15,0.004,53547,9,0.3
100077087,46,240,266957,0.05,0.001,119886,6,0.3
292421,25,492,104036,0.15,0.004,75315,9,0.7
6960469,39,324,112360,0.15,0.004,80766,7,0.3
294905,37,348,46383,0.15,0.004,48217,7,0.5
105677111,58,96,82091,0.05,0.001,52074,7,0.3
4906844,30,432,100578,0.05,0.001,58422,7,0.7
532717,27,468,79017,0.05,0.001,45639,7,0.7
4225349,58,96,30376,0.15,0.004,21980,8,0.3
0,22,528,36187,0.15,0.004,33774,9,0.3
2743496,27,468,128134,0.05,0.001,52532,4,0.7
537898,26,480,68386,0.05,0.001,46721,5,0.7
10849461,36,360,87831,0.05,0.001,43732,5,0.5
10870972,47,228,71982,0.3,0.004,45792,23,0.5
960584,36,360,64236,0.05,0.001,40798,4,0.7
8874786,47,228,87878,0.05,0.001,48553,4,0.3
42314139,52,168,137724,0.05,0.001,73515,5,0.5
28858626,49,204,110199,0.05,0.001,70685,4,0.7
12490971,38,336,177102,0.05,0.001,108879,5,0.7
3922926,42,288,69393,0.15,0.001,36073,9,0.5
18973463,42,288,186467,0.05,0.001,106269,5,0.5
20271481,56,120,85708,0.15,0.001,48824,7,0.3
1028437,29,444,77257,0.05,0.001,54217,5,0.7
14303965,49,204,136445,0.15,0.004,61881,8,0.5
2777470,39,324,52691,0.15,0.001,33499,6,0.7
49713172,46,240,132560,0.05,0.001,91690,5,0.5
3089153,34,384,83994,0.15,0.001,58173,9,0.7
2756548,53,156,75328,0.15,0.001,59562,7,0.3
3555326,44,264,33798,0.3,0.008,22282,15,0.7
0,22,528,47683,0.15,0.001,45007,7,0.5
17228480,56,120,65187,0.15,0.004,36693,7,0.5
444905,31,420,67641,0.3,0.004,53202,19,0.7
1224368,35,372,50711,0.15,0.004,33719,7,0.5
4330763,35,372,72458,0.15,0.001,45916,7,0.3
2377269,35,372,66662,0.05,0.001,42010,4,0.5
326130,40,312,41843,0.15,0.001,38302,8,0.5
8000191,49,204,69360,0.15,0.001,42887,6,0.3
9130363,36,360,125428,0.05,0.001,51729,7,0.3
1786795,32,408,63390,0.15,0.004,33698,7,0.5
103199070,51,180,204542,0.05,0.001,137806,5,0.5
20694499,38,336,111076,0.15,0.001,54631,9,0.3
9270816,30,432,300000,0.15,0.004,164703,8,0.7
205566,29,444,44034,0.15,0.001,39074,9,0.3
26532530,46,240,110858,0.15,0.004,54231,7,0.5
8998,24,504,32021,0.15,0.004,25748,8,0.7
339731,39,324,48719,0.3,0.004,51704,14,0.5
224297,54,144,25703,0.15,0.001,27479,9,0.3
14731872,42,288,87408,0.05,0.001,56299,4,0.7
1314589,39,324,50369,0.15,0.001,32354,7,0.3
12219690,54,144,71757,0.05,0.001,39561,4,0.3
453175,41,300,48166,0.05,0.001,42995,4,0.5
129523510,52,168,227359,0.05,0.001,116720,4,0.3
8582965,54,144,109296,0.15,0.004,67470,6,0.3
6595905,41,300,53747,0.15,0.004,33323,7,0.7
3641269,45,252,102935,0.05,0.001,84533,5,0.5
19033412,51,180,117632,0.15,0.004,64896,9,0.5
2431960,34,384,62432,0.15,0.004,43270,9,0.7
72156803,54,144,124418,0.05,0.001,69719,4,0.3
27368462,50,192,146896,0.05,0.001,82412,5,0.5
427445,27,468,52721,0.3,0.004,35319,19,0.5
1179564,25,492,97132,0.15,0.004,55554,8,0.7
20000290,46,240,160152,0.05,0.001,90447,4,0.3
24454658,56,120,68793,0.05,0.001,35310,6,0.3
0,22,528,109234,0.05,0.001,64098,7,0.5
76655,30,432,31023,0.15,0.001,30433,9,0.5
4165,23,516,36370,0.15,0.004,34116,9,0.5
713667,35,372,48779,0.05,0.001,32885,7,0.5
12866449,58,96,72766,0.15,0.004,45961,7,0.3
33949768,45,252,177783,0.05,0.001,95713,4,0.5
28955622,50,192,60112,0.05,0.001,38239,5,0.7
1173969,42,288,31547,0.15,0.001,24470,8,0.5
10804062,58,96,76265,0.15,0.001,55640,9,0.5
23893113,46,240,105954,0.15,0.001,52890,7,0.5
10609136,54,144,115210,0.05,0.001,83201,5,0.3
0,22,528,30573,0.15,0.004,26985,6,0.5
913033,25,492,78542,0.05,0.001,48141,4,0.7
273969,30,432,47575,0.15,0.001,53843,9,0.5
3003350,34,384,97353,0.05,0.001,67206,7,0.5
9246811,52,168,72526,0.05,0.001,41549,4,0.3
4274662,30,432,72824,0.15,0.004,44550,6,0.7
3394234,37,348,60737,0.15,0.001,41352,8,0.5
18095901,53,156,87677,0.05,0.001,51611,6,0.3
5890710,37,348,93677,0.05,0.001,53343,4,0.3
3508759,33,396,86483,0.15,0.001,58892,7,0.7
5142611,39,324,80886,0.05,0.001,63519,7,0.3
0,22,528,107911,0.15,0.001,72843,7,0.3
77637367,59,84,146306,0.15,0.004,90533,6,0.5
41735922,55,132,117130,0.15,0.004,72823,9,0.3
8754483,34,384,161081,0.05,0.001,86149,4,0.7
3378822,53,156,48470,0.15,0.004,35476,9,0.3
1356350,26,480,114635,0.05,0.001,63362,4,0.7
276296,25,492,53380,0.15,0.004,27315,6,0.5
418266,25,492,80796,0.3,0.004,52078,16,0.5
588045,24,504,92462,0.05,0.001,53257,4,0.5
7500639,43,276,115854,0.05,0.001,81028,7,0.5
5451536,47,228,65177,0.05,0.001,38399,6,0.5
6969169,48,216,56432,0.15,0.001,31366,7,0.5
3774390,39,324,54076,0.3,0.008,31410,13,0.7
8146056,35,372,300000,0.05,0.001,146617,6,0.5
3142518,59,84,83203,0.15,0.004,71282,7,0.5
1156271,32,408,65106,0.15,0.004,39091,8,0.7
425795,28,456,63040,0.05,0.001,48894,7,0.5
15669019,51,180,115620,0.15,0.004,73900,7,0.3
3363206,49,204,58458,0.15,0.004,34061,7,0.7
10222183,49,204,68216,0.05,0.001,42229,7,0.3
8184825,34,384,183524,0.15,0.001,82748,7,0.7
6482,24,504,38697,0.05,0.001,45350,4,0.5
517288,37,348,48043,0.15,0.004,44615,8,0.5
11307799,47,228,50624,0.3,0.008,30537,8,0.5
10528286,41,300,96124,0.05,0.001,66549,7,0.5
300745,32,408,36488,0.3,0.008,30553,18,0.5
7975150,40,312,100162,0.05,0.001,66359,4,0.5
40479789,41,300,168028,0.05,0.001,91703,6,0.7
193568,28,456,25356,0.3,0.008,20079,11,0.3
440384,38,336,46524,0.15,0.001,41395,8,0.3
5888129,49,204,52071,0.15,0.004,31873,9,0.5
10434819,59,84,52295,0.15,0.004,32014,9,0.3
4962734,56,120,67934,0.15,0.004,38100,8,0.5
14244124,56,120,114445,0.15,0.001,93926,9,0.3
210000,33,396,49298,0.15,0.004,45359,8,0.3
5197510,39,324,137368,0.15,0.001,72114,9,0.5
30962854,48,216,107858,0.15,0.001,75365,6,0.3
22056289,57,108,79456,0.05,0.001,40671,4,0.3
221618,34,384,37954,0.3,0.004,32788,21,0.5
83232721,55,132,148616,0.05,0.001,83965,6,0.3
4381883,41,300,94743,0.3,0.004,49389,23,0.7
487494,40,312,38333,0.3,0.008,37679,14,0.5
507818,36,360,26103,0.3,0.008,19965,18,0.7
0,22,528,40925,0.05,0.001,30013,4,0.5
1096020,45,252,45826,0.3,0.008,36552,15,0.7
964102,29,444,72213,0.15,0.004,59949,7,0.5
8214465,58,96,36350,0.15,0.004,31231,9,0.3
1454398,33,396,86971,0.05,0.001,64378,4,0.7
6859042,42,288,58959,0.15,0.004,33486,8,0.5
18522618,40,312,174336,0.05,0.001,91340,7,0.3
2882579,26,480,300000,0.05,0.001,170812,4,0.5
1880314,36,360,105548,0.05,0.001,83761,4,0.5
10684205,30,432,120153,0.05,0.001,53659,7,0.5
2090280,35,372,86889,0.05,0.001,50572,7,0.3
433660,27,468,48798,0.15,0.004,33090,8,0.3
12763,24,504,31821,0.15,0.001,30771,8,0.5
1775168,32,408,58242,0.05,0.001,41817,6,0.7
71938818,45,252,299523,0.05,0.001,154313,6,0.5
0,22,528,200395,0.15,0.004,69279,6,0.5
559993,28,456,78836,0.05,0.001,61492,6,0.7
0,22,528,97673,0.05,0.001,64546,5,0.5
11553700,57,108,68679,0.05,0.001,44776,5,0.3
23256892,58,96,93254,0.15,0.004,78030,6,0.3
41660,27,468,27428,0.15,0.004,24760,9,0.7
107128792,53,156,300000,0.05,0.001,122608,5,0.3
21579342,31,420,223981,0.05,0.001,76422,6,0.7
17796880,53,156,67553,0.15,0.001,50803,8,0.3
25504249,54,144,77956,0.15,0.001,38444,6,0.5
1200522,34,384,51470,0.15,0.004,38372,9,0.7
10429136,44,264,67418,0.05,0.001,47825,7,0.5
4350588,25,492,169697,0.05,0.001,95026,5,0.5
9093401,50,192,107268,0.15,0.004,83357,9,0.3
34113239,52,168,211203,0.05,0.001,149575,4,0.3
22083322,50,192,85529,0.15,0.004,44313,6,0.5
224186,30,432,32673,0.15,0.001,25536,9,0.5
86360,35,372,32105,0.15,0.004,29739,9,0.7
16315987,46,240,114680,0.05,0.001,80224,4,0.5
3322517,49,204,73116,0.15,0.001,54117,8,0.5
3180141,30,432,122739,0.05,0.001,68978,4,0.5
440417,25,492,72950,0.05,0.001,41686,5,0.7
2371063,36,360,58122,0.3,0.008,38730,8,0.5
151201155,55,132,300000,0.05,0.001,188658,6,0.5
946124,48,216,45669,0.15,0.004,43122,6,0.5
20066229,55,132,97933,0.15,0.001,58490,8,0.5
0,22,528,30116,0.05,0.001,25740,7,0.5
1608180,33,396,58260,0.15,0.004,37022,9,0.5
1935887,27,468,72602,0.05,0.001,35477,6,0.5
2118123,41,300,45735,0.3,0.004,30742,17,0.3
26893250,41,300,169476,0.05,0.001,84540,4,0.5
2930979,32,408,57852,0.05,0.001,35403,4,0.7
2890734,33,396,69560,0.15,0.004,40837,8,0.7
1048349,41,300,42673,0.15,0.001,29839,7,0.3
5551978,34,384,108982,0.05,0.001,66811,6,0.5
16160352,40,312,164511,0.05,0.001,89102,5,0.5
89662,30,432,44597,0.05,0.001,42408,7,0.5
8942571,51,180,52043,0.15,0.004,27690,7,0.3
388416,35,372,39005,0.3,0.008,36036,16,0.3
7188027,50,192,59099,0.3,0.008,43383,14,0.5
1561044,36,360,92112,0.15,0.004,74874,7,0.5
1381046,40,312,40924,0.15,0.004,33431,7,0.5
8469,23,516,31597,0.3,0.008,29744,21,0.3
2541056,25,492,158173,0.05,0.001,69147,5,0.7
11908818,41,300,300000,0.15,0.001,190336,7,0.5
30368978,45,252,300000,0.3,0.008,133274,23,0.5
205819,30,432,41256,0.05,0.001,38645,5,0.5
17898881,43,276,96664,0.15,0.004,57377,9,0.3
2014066,34,384,52602,0.15,0.001,30691,6,0.7
1201232,31,420,77853,0.15,0.001,46559,8,0.5
5569194,55,132,45328,0.15,0.004,39856,9,0.5
668430,29,444,78657,0.05,0.001,57526,7,0.7
204052,27,468,36528,0.15,0.004,31018,9,0.3
9231930,41,300,129161,0.05,0.001,76342,6,0.5
717238,43,276,29845,0.15,0.004,26171,7,0.3
5920230,33,396,156831,0.05,0.001,90230,4,0.7
21605414,52,168,120106,0.15,0.004,58432,7,0.3
864766,26,480,65526,0.05,0.001,48145,4,0.5
50815,30,432,25317,0.3,0.008,23425,15,0.3
8031298,51,180,67294,0.3,0.004,38913,20,0.3
3130510,36,360,112537,0.05,0.001,98139,5,0.5
610596,39,324,42453,0.15,0.004,34606,9,0.5
9341024,48,216,50575,0.15,0.001,35139,8,0.3
304127,42,288,33511,0.15,0.001,32879,8,0.5
106245,31,420,20958,0.15,0.001,23843,7,0.5
833892,52,168,22450,0.3,0.008,19208,17,0.3
83101163,58,96,228493,0.15,0.004,134306,8,0.3
7345693,41,300,75122,0.15,0.004,44421,7,0.3
30764361,47,228,143471,0.05,0.001,52189,7,0.3
274986,38,336,30028,0.05,0.001,29215,5,0.7
2680360,29,444,65718,0.05,0.001,27947,6,0.7
677049,24,504,82762,0.05,0.001,45082,6,0.7
13299429,44,264,145237,0.05,0.001,92367,4,0.3
25278,25,492,47474,0.15,0.001,42150,9,0.5
19946904,57,108,300000,0.15,0.001,162805,8,0.5
2981821,46,240,64112,0.3,0.008,41232,23,0.3
3382131,49,204,44983,0.3,0.004,30019,14,0.5
669474,31,420,39498,0.15,0.001,27098,9,0.7
70542,24,504,71850,0.15,0.001,49718,7,0.5
26348089,53,156,133286,0.05,0.001,48500,4,0.3
248280,32,408,44531,0.3,0.004,42159,15,0.5
4893644,37,348,118992,0.15,0.001,75564,6,0.7
2552523,51,180,47224,0.3,0.008,40130,8,0.3
331794,28,456,27995,0.3,0.004,18831,9,0.3
7800250,41,300,58313,0.15,0.001,33440,6,0.3
8521137,57,108,57756,0.3,0.004,29644,20,0.3
4504537,40,312,86432,0.3,0.008,45877,18,0.7
150216,30,432,29525,0.15,0.004,26145,6,0.5
112385441,48,216,253761,0.05,0.001,120127,5,0.7
106268495,50,192,150817,0.05,0.001,77291,6,0.3
381095,40,312,47074,0.15,0.004,44635,6,0.7
4836596,59,84,48622,0.15,0.004,39954,6,0.5
2833701,37,348,58269,0.05,0.001,36378,4,0.7
850144,27,468,52874,0.05,0.001,33149,7,0.7
11726175,50,192,133457,0.05,0.001,79312,4,0.3
596042,44,264,38767,0.15,0.001,32756,8,0.5
866937,32,408,39803,0.15,0.004,25815,7,0.7
238272,28,456,60232,0.3,0.008,48419,17,0.7
523821,28,456,71915,0.05,0.001,56336,7,0.7
1142939,49,204,36988,0.15,0.001,33007,8,0.3
6579333,39,324,117272,0.05,0.001,98884,6,0.5
15320201,36,360,204509,0.05,0.001,128172,5,0.5
2685841,25,492,300000,0.05,0.001,140770,4,0.7
9974654,40,312,56122,0.15,0.004,33920,8,0.5
98124,24,504,64609,0.05,0.001,47032,4,0.3
6052674,30,432,300000,0.05,0.001,175280,6,0.7
10400299,55,132,162465,0.15,0.004,75259,9,0.3
228332108,56,120,235220,0.05,0.001,100404,4,0.3
542748,28,456,42844,0.3,0.004,28925,22,0.7
884912,52,168,45457,0.15,0.004,46713,6,0.3
4395111,47,228,114844,0.3,0.004,75789,22,0.7
4681516,30,432,126160,0.05,0.001,50573,5,0.7
206151,42,288,43044,0.15,0.001,43701,7,0.7
0,22,528,62771,0.15,0.004,45263,6,0.5
2685056,36,360,62900,0.3,0.004,45200,19,0.5
3022611,25,492,188074,0.05,0.001,111527,7,0.7
2039337,28,456,118174,0.05,0.001,77683,5,0.5
4035871,45,252,77584,0.05,0.001,55271,7,0.3
5459360,38,336,92790,0.05,0.001,55544,7,0.5
297696,33,396,23817,0.3,0.008,20298,23,0.3
97733853,58,96,300000,0.05,0.001,195569,5,0.3
211512,25,492,46825,0.05,0.001,40748,4,0.7
3295068,27,468,300000,0.15,0.001,139249,8,0.7
424155,39,324,41944,0.15,0.001,35388,7,0.7
4911331,55,132,83614,0.15,0.004,61063,8,0.5
598804,42,288,28216,0.3,0.008,21782,13,0.5
260968,23,516,160791,0.05,0.001,64953,4,0.5
11971118,33,396,300000,0.05,0.001,148927,4,0.7
5286832,31,420,95034,0.15,0.004,58726,9,0.7
43381121,52,168,300000,0.3,0.008,179869,11,0.3
189358,25,492,74435,0.15,0.001,49284,8,0.3
17296,24,504,48109,0.05,0.001,45698,5,0.7
36584703,48,216,124310,0.05,0.001,62952,7,0.3
1034073,27,468,140673,0.05,0.001,74513,7,0.7
3810437,55,132,56301,0.3,0.004,37258,19,0.5
65763,32,408,32579,0.3,0.008,36184,16,0.7
11193533,50,192,108780,0.05,0.001,64316,5,0.3
10482286,43,276,203245,0.05,0.001,94935,6,0.5
544779,35,372,49368,0.05,0.001,45572,5,0.5
33006971,52,168,112427,0.15,0.004,83504,6,0.3
1393227,28,456,115884,0.05,0.001,76255,5,0.5
3207547,37,348,76214,0.15,0.001,53095,7,0.5
23913814,56,120,91943,0.15,0.004,48421,7,0.3
14748229,59,84,50070,0.05,0.001,30169,5,0.3
27315308,43,276,140116,0.05,0.001,62835,4,0.3
39091025,52,168,135872,0.05,0.001,65444,4,0.3
18373008,40,312,107278,0.05,0.001,65423,4,0.5
5584263,40,312,61796,0.15,0.001,40022,8,0.7
5471878,44,264,102225,0.05,0.001,63350,5,0.5
17816007,42,288,120451,0.05,0.001,63847,7,0.7
160174,28,456,21568,0.15,0.004,17406,8,0.3
5113909,53,156,67576,0.15,0.001,52399,8,0.5
47379787,47,228,142388,0.05,0.001,70717,5,0.5
2347642,46,240,36025,0.3,0.004,28803,13,0.3
685596,36,360,35508,0.05,0.001,28970,7,0.5
146007537,53,156,300000,0.05,0.001,155288,6,0.3
246869,28,456,40681,0.15,0.004,33625,8,0.5
798164,28,456,102633,0.05,0.001,69875,6,0.7
866588,28,456,56155,0.15,0.001,27191,6,0.7
926830,34,384,45555,0.3,0.004,29027,18,0.7
747163,41,300,42486,0.15,0.004,38587,7,0.3
3381212,49,204,40330,0.15,0.001,29197,8,0.5
80319,31,420,35366,0.3,0.004,34515,17,0.5
85606816,54,144,115082,0.05,0.001,69782,6,0.3
4324797,47,228,79425,0.15,0.001,60159,8,0.3
126900461,58,96,300000,0.05,0.001,154429,5,0.3
100545735,56,120,300000,0.05,0.001,138543,4,0.3
398758,38,336,34898,0.15,0.004,32310,7,0.3
0,22,528,22083,0.3,0.004,23482,15,0.3
3023011,36,360,112096,0.15,0.004,72592,8,0.5
4822142,38,336,80523,0.15,0.004,53409,7,0.5
11570093,52,168,166073,0.05,0.001,109450,5,0.3
9748303,57,108,69950,0.05,0.001,52487,7,0.3
0,22,528,43120,0.15,0.004,38194,8,0.5
1323157,49,204,45523,0.15,0.001,39549,9,0.7
14102524,37,348,293627,0.05,0.001,186099,5,0.5
9205770,59,84,80089,0.15,0.004,49619,6,0.3
22040361,42,288,136867,0.05,0.001,74823,6,0.5
10897159,58,96,87614,0.15,0.001,48166,6,0.3
9941437,45,252,100348,0.3,0.008,63256,20,0.5
29807592,52,168,241548,0.05,0.001,134048,5,0.3
13832862,55,132,63695,0.3,0.004,40186,12,0.3
77559,24,504,50047,0.15,0.004,35026,6,0.3
90239,34,384,27268,0.15,0.004,30373,7,0.5
2173903,38,336,96056,0.05,0.001,52670,5,0.3
15595352,52,168,121332,0.15,0.004,75946,9,0.5
1791211,41,300,36014,0.15,0.001,26340,8,0.7
170816,25,492,56950,0.15,0.004,36015,8,0.7
922077,43,276,46998,0.15,0.004,38442,7,0.5
9517,23,516,33559,0.15,0.001,29715,9,0.3
3160335,36,360,58489,0.05,0.001,38275,6,0.5
12484,24,504,27245,0.15,0.004,23097,9,0.3
1763887,28,456,150515,0.05,0.001,76764,6,0.7
1441469,42,288,37220,0.05,0.001,31286,5,0.5
777711,28,456,61163,0.15,0.001,41425,9,0.7
499655,30,432,38381,0.15,0.004,30885,8,0.5
1108496,27,468,122661,0.05,0.001,77115,6,0.5
1344732,31,420,133288,0.05,0.001,85626,5,0.7
91926,24,504,72174,0.05,0.001,49764,4,0.5
142250679,57,108,214108,0.05,0.001,119015,4,0.3
6899,23,516,28664,0.15,0.001,20276,7,0.7
10090860,51,180,121278,0.05,0.001,73644,6,0.5
39162,24,504,48159,0.15,0.004,33475,8,0.5
2509627,55,132,37477,0.15,0.001,33518,8,0.5
2615076,30,432,119609,0.05,0.001,89383,7,0.7
3801775,32,408,108539,0.15,0.001,67405,7,0.5
383929,39,324,42329,0.3,0.004,37670,8,0.7
2950265,46,240,51164,0.05,0.001,32183,6,0.3
2303963,31,420,73453,0.15,0.004,54366,9,0.7
368696,26,480,74536,0.3,0.004,47017,15,0.5
854122,43,276,34483,0.15,0.001,31373,7,0.7
592712,38,336,27939,0.3,0.004,24056,16,0.7
591937,27,468,66669,0.15,0.004,56727,6,0.7
5235556,50,192,54141,0.15,0.004,30221,9,0.5
14332877,39,324,114833,0.05,0.001,75084,5,0.5
15880731,49,204,89056,0.05,0.001,57627,6,0.3
6307801,45,252,78585,0.15,0.004,48343,8,0.3
0,22,528,24387,0.3,0.008,18301,17,0.3
6067096,45,252,168655,0.05,0.001,97052,7,0.7
138071962,55,132,208658,0.05,0.001,86573,6,0.3
31956357,43,276,265399,0.05,0.001,135970,7,0.3
0,22,528,38563,0.05,0.001,31275,7,0.5
3673329,43,276,70823,0.15,0.004,40591,8,0.7
21756577,47,228,92584,0.05,0.001,55387,7,0.7
6916368,46,240,68402,0.05,0.001,38322,6,0.3
3444027,37,348,32362,0.3,0.008,22908,14,0.3
7733085,30,432,127337,0.05,0.001,44465,6,0.5
80357,25,492,43003,0.15,0.004,31046,8,0.5
18389625,42,288,300000,0.3,0.008,144607,8,0.7
9057151,48,216,52195,0.05,0.001,32257,6,0.5
0,22,528,266787,0.05,0.001,186204,4,0.3
337782,29,444,45152,0.15,0.004,36101,9,0.3
3552101,45,252,55240,0.15,0.004,37290,8,0.3
63477,32,408,26021,0.15,0.001,24451,6,0.3
305574,42,288,39053,0.15,0.001,36412,9,0.5
5291204,42,288,96186,0.05,0.001,51641,5,0.7
8152726,57,108,53867,0.15,0.001,39780,7,0.3
114071746,55,132,207689,0.05,0.001,125293,4,0.3
13770357,35,372,165479,0.05,0.001,84646,7,0.5
1001325,36,360,79626,0.3,0.004,55093,22,0.7
34215,27,468,31898,0.15,0.004,34595,6,0.5
1065846,45,252,31954,0.15,0.004,27304,6,0.5
4681679,59,84,72751,0.15,0.001,38041,7,0.5
20751758,56,120,112512,0.05,0.001,71682,4,0.3
2653970,39,324,59825,0.3,0.004,31391,12,0.5
907538,27,468,56851,0.3,0.008,32962,10,0.7
329651,25,492,64535,0.05,0.001,38122,6,0.5
364821,45,252,31549,0.15,0.004,30380,7,0.5
3637890,54,144,25189,0.15,0.004,20303,7,0.5
1547572,32,408,53477,0.15,0.004,34555,6,0.7
55753526,53,156,110442,0.05,0.001,78117,6,0.3
397755,33,396,48993,0.15,0.001,42691,7,0.5
105912,25,492,26926,0.3,0.008,19862,18,0.3
5346539,37,348,85466,0.15,0.001,59018,9,0.5
1808590,47,228,40300,0.3,0.008,37117,8,0.3
1778382,36,360,54140,0.3,0.008,41583,16,0.7
6664130,39,324,72378,0.05,0.001,43001,6,0.7
1807712,41,300,51969,0.15,0.004,39820,6,0.5
59175793,56,120,213863,0.05,0.001,109019,6,0.5
9327040,51,180,94665,0.3,0.004,62754,11,0.3
527462,35,372,24229,0.15,0.001,18200,7,0.5
11738906,51,180,69094,0.05,0.001,37053,5,0.5
29200467,56,120,208509,0.05,0.001,124018,5,0.5
3763891,43,276,34590,0.15,0.004,28034,7,0.5
479278,33,396,46859,0.15,0.001,43583,9,0.3
362298,46,240,40264,0.15,0.004,41293,8,0.7
71926726,57,108,141761,0.05,0.001,75583,5,0.3
779282,47,228,29365,0.15,0.004,29190,7,0.5
417902,40,312,27972,0.3,0.008,26213,9,0.7
38959919,46,240,133712,0.15,0.004,87413,8,0.5
5809131,37,348,90270,0.15,0.004,48806,8,0.3
8425334,38,336,88584,0.15,0.004,43702,8,0.7
19995215,50,192,63488,0.15,0.001,39341,7,0.5
216389,28,456,34914,0.15,0.004,26211,9,0.5
26644,23,516,56758,0.15,0.001,43098,8,0.5
1187468,27,468,61509,0.3,0.004,33360,14,0.7
2121841,48,216,28902,0.15,0.001,23484,9,0.5
23069944,53,156,147110,0.05,0.001,76838,7,0.3
6369443,54,144,74694,0.3,0.004,41369,13,0.3
2230077,35,372,91059,0.05,0.001,60304,4,0.5
44522929,55,132,276177,0.15,0.004,187415,7,0.3
3771209,35,372,56607,0.15,0.001,26078,6,0.3
1189007,45,252,49372,0.15,0.004,40451,6,0.3
2196986,35,372,74076,0.15,0.004,45147,7,0.7
42402431,57,108,87551,0.05,0.001,62645,4,0.3
5931802,39,324,52149,0.15,0.004,32668,6,0.5
60797889,46,240,249465,0.05,0.001,134947,7,0.5
1516600,35,372,64321,0.05,0.001,52331,5,0.3
86406299,59,84,116794,0.05,0.001,58126,6,0.3
65096,23,516,92506,0.05,0.001,58676,7,0.3
201607,26,480,20000,0.15,0.004,14674,6,0.5
19810404,52,168,195964,0.15,0.001,135107,6,0.5
16368614,57,108,129091,0.15,0.004,55561,9,0.3
1552927,56,120,30895,0.15,0.001,26336,6,0.5
168539,28,456,24299,0.15,0.004,16472,7,0.3
59785849,49,204,181223,0.15,0.001,94644,7,0.5
82624,25,492,39335,0.3,0.008,28165,20,0.3
0,22,528,29677,0.15,0.001,25360,9,0.5
0,22,528,52470,0.05,0.001,27838,5,0.5
90800655,57,108,300000,0.15,0.001,105007,7,0.3
108318568,52,168,300000,0.05,0.001,131670,5,0.3
532023,46,240,31312,0.3,0.008,29257,20,0.5
4558087,36,360,96626,0.15,0.004,62907,7,0.3
13262733,36,360,165762,0.05,0.001,101866,6,0.5
1517769,53,156,55811,0.15,0.001,48667,7,0.3
9107571,53,156,120960,0.05,0.001,74574,5,0.3
739711,41,300,34112,0.15,0.001,33421,8,0.3
28331797,56,120,86687,0.15,0.004,56408,9,0.3
4980,24,504,32277,0.15,0.004,26780,6,0.5
2051,23,516,27026,0.3,0.004,26858,10,0.5
3565443,40,312,93222,0.3,0.008,69219,22,0.5
4862122,45,252,52622,0.05,0.001,30527,7,0.5
26007252,54,144,230247,0.15,0.001,156225,6,0.3
556593,36,360,31128,0.15,0.001,24558,6,0.7
14663376,40,312,189643,0.05,0.001,130975,5,0.5
15995998,56,120,65834,0.15,0.004,46133,8,0.3
13518264,44,264,94915,0.15,0.004,51628,6,0.5
18757059,47,228,300000,0.05,0.001,205694,6,0.5
9708096,53,156,98472,0.05,0.001,73934,5,0.3
0,22,528,99458,0.05,0.001,58954,7,0.5
2476910,44,264,63712,0.3,0.008,42850,23,0.7
47253352,53,156,171271,0.05,0.001,76813,4,0.3
5422180,54,144,53075,0.3,0.008,29504,9,0.5
78504,28,456,32066,0.3,0.008,29798,14,0.5
9084021,52,168,100078,0.15,0.004,74991,8,0.5
9424532,34,384,127503,0.15,0.004,68474,9,0.5
216115,30,432,48238,0.3,0.004,43794,17,0.5
22576534,37,348,300000,0.05,0.001,129786,4,0.5
4222091,38,336,73000,0.05,0.001,53821,6,0.3
9036673,49,204,55261,0.15,0.004,45643,8,0.5
902350,30,432,90454,0.15,0.004,72954,8,0.7
16028925,51,180,139470,0.15,0.001,80933,9,0.3
892411,46,240,48193,0.15,0.004,46014,9,0.5
238801,29,444,41421,0.05,0.001,37518,6,0.5
25136904,49,204,300000,0.15,0.001,194712,7,0.3
197262,36,360,28985,0.15,0.004,30177,8,0.3
62273583,57,108,87495,0.15,0.004,58191,6,0.3
6546872,54,144,57925,0.15,0.004,29743,8,0.3
300565,32,408,37939,0.15,0.001,35366,8,0.3
3946865,36,360,99882,0.15,0.004,59002,6,0.3
1588505,31,420,128818,0.05,0.001,76807,6,0.7
11394845,59,84,69715,0.15,0.004,51324,8,0.5
2533238,37,348,50206,0.15,0.004,31123,8,0.5
28211909,46,240,168033,0.05,0.001,99169,4,0.7
11246088,40,312,126550,0.15,0.001,72014,6,0.7
6147554,30,432,172122,0.15,0.004,68606,8,0.7
2579371,38,336,66001,0.15,0.001,36461,6,0.5
9625511,53,156,84439,0.05,0.001,56374,4,0.5
3966479,50,192,81428,0.3,0.008,57981,10,0.5
156282978,57,108,182530,0.05,0.001,88298,5,0.3
15196476,40,312,85113,0.15,0.004,55265,9,0.3
172875,44,264,33159,0.15,0.004,34877,9,0.3
33514,25,492,30386,0.15,0.004,29052,7,0.5
85763877,54,144,210806,0.05,0.001,128468,5,0.5
1011378,28,456,59345,0.15,0.004,34740,6,0.7
38315401,50,192,181630,0.05,0.001,71398,5,0.5
3008056,48,216,47390,0.3,0.008,33245,15,0.3
199047,35,372,49806,0.3,0.008,45341,16,0.3
6075725,51,180,53405,0.15,0.001,34198,6,0.3
39564620,56,120,300000,0.05,0.001,168700,6,0.5
37642,23,516,53756,0.05,0.001,40746,6,0.5
13735640,47,228,181409,0.05,0.001,96922,6,0.3
620714,27,468,110674,0.05,0.001,88033,6,0.7
10917463,57,108,65287,0.15,0.001,31745,6,0.3
8166300,31,420,105296,0.05,0.001,55584,4,0.7
1906277,35,372,98293,0.15,0.004,77787,7,0.7
4273505,45,252,121458,0.05,0.001,49235,7,0.7
30898496,50,192,125825,0.15,0.004,66509,6,0.5
11755535,50,192,51489,0.3,0.008,30814,20,0.5
493257,31,420,35969,0.3,0.008,25606,18,0.3
94422,41,300,20000,0.3,0.004,19692,14,0.7
1616641,30,432,69453,0.15,0.004,45594,9,0.5
21342,24,504,36379,0.15,0.001,30792,6,0.5
24890438,56,120,124399,0.15,0.004,65101,9,0.3
10157,24,504,25434,0.3,0.004,26772,21,0.3
40490934,59,84,115433,0.15,0.004,70944,7,0.3
61380335,58,96,197801,0.05,0.001,80596,5,0.5
3092978,30,432,101751,0.15,0.004,62694,7,0.7
3302072,51,180,98647,0.15,0.004,61393,8,0.3
31211358,47,228,237096,0.05,0.001,124669,4,0.7
33230,29,444,20000,0.15,0.004,21614,6,0.5
687396,24,504,300000,0.05,0.001,156160,6,0.7
73282,25,492,29390,0.3,0.004,25289,19,0.5
173470630,51,180,300000,0.05,0.001,121131,7,0.5
7470956,31,420,300000,0.15,0.004,128964,8,0.7
117460842,54,144,292727,0.05,0.001,139647,4,0.3
110490397,53,156,279686,0.05,0.001,169264,6,0.3
4655738,50,192,68474,0.15,0.001,42027,6,0.5
742375,43,276,39008,0.3,0.008,29552,19,0.3
316474,26,480,62469,0.05,0.001,47031,4,0.5
10749236,52,168,71373,0.15,0.004,41330,8,0.3
13218745,35,372,274491,0.05,0.001,178208,6,0.3
740872,28,456,62722,0.15,0.004,50830,7,0.7
3189764,46,240,98796,0.15,0.004,77751,8,0.7
595668,32,408,25330,0.05,0.001,20232,6,0.7
1149213,36,360,71660,0.15,0.001,51567,6,0.5
2937,24,504,26294,0.15,0.004,24542,9,0.5
1813703,32,408,57817,0.3,0.008,37321,19,0.7
8091378,29,444,130134,0.05,0.001,65766,6,0.7
11203740,56,120,101503,0.15,0.001,77186,8,0.3
48483379,42,288,300000,0.15,0.001,170971,9,0.5
3031760,48,216,62918,0.3,0.004,42302,16,0.5
1158743,34,384,74706,0.05,0.001,51175,6,0.5
105520,29,444,32087,0.15,0.004,32707,8,0.5
399583,28,456,31490,0.3,0.004,24757,12,0.3
11108978,41,300,101341,0.05,0.001,76452,4,0.5
6798,24,504,20904,0.15,0.001,18251,9,0.3
2432952,27,468,155951,0.05,0.001,71499,4,0.7
103163923,50,192,254560,0.05,0.001,124506,6,0.7
93979668,58,96,128412,0.15,0.001,55821,6,0.5
6292908,45,252,71425,0.3,0.004,52147,23,0.5
11444951,44,264,88226,0.05,0.001,63845,7,0.3
2836942,55,132,56906,0.3,0.008,36993,18,0.3
2937100,31,420,70941,0.05,0.001,47220,5,0.7
59383,29,444,36881,0.15,0.001,37391,6,0.7
3030534,40,312,58382,0.15,0.001,38794,8,0.7
9909193,49,204,72883,0.15,0.001,37650,7,0.5
1515350,38,336,86334,0.05,0.001,50475,5,0.3
5758541,46,240,74462,0.15,0.004,48114,7,0.5
46677624,52,168,114353,0.15,0.001,75428,8,0.3
7629171,48,216,100449,0.15,0.001,54802,8,0.3
184006,30,432,37356,0.3,0.008,37421,12,0.3
627720,25,492,58723,0.15,0.001,38291,8,0.7
21456018,50,192,97208,0.05,0.001,56637,4,0.5
771540,25,492,186323,0.15,0.001,86787,7,0.7
102017877,52,168,300000,0.05,0.001,174108,5,0.3
1302757,27,468,63359,0.3,0.008,37441,15,0.7
31898647,52,168,300000,0.15,0.004,150342,6,0.3
687547,54,144,46494,0.15,0.004,35560,9,0.5
89315418,56,120,120930,0.05,0.001,44603,6,0.3
11027595,59,84,55256,0.15,0.004,35386,8,0.3
140442,33,396,40613,0.3,0.004,36977,18,0.5
22498166,58,96,145409,0.05,0.001,105156,5,0.3
27144877,59,84,212141,0.05,0.001,110327,7,0.3
68508,28,456,38662,0.15,0.001,42916,8,0.3
5806726,39,324,84781,0.05,0.001,46801,6,0.5
747492,44,264,47727,0.3,0.008,41380,18,0.7
281431,28,456,56444,0.3,0.008,31237,22,0.5
33965900,54,144,89815,0.15,0.004,56279,6,0.3
1011210,38,336,32942,0.05,0.001,22736,4,0.5
737765,44,264,49140,0.3,0.008,44436,15,0.3
1099459,37,348,29504,0.3,0.008,22450,22,0.5
2332161,44,264,38428,0.3,0.008,25387,21,0.5
3933003,41,300,80945,0.05,0.001,55836,5,0.7
9031132,36,360,233410,0.05,0.001,123743,4,0.3
4429479,26,480,300000,0.15,0.004,126877,9,0.7
15108533,36,360,251352,0.05,0.001,158769,4,0.3
556960,23,516,300000,0.15,0.001,138697,8,0.7
11083181,33,396,178843,0.05,0.001,97365,4,0.5
224500,31,420,20000,0.15,0.001,15441,7,0.5
787796,34,384,45933,0.15,0.004,40788,7,0.5
1723391,30,432,83709,0.05,0.001,45058,7,0.7
1847,24,504,31574,0.3,0.008,30492,9,0.5
10793283,36,360,188592,0.15,0.001,111976,8,0.3
18906521,29,444,214537,0.05,0.001,101248,6,0.5
14752000,55,132,73452,0.15,0.004,60864,6,0.5
48303,26,480,32171,0.15,0.001,25147,8,0.5
1642547,37,348,67959,0.15,0.004,45359,8,0.3
6955441,36,360,140193,0.15,0.001,58837,9,0.5
20923748,51,180,300000,0.3,0.008,170053,19,0.3
5703946,42,288,80741,0.15,0.004,46289,6,0.5
12052881,50,192,152103,0.05,0.001,89084,5,0.5
616662,26,480,93759,0.05,0.001,58814,4,0.7
215809,24,504,56246,0.05,0.001,32135,5,0.5
7034674,44,264,87477,0.15,0.004,48257,7,0.7
0,22,528,82591,0.05,0.001,71698,6,0.5
1717595,51,180,94297,0.05,0.001,84279,4,0.3
5254012,45,252,36534,0.3,0.008,25834,23,0.5
5628883,40,312,90112,0.05,0.001,47722,7,0.7
2278252,58,96,48870,0.15,0.001,40988,7,0.3
470205,34,384,35761,0.15,0.004,30014,7,0.5
164657,29,444,31869,0.3,0.004,26074,14,0.7
11736638,44,264,87253,0.15,0.001,57530,7,0.5
14919,27,468,22301,0.3,0.004,21957,8,0.3
24773606,58,96,79553,0.05,0.001,52300,7,0.5
6407191,56,120,92836,0.05,0.001,72640,6,0.3
1650643,50,192,48999,0.15,0.004,35882,7,0.3
0,22,528,103289,0.05,0.001,77497,5,0.7
121568232,58,96,232901,0.05,0.001,142590,6,0.3
1516269,44,264,43078,0.15,0.004,33296,8,0.7
2374263,48,216,63933,0.15,0.001,38847,6,0.7
7662835,30,432,300000,0.05,0.001,148733,6,0.7
5194479,29,444,163205,0.05,0.001,96875,6,0.5
1059544,49,204,41936,0.3,0.008,39212,17,0.5
8024439,47,228,86352,0.05,0.001,60077,4,0.3
1638828,58,96,36799,0.15,0.004,31367,6,0.5
2806909,39,324,72382,0.15,0.004,44614,6,0.5
116173,27,468,28718,0.3,0.008,23660,16,0.3
59178,34,384,41532,0.3,0.008,41840,23,0.5
7979,24,504,20000,0.15,0.004,17014,8,0.7
27064712,45,252,155224,0.15,0.001,57774,7,0.7
120873355,57,108,200696,0.05,0.001,131315,6,0.5
3996863,45,252,78127,0.15,0.001,54627,7,0.7
16649163,53,156,80759,0.05,0.001,55996,4,0.3
4956432,26,480,138829,0.05,0.001,52405,6,0.7
101012,23,516,71305,0.05,0.001,39192,4,0.3
2819507,32,408,111566,0.05,0.001,58720,5,0.7
3675821,33,396,84033,0.05,0.001,47525,4,0.7
16082,24,504,20000,0.15,0.004,17792,8,0.7
46096,25,492,23581,0.15,0.004,20362,7,0.3
3595889,47,228,57485,0.15,0.001,44070,6,0.7
4860479,34,384,111907,0.15,0.004,81785,6,0.5
111346835,53,156,228462,0.05,0.001,107466,7,0.3
600177,30,432,50064,0.15,0.001,33509,8,0.7
85969,24,504,96269,0.15,0.001,66797,9,0.5
1934427,31,420,73210,0.15,0.001,43011,8,0.7
16169067,59,84,100557,0.15,0.001,78248,7,0.3
3878015,43,276,66436,0.15,0.004,54134,9,0.3
1051122,48,216,28600,0.3,0.004,21816,14,0.7
13568875,56,120,62103,0.3,0.008,38246,20,0.3
330896,39,324,45489,0.3,0.004,43455,23,0.3
1311507,27,468,72173,0.15,0.004,52014,7,0.7
395579,33,396,41455,0.15,0.004,36909,6,0.5
6202774,54,144,50752,0.15,0.004,33683,9,0.3
2496061,32,408,154272,0.05,0.001,100427,4,0.7
2368238,38,336,67856,0.15,0.001,48599,8,0.7
916677,28,456,79339,0.05,0.001,43594,4,0.5
25828,30,432,29042,0.3,0.008,27726,11,0.5
27857597,58,96,103635,0.05,0.001,62448,5,0.3
33254167,48,216,132517,0.05,0.001,57133,6,0.5
1712032,29,444,110855,0.05,0.001,85618,4,0.7
8395732,49,204,81593,0.05,0.001,59657,7,0.3
537864,27,468,63075,0.05,0.001,33038,5,0.7
49097431,49,204,237144,0.05,0.001,143763,5,0.3
4179873,28,456,288022,0.05,0.001,195805,6,0.7
132624159,48,216,300000,0.05,0.001,139619,4,0.5
277207,35,372,42379,0.15,0.004,43941,6,0.5
798803,29,444,86206,0.05,0.001,58542,7,0.7
47243,27,468,36895,0.05,0.001,34617,4,0.5
13001709,37,348,128192,0.05,0.001,67022,7,0.3
3095191,41,300,84227,0.15,0.004,59347,8,0.5
3071288,51,180,41533,0.15,0.001,29158,9,0.3
469704,33,396,51815,0.15,0.004,38880,6,0.3
814683,46,240,44119,0.15,0.004,38217,7,0.5
401754,24,504,98903,0.05,0.001,73240,7,0.7
392617,38,336,22326,0.3,0.004,19010,12,0.5
15247851,42,288,109533,0.05,0.001,71346,7,0.7
8407305,40,312,103937,0.05,0.001,69105,5,0.7
19839038,55,132,125182,0.05,0.001,87528,4,0.5
982613,38,336,103605,0.3,0.008,85932,16,0.5
15069560,53,156,114893,0.05,0.001,69241,4,0.5
85570400,59,84,167551,0.05,0.001,98948,5,0.5
6848185,54,144,65104,0.3,0.004,42848,19,0.3
572954,45,252,43447,0.15,0.004,40477,9,0.7
2065869,34,384,61686,0.15,0.004,37225,7,0.7
282621,46,240,20000,0.3,0.004,16992,19,0.5
30079,24,504,40294,0.15,0.001,36297,9,0.5
104822343,58,96,159514,0.05,0.001,90874,4,0.5
4486609,48,216,57940,0.15,0.001,42068,9,0.5
246014,35,372,27616,0.15,0.001,23803,8,0.5
9377924,55,132,111854,0.3,0.004,77603,12,0.5
5048859,50,192,56070,0.15,0.004,28453,9,0.5
12669405,53,156,55141,0.3,0.008,32251,9,0.3
5331703,43,276,69507,0.15,0.004,47837,7,0.3
62157501,55,132,118629,0.05,0.001,76959,5,0.5
21338023,50,192,84399,0.15,0.004,52112,9,0.5
848588,33,396,24008,0.15,0.004,15842,8,0.5
1027546,38,336,38353,0.15,0.004,33486,8,0.3
552988,29,444,49084,0.05,0.001,31346,6,0.7
9969135,41,300,132112,0.05,0.001,79026,4,0.5
7208978,47,228,101532,0.15,0.004,60787,7,0.5
1533240,50,192,47323,0.15,0.004,36996,9,0.7
44420773,52,168,156543,0.05,0.001,101320,7,0.3
8229540,52,168,76670,0.15,0.004,43691,7,0.3
45829020,50,192,243944,0.05,0.001,157548,6,0.7
169954,27,468,43433,0.05,0.001,37134,6,0.3
11356928,42,288,137902,0.05,0.001,63863,7,0.5
8941834,52,168,65740,0.15,0.001,35741,7,0.3
2092712,34,384,108900,0.05,0.001,95286,4,0.7
24811118,55,132,82501,0.3,0.008,51261,20,0.3
975084,26,480,80498,0.05,0.001,55310,5,0.5
904748,25,492,127308,0.05,0.001,73640,4,0.7
2412611,27,468,259077,0.05,0.001,150212,6,0.7
290458,31,420,20000,0.15,0.001,16283,8,0.5
518741,52,168,43897,0.15,0.001,52084,6,0.3
17839,25,492,32775,0.15,0.004,33285,7,0.5
34800554,59,84,100011,0.05,0.001,69782,5,0.5
117248,27,468,42977,0.15,0.004,39501,7,0.5
607434,55,132,42787,0.3,0.004,38798,22,0.5
588500,27,468,81965,0.3,0.004,55748,12,0.7
13672065,46,240,146901,0.15,0.001,70281,8,0.5
2112564,39,324,56659,0.15,0.004,28478,6,0.7
9379,23,516,23584,0.3,0.004,20126,23,0.5
4361956,47,228,70915,0.15,0.004,43820,7,0.5
414035,30,432,79715,0.15,0.001,43796,9,0.3
10734562,55,132,54643,0.15,0.004,35512,9,0.3
12011779,59,84,73302,0.15,0.004,55693,9,0.3
11930794,55,132,53482,0.15,0.004,44003,6,0.3
68437,28,456,23013,0.3,0.008,24720,9,0.3
12740,23,516,20000,0.15,0.001,16509,7,0.7
49364,28,456,31761,0.3,0.008,29237,17,0.7
2740467,34,384,118625,0.15,0.001,74206,6,0.5
36322497,35,372,300000,0.05,0.001,155486,6,0.5
11678975,40,312,120814,0.15,0.004,64960,8,0.3
38845,27,468,47179,0.3,0.008,47479,17,0.5
12087851,50,192,148890,0.15,0.001,67282,7,0.3
1054216,28,456,55296,0.15,0.004,39743,7,0.7
21242464,57,108,56218,0.15,0.001,32393,6,0.3
8097171,58,96,72784,0.05,0.001,49500,7,0.3
153605978,54,144,252574,0.05,0.001,102973,4,0.3
10628510,58,96,41841,0.3,0.008,31321,15,0.3
1813545,40,312,51030,0.3,0.004,29672,17,0.7
601923,34,384,67495,0.15,0.004,45973,7,0.7
2570743,40,312,67162,0.15,0.004,51694,8,0.3
864074,27,468,52988,0.15,0.004,32681,7,0.5
1708630,45,252,43463,0.15,0.001,36051,8,0.7
998804,26,480,51680,0.15,0.004,28844,8,0.7
76215966,58,96,125446,0.05,0.001,63129,6,0.3
12955060,41,300,124636,0.05,0.001,59742,7,0.5
14943,23,516,61719,0.15,0.004,55168,6,0.3
8872864,31,420,161820,0.05,0.001,84483,6,0.5
330627,39,324,22525,0.15,0.004,20920,8,0.5
24123170,54,144,79645,0.15,0.001,45348,8,0.5
3172635,34,384,89437,0.05,0.001,71357,4,0.5
20402017,50,192,173557,0.15,0.004,78162,6,0.5
6277973,41,300,160684,0.05,0.001,113198,4,0.3
2753517,52,168,35323,0.15,0.004,26035,6,0.3
61764,24,504,45358,0.05,0.001,34540,6,0.3
0,22,528,300000,0.15,0.004,142916,7,0.7
5149792,31,420,119358,0.05,0.001,83221,6,0.7
34404643,55,132,143500,0.05,0.001,84799,4,0.3
1304300,28,456,68792,0.15,0.001,54111,9,0.7
158020,25,492,44220,0.15,0.004,32295,9,0.7
8243555,37,348,73458,0.15,0.004,47170,7,0.5
14898968,48,216,67378,0.15,0.004,39278,6,0.5
136077676,57,108,300000,0.15,0.001,139363,6,0.3
14928183,32,408,300000,0.15,0.004,194889,7,0.5
9320114,55,132,106342,0.15,0.001,76706,7,0.5
6082363,44,264,104505,0.15,0.004,78188,7,0.5
1123195,41,300,35752,0.15,0.004,29616,7,0.3
21204638,42,288,300000,0.15,0.001,193697,9,0.3
313449,24,504,142009,0.05,0.001,63060,6,0.7
19437364,56,120,64123,0.05,0.001,42701,7,0.3
99234747,53,156,300000,0.15,0.004,172039,6,0.5
0,22,528,49494,0.15,0.001,45298,7,0.3
4853877,43,276,52036,0.05,0.001,27674,5,0.5
13436104,44,264,66691,0.05,0.001,54195,4,0.5
7219564,56,120,60318,0.3,0.008,44320,22,0.5
12116871,46,240,143949,0.05,0.001,81737,6,0.5
1611432,29,444,90809,0.15,0.004,59971,6,0.7
8647775,41,300,56891,0.15,0.004,42814,6,0.3
131890,25,492,77303,0.15,0.001,63055,7,0.3
2496047,31,420,100449,0.15,0.004,69936,7,0.7
1395935,46,240,36051,0.3,0.008,31139,20,0.5
32684592,53,156,182601,0.05,0.001,108556,4,0.3
1775174,48,216,53211,0.15,0.001,41206,6,0.5
263063,35,372,46824,0.05,0.001,51648,6,0.5
554024,28,456,73027,0.05,0.001,45571,4,0.7
664094,38,336,34427,0.3,0.004,31209,15,0.7
2104097,32,408,70423,0.3,0.004,43632,22,0.7
14866810,58,96,69270,0.15,0.004,42234,8,0.5
426426,28,456,55793,0.3,0.004,46376,20,0.5
6725403,38,336,69771,0.15,0.001,40517,8,0.5
0,22,528,41405,0.15,0.004,35000,9,0.7
59973,24,504,75672,0.15,0.004,60608,6,0.3
6837793,51,180,66998,0.15,0.001,46997,6,0.3
1159630,33,396,40841,0.15,0.004,31240,6,0.7
24228453,45,252,92512,0.15,0.004,53249,9,0.5
20642868,57,108,142236,0.05,0.001,104295,6,0.3
2297417,38,336,80168,0.05,0.001,67640,7,0.5
4620674,32,408,108461,0.05,0.001,78305,6,0.7
595298,41,300,44104,0.05,0.001,38764,7,0.5
447285,32,408,37028,0.3,0.008,31320,22,0.3
9324327,57,108,97535,0.15,0.001,64036,9,0.3
603490,46,240,28163,0.15,0.004,25116,6,0.5
16551077,59,84,69644,0.05,0.001,41878,5,0.3
115642532,53,156,300000,0.15,0.004,140897,6,0.3
0,22,528,74614,0.05,0.001,47727,4,0.5
22699388,53,156,81964,0.15,0.004,61593,8,0.3
3448897,44,264,47205,0.3,0.008,32614,16,0.7
441981,30,432,31985,0.05,0.001,23561,4,0.5
14347789,57,108,96154,0.15,0.004,78681,6,0.3
801953,34,384,51317,0.15,0.004,43039,6,0.5
9016458,47,228,84468,0.05,0.001,57284,5,0.5
372080,32,408,43294,0.15,0.004,36906,8,0.5
23755781,53,156,219179,0.05,0.001,146194,4,0.5
723389,48,216,27446,0.3,0.004,29204,12,0.7
39796469,59,84,94864,0.15,0.004,59841,8,0.3
19836,25,492,24859,0.15,0.001,21624,6,0.7
2788958,34,384,71200,0.15,0.001,40023,7,0.7
2385,23,516,27385,0.15,0.004,27706,7,0.3
73544020,59,84,172831,0.05,0.001,95313,5,0.3
442436,48,216,40344,0.3,0.004,33663,23,0.3
4062554,42,288,75803,0.05,0.001,45994,7,0.5
873906,38,336,47081,0.15,0.004,48828,6,0.5
12459286,56,120,52793,0.3,0.008,34892,15,0.5
2196458,57,108,40513,0.15,0.004,36732,8,0.3
92980117,53,156,236259,0.05,0.001,136435,5,0.3
389141,38,336,26504,0.15,0.001,24177,6,0.3
3779552,46,240,80976,0.15,0.004,59643,9,0.5
660201,44,264,76055,0.15,0.004,68791,8,0.7
201174,30,432,39020,0.05,0.001,38476,6,0.5
0,22,528,43236,0.3,0.008,34840,8,0.3
9630110,49,204,68141,0.15,0.004,40973,9,0.3
198501,35,372,27333,0.3,0.004,20288,8,0.5
9456120,56,120,99901,0.15,0.001,74381,8,0.3
109956047,55,132,300000,0.15,0.004,183437,8,0.5
2507965,44,264,51543,0.3,0.008,35765,16,0.5
2210458,44,264,48139,0.3,0.004,41049,14,0.3
1985862,53,156,30417,0.15,0.001,24231,9,0.3
11262769,41,300,191499,0.05,0.001,102322,7,0.7
32550652,58,96,117830,0.05,0.001,78647,6,0.3
12063665,52,168,115417,0.15,0.001,69449,7,0.3
5128472,49,204,68540,0.3,0.004,44724,16,0.5
2110330,47,228,52428,0.3,0.004,31592,20,0.5
16792061,52,168,149320,0.05,0.001,103452,7,0.3
100807743,57,108,300000,0.15,0.001,116409,6,0.3
1642750,37,348,69332,0.3,0.008,45037,22,0.3
181924241,59,84,300000,0.05,0.001,158441,5,0.3
42618904,56,120,300000,0.05,0.001,128444,4,0.3
26646039,58,96,175143,0.15,0.001,69548,7,0.5
30658026,59,84,191915,0.05,0.001,92039,5,0.3
373372,30,432,63009,0.15,0.004,48597,7,0.3
6946341,31,420,122322,0.05,0.001,44712,5,0.7
4745980,37,348,80357,0.15,0.004,58313,8,0.3
3946686,43,276,54579,0.05,0.001,41480,5,0.5
7071888,46,240,89202,0.05,0.001,53581,4,0.5
6335933,40,312,66740,0.05,0.001,48080,7,0.3
15984890,53,156,81719,0.3,0.008,51942,17,0.3
47134023,52,168,300000,0.05,0.001,126989,7,0.3
16718216,33,396,182524,0.05,0.001,72462,5,0.7
4499139,48,216,47828,0.15,0.004,36574,8,0.7
2749888,37,348,72405,0.15,0.001,48827,8,0.3
21381903,39,324,229840,0.05,0.001,115177,7,0.3
5109550,28,456,170449,0.05,0.001,82200,6,0.5
167803,25,492,59069,0.05,0.001,46904,7,0.5
9758495,34,384,169922,0.15,0.001,80789,9,0.5
13407683,35,372,174946,0.15,0.001,72005,7,0.7
2565443,35,372,91983,0.05,0.001,62698,4,0.3
8583208,50,192,87406,0.15,0.004,61598,6,0.5
372619,29,444,35121,0.15,0.001,28998,9,0.5
28709,25,492,46809,0.15,0.004,47422,8,0.7
322350,29,444,54107,0.15,0.001,41384,6,0.3
73934,26,480,41248,0.3,0.004,40026,23,0.7
94805581,52,168,209316,0.05,0.001,82746,5,0.5
2202577,50,192,31981,0.3,0.004,25920,10,0.3
7982472,55,132,60194,0.3,0.008,40902,11,0.5
17501299,53,156,56536,0.3,0.004,36916,9,0.5
6508128,56,120,110369,0.15,0.004,65179,7,0.3
2247955,54,144,35349,0.15,0.001,31917,6,0.3
2287270,33,396,52553,0.15,0.001,36030,8,0.7
28942,25,492,35097,0.15,0.004,28775,6,0.5
15695102,58,96,86149,0.3,0.004,47613,23,0.5
336906,26,480,68890,0.05,0.001,46220,5,0.5
5351654,54,144,38261,0.3,0.004,27041,14,0.5
47222,24,504,45482,0.15,0.004,36338,7,0.3
109993947,59,84,170052,0.05,0.001,93811,5,0.3
21809011,51,180,162882,0.15,0.001,67485,6,0.3
11479732,41,300,213724,0.05,0.001,111274,4,0.5
987483,28,456,71218,0.15,0.004,40177,9,0.7
2318970,54,144,63441,0.3,0.004,38498,9,0.3
18503232,46,240,69369,0.15,0.004,36102,8,0.3
1989187,46,240,47257,0.15,0.001,38664,7,0.3
0,22,528,68371,0.15,0.004,36327,6,0.5
4928662,42,288,104051,0.15,0.004,71266,8,0.3
9095716,55,132,90113,0.3,0.004,75121,20,0.3
117150,34,384,29001,0.15,0.004,27232,8,0.5
4383699,37,348,84413,0.05,0.001,53413,5,0.3
0,22,528,86812,0.15,0.004,49686,9,0.5
35824175,47,228,181305,0.15,0.001,119406,6,0.3
18546393,48,216,178575,0.05,0.001,89035,7,0.7
2348512,30,432,69622,0.15,0.001,39822,8,0.7
765393,49,204,43063,0.15,0.004,46234,7,0.5
10098861,59,84,75079,0.3,0.008,49844,8,0.5
24078054,38,336,300000,0.05,0.001,194344,5,0.7
1003091,34,384,51717,0.05,0.001,38101,4,0.7
565316,30,432,51740,0.05,0.001,33167,6,0.7
6317077,44,264,95528,0.15,0.004,74615,9,0.3
15991688,51,180,59520,0.3,0.004,29420,10,0.3
143206,25,492,75657,0.15,0.001,57538,8,0.7
291894,28,456,26486,0.15,0.004,19252,8,0.5
32161910,54,144,81948,0.3,0.004,53309,23,0.5
7594157,40,312,62837,0.15,0.004,40797,9,0.5
19565940,39,324,174243,0.05,0.001,102675,7,0.3
13915095,42,288,66826,0.15,0.001,34992,8,0.3
4210172,55,132,54989,0.3,0.004,37569,21,0.3
32605020,56,120,109241,0.15,0.001,64490,9,0.5
44812100,47,228,241076,0.05,0.001,120268,4,0.3
45944039,57,108,80955,0.15,0.001,56389,8,0.3
18666995,57,108,73357,0.15,0.004,45551,6,0.3
1541809,29,444,91723,0.15,0.004,53340,7,0.5
39779201,49,204,98326,0.05,0.001,62474,5,0.3
16499,25,492,29618,0.15,0.004,28393,8,0.5
8789753,57,108,117724,0.15,0.001,69562,6,0.3
24793889,57,108,125377,0.05,0.001,69705,6,0.3
219340,39,324,24441,0.15,0.001,24135,9,0.5
11314174,59,84,47882,0.15,0.001,36698,8,0.3
22334583,40,312,189741,0.05,0.001,89840,6,0.3
81699778,58,96,242187,0.05,0.001,165172,6,0.3
5070604,46,240,93243,0.05,0.001,65189,6,0.5
252179,25,492,65201,0.05,0.001,42335,4,0.7
786874,47,228,46237,0.15,0.001,46537,9,0.5
1388559,30,432,55500,0.15,0.004,31935,6,0.7
10581999,32,408,192918,0.15,0.004,99020,8,0.7
306463,24,504,74495,0.15,0.004,55129,9,0.5
6136661,41,300,122736,0.3,0.008,78519,23,0.3
1101915,24,504,165515,0.05,0.001,91052,4,0.7
5058938,46,240,71039,0.3,0.008,51991,10,0.7
5401726,30,432,77648,0.05,0.001,43422,4,0.7
7474341,56,120,54153,0.3,0.008,32414,8,0.3
9478824,44,264,84621,0.15,0.001,46586,8,0.3
31761982,44,264,158632,0.15,0.004,72960,7,0.7
2686324,35,372,69550,0.05,0.001,48285,6,0.7
5583554,32,408,90146,0.05,0.001,57797,6,0.7
6360045,52,168,65622,0.3,0.008,39545,12,0.5
45454492,57,108,300000,0.05,0.001,196975,7,0.3
142439,25,492,37757,0.15,0.001,33746,8,0.3
4243698,43,276,81941,0.05,0.001,56171,7,0.3
14149520,34,384,189078,0.05,0.001,77878,6,0.5
20703093,57,108,132081,0.05,0.001,85622,5,0.3
0,22,528,21839,0.3,0.004,15947,16,0.5
730487,26,480,58760,0.15,0.001,32996,8,0.7
75378,33,396,25514,0.15,0.001,25397,7,0.5
1098912,36,360,31592,0.15,0.001,24312,7,0.5
8686747,55,132,47500,0.15,0.001,33961,6,0.5
2778050,25,492,300000,0.15,0.004,185210,8,0.5
1681139,55,132,107621,0.15,0.001,98971,8,0.3
16844366,57,108,78739,0.15,0.004,40487,7,0.3
3671177,53,156,39949,0.15,0.004,33792,7,0.5
130255180,58,96,202824,0.05,0.001,98123,4,0.3
4291787,50,192,45381,0.3,0.008,32984,16,0.5
2748450,46,240,61947,0.15,0.004,46884,6,0.7
16519702,41,300,103667,0.05,0.001,59275,4,0.5
28428708,55,132,72741,0.15,0.004,36146,8,0.3
2456767,26,480,300000,0.05,0.001,179706,5,0.7
183324,23,516,300000,0.3,0.008,138502,8,0.3
26696696,47,228,197140,0.05,0.001,113686,4,0.5
1096713,30,432,102846,0.15,0.004,70536,6,0.7
457804,40,312,38370,0.3,0.004,29823,19,0.7
2335190,35,372,88171,0.15,0.001,54505,6,0.3
152781,31,420,26135,0.15,0.001,22460,9,0.3
139036,28,456,30631,0.15,0.001,27784,9,0.7
633802,30,432,63565,0.15,0.004,51349,8,0.7
96432935,51,180,277728,0.05,0.001,143675,7,0.3
25279,27,468,43867,0.15,0.001,41790,8,0.5
213198,30,432,36595,0.15,0.004,33129,7,0.3
702787,32,408,93587,0.05,0.001,71948,5,0.7
40693,25,492,33162,0.3,0.008,32594,16,0.5
92732079,54,144,214343,0.15,0.004,128198,7,0.3
29967292,50,192,74333,0.05,0.001,50089,4,0.5
120006745,58,96,300000,0.05,0.001,130719,6,0.3
15464444,58,96,85622,0.3,0.004,50051,19,0.5
10950925,56,120,97894,0.15,0.001,67821,7,0.3
22299,25,492,37516,0.3,0.004,33412,10,0.3
31912582,55,132,113678,0.3,0.008,68573,8,0.3
1566841,35,372,95769,0.15,0.004,67168,6,0.3
0,22,528,30343,0.15,0.004,25139,7,0.7
16557606,43,276,151975,0.05,0.001,75337,7,0.3
35009195,43,276,191823,0.05,0.001,102979,7,0.3
373262,28,456,42704,0.15,0.004,32171,6,0.5
0,22,528,300000,0.15,0.004,170010,7,0.5
4001721,37,348,110165,0.05,0.001,72108,5,0.5
100874025,49,204,229951,0.05,0.001,113620,6,0.5
19291866,53,156,110531,0.05,0.001,81181,7,0.5
503273,44,264,41835,0.15,0.004,49064,8,0.5
19395983,41,300,164634,0.15,0.001,88588,6,0.3
46509850,54,144,242444,0.05,0.001,158168,7,0.3
767283,26,480,300000,0.3,0.004,169330,12,0.7
1922589,36,360,54355,0.15,0.004,36073,9,0.5
457151,29,444,27701,0.15,0.001,21351,6,0.3
22624942,59,84,75737,0.15,0.004,40949,7,0.5
6724397,30,432,300000,0.3,0.008,131996,16,0.7
35442492,56,120,103927,0.15,0.004,69534,6,0.3
16796467,49,204,137779,0.05,0.001,84440,7,0.7
321975,30,432,55500,0.15,0.001,33510,7,0.3
17265210,45,252,206204,0.05,0.001,98342,6,0.5
80696898,49,204,300000,0.05,0.001,159738,5,0.5
239475,40,312,33770,0.15,0.001,34061,7,0.5
10617,24,504,26445,0.3,0.004,24349,16,0.3
1964378,34,384,91961,0.05,0.001,57647,5,0.7
18918273,57,108,85098,0.05,0.001,50550,5,0.5
176867,44,264,29445,0.15,0.001,25900,6,0.5
175118,24,504,71575,0.05,0.001,49276,4,0.5
4767075,34,384,300000,0.15,0.001,170106,6,0.7
7037304,28,456,209793,0.05,0.001,113920,6,0.7
872116,30,432,41395,0.15,0.004,26496,9,0.7
7316319,44,264,58634,0.05,0.001,38956,7,0.5
32999510,48,216,101509,0.15,0.004,51901,8,0.3
3394741,30,432,109277,0.15,0.001,61728,7,0.7
6068013,37,348,70567,0.3,0.004,44512,17,0.5
111492,27,468,20000,0.15,0.004,12874,8,0.3
5605136,32,408,171749,0.05,0.001,78977,6,0.7
880118,28,456,70333,0.15,0.001,47597,8,0.5
33814,23,516,48338,0.05,0.001,34556,6,0.3
40332260,50,192,300000,0.15,0.004,168907,9,0.5
3175763,40,312,59470,0.15,0.004,30632,7,0.7
24141275,50,192,300000,0.15,0.004,214293,6,0.3
5367747,44,264,61772,0.15,0.001,46681,7,0.3
980655,44,264,59787,0.3,0.004,34427,8,0.3
3989424,40,312,53680,0.05,0.001,34864,4,0.5
776550,56,120,45804,0.15,0.001,43305,7,0.5
1297929,39,324,40882,0.15,0.004,33077,6,0.5
1305462,27,468,99185,0.05,0.001,70225,5,0.7
861801,26,480,91899,0.15,0.001,60202,6,0.5
162480,25,492,44695,0.05,0.001,39310,7,0.5
20645785,43,276,181510,0.15,0.001,78213,6,0.3
4396373,51,180,81364,0.05,0.001,57566,4,0.5
1968968,38,336,68078,0.05,0.001,42648,4,0.5
9903235,45,252,108785,0.15,0.004,65324,9,0.3
3870620,35,372,122770,0.05,0.001,62292,6,0.3
91049,24,504,65771,0.05,0.001,34656,4,0.5
227792,26,480,55219,0.15,0.001,47010,8,0.5
149338,24,504,69361,0.05,0.001,36173,7,0.5
76186,25,492,20000,0.15,0.001,16301,7,0.3
9816547,47,228,64308,0.15,0.001,33013,8,0.5
4760146,30,432,159439,0.05,0.001,81259,4,0.7
6887117,57,108,36840,0.3,0.008,31619,8,0.5
9776870,39,324,139113,0.05,0.001,86408,6,0.5
5355131,51,180,69291,0.15,0.004,43336,9,0.3
614527,25,492,94426,0.05,0.001,60629,7,0.7
8750668,29,444,300000,0.05,0.001,179466,4,0.7
7745435,35,372,133637,0.05,0.001,65206,6,0.5
230202,36,360,43847,0.15,0.004,42103,8,0.5
864290,25,492,300000,0.3,0.008,194005,19,0.7
647719,30,432,83983,0.15,0.004,51548,9,0.7
130606520,59,84,107220,0.15,0.004,62011,7,0.3
23323731,48,216,189771,0.15,0.004,86058,6,0.5
0,22,528,28775,0.15,0.004,27217,8,0.7
59002472,55,132,189613,0.05,0.001,105821,5,0.3
3753818,43,276,87925,0.15,0.001,71164,8,0.5
449153,33,396,28774,0.05,0.001,23489,7,0.5
1092547,25,492,129620,0.15,0.004,80031,8,0.7
3263687,45,252,39851,0.15,0.004,32991,6,0.3
1783382,38,336,52605,0.3,0.008,34202,12,0.3
22405182,52,168,148692,0.05,0.001,70507,6,0.5
118556,24,504,68728,0.15,0.004,45558,9,0.7
14503114,38,336,137198,0.05,0.001,60165,6,0.5
130929,35,372,35221,0.15,0.004,33469,9,0.5
4201351,30,432,145884,0.05,0.001,95363,4,0.7
57007,27,468,27962,0.05,0.001,22297,6,0.3
515747,36,360,42760,0.3,0.008,35043,14,0.7
9673450,45,252,156786,0.05,0.001,80507,6,0.5
2256674,39,324,117318,0.05,0.001,74029,7,0.5
5504355,33,396,133118,0.05,0.001,56275,7,0.7
1382376,32,408,106354,0.05,0.001,69916,4,0.5
10387608,46,240,93878,0.05,0.001,62269,6,0.3
1268005,31,420,66459,0.15,0.004,49236,6,0.5
1198680,47,228,62305,0.3,0.008,49132,16,0.5
672315,34,384,59282,0.05,0.001,44323,4,0.7
1248193,38,336,67146,0.15,0.001,50658,9,0.5
477356,33,396,43625,0.15,0.004,34289,8,0.7
5206325,31,420,108522,0.05,0.001,67864,5,0.5
17818921,51,180,127254,0.05,0.001,65102,6,0.3
3614765,30,432,72993,0.05,0.001,50429,6,0.5
2448504,38,336,64988,0.15,0.004,43203,7,0.7
0,22,528,40649,0.05,0.001,37138,7,0.5
869250,50,192,34090,0.15,0.001,27366,6,0.5
5640438,47,228,49529,0.3,0.008,39328,11,0.5
0,22,528,65796,0.15,0.004,48114,6,0.7
912784,30,432,92805,0.15,0.004,61576,7,0.7
54658,31,420,22672,0.15,0.004,23517,6,0.7
451423,38,336,41720,0.3,0.004,37323,17,0.5
7244664,50,192,69273,0.15,0.004,41862,8,0.3
8747125,29,444,300000,0.05,0.001,193171,5,0.7
0,22,528,53534,0.15,0.001,34637,6,0.7
2613747,28,456,73654,0.15,0.004,46462,7,0.5
952883,29,444,64676,0.05,0.001,49241,7,0.5
62087,28,456,35460,0.15,0.001,37343,8,0.3
107057,27,468,20000,0.15,0.004,15943,6,0.5
10107034,52,168,65977,0.3,0.004,43901,19,0.3
1087206,35,372,113691,0.15,0.004,102542,8,0.5
25884958,52,168,197108,0.15,0.004,114210,6,0.3
111068,37,348,31099,0.15,0.004,27735,6,0.5
1211865,55,132,40701,0.15,0.004,37239,6,0.3
166365733,55,132,300000,0.05,0.001,154028,6,0.5
28648,24,504,68543,0.05,0.001,43749,6,0.5
15681945,43,276,100808,0.05,0.001,55950,7,0.5
133530450,56,120,152212,0.15,0.001,62663,6,0.3
3326009,36,360,55023,0.05,0.001,33104,4,0.3
160989,32,408,32862,0.15,0.001,29636,9,0.5
140558602,55,132,300000,0.15,0.004,165002,9,0.3
45059027,56,120,262106,0.05,0.001,126549,5,0.3
485040,27,468,78523,0.05,0.001,54096,4,0.5
290111,24,504,103231,0.15,0.004,57242,8,0.3
153027,32,408,44904,0.15,0.004,37529,8,0.7
21513544,56,120,102470,0.15,0.004,60884,9,0.3
97528536,53,156,300000,0.05,0.001,116607,7,0.3
508762,37,348,49142,0.15,0.004,35640,9,0.5
3371023,36,360,52901,0.05,0.001,26725,6,0.3
2381007,44,264,79630,0.15,0.001,71530,7,0.7
192234215,58,96,300000,0.05,0.001,145903,7,0.3
7677185,42,288,67873,0.05,0.001,39926,4,0.7
4188735,35,372,90432,0.15,0.004,62812,6,0.3
95870398,58,96,132959,0.15,0.001,55707,6,0.3
6009164,51,180,85381,0.3,0.008,60971,16,0.3
8207731,49,204,88031,0.3,0.004,67112,21,0.5
1102177,38,336,63337,0.15,0.004,46041,9,0.3
388452,23,516,300000,0.3,0.008,133995,9,0.3
157869,31,420,27970,0.3,0.008,23606,13,0.5
399299,25,492,111425,0.05,0.001,82048,7,0.7
136374,25,492,38170,0.3,0.008,30689,18,0.3
0,22,528,20000,0.3,0.008,18326,20,0.3
738422,42,288,28491,0.15,0.004,24217,6,0.5
1634912,56,120,48280,0.3,0.008,42516,8,0.5
6197301,59,84,84682,0.05,0.001,63960,5,0.3
187856,33,396,32360,0.15,0.001,35313,9,0.5
1380053,37,348,58033,0.15,0.004,35336,6,0.7
250667,29,444,29621,0.15,0.004,24656,7,0.3
6795280,55,132,56077,0.3,0.008,38983,17,0.3
5770436,41,300,59878,0.15,0.001,35547,8,0.3
139128,23,516,53999,0.05,0.001,32842,5,0.3
26786308,57,108,85469,0.3,0.004,60233,20,0.3
13672497,51,180,114462,0.05,0.001,57918,7,0.3
1492545,52,168,45995,0.15,0.004,45412,7,0.3
468104,32,408,24461,0.3,0.004,14607,19,0.5
4622635,30,432,157535,0.05,0.001,67583,6,0.7
3266643,49,204,87925,0.05,0.001,78753,6,0.3
947786,39,324,45400,0.15,0.004,39197,9,0.5
42341198,57,108,158158,0.05,0.001,91222,5,0.3
3305507,41,300,43845,0.15,0.001,32149,7,0.5
3681817,41,300,57877,0.15,0.004,38404,9,0.5
12341956,47,228,94845,0.15,0.001,63661,6,0.3
24091372,33,396,300000,0.05,0.001,129868,6,0.5
13738987,52,168,75703,0.15,0.001,43031,6,0.3
708278,28,456,111332,0.15,0.001,76475,6,0.5
1252744,30,432,69662,0.05,0.001,51086,6,0.7
16733512,46,240,195992,0.15,0.004,107914,9,0.5
854870,33,396,33960,0.05,0.001,24117,5,0.7
6761120,52,168,74619,0.15,0.004,54290,9,0.3
1080686,42,288,56050,0.3,0.008,44530,13,0.7
8288660,41,300,300000,0.05,0.001,207032,6,0.5
4663,24,504,20902,0.3,0.008,19251,21,0.3
1980483,42,288,61299,0.15,0.001,38536,7,0.5
15587326,46,240,119278,0.05,0.001,66225,5,0.3
11557353,44,264,98750,0.15,0.001,59793,9,0.5
4759853,45,252,67565,0.15,0.004,40703,7,0.5
44040686,48,216,300000,0.3,0.008,145933,23,0.5
15790,23,516,46422,0.15,0.004,39960,6,0.5
13460928,42,288,104455,0.05,0.001,79250,5,0.5
110017063,54,144,300000,0.05,0.001,139850,7,0.3
94138371,54,144,268541,0.05,0.001,107197,4,0.3
2047872,43,276,71957,0.15,0.001,65248,9,0.3
0,22,528,79323,0.05,0.001,46219,7,0.3
736085,44,264,64610,0.3,0.004,51015,22,0.5
119385377,51,180,123977,0.15,0.004,61198,9,0.3
1314291,40,312,47175,0.15,0.004,35586,9,0.7
371871,33,396,26186,0.15,0.004,22971,6,0.5
4715443,58,96,55112,0.3,0.004,49001,11,0.5
1936608,46,240,59152,0.3,0.004,44402,19,0.5
630898,55,132,24848,0.3,0.004,21386,22,0.5
3021606,29,444,147546,0.05,0.001,89395,7,0.7
14980651,52,168,69646,0.15,0.004,50895,8,0.3
79865097,48,216,300000,0.05,0.001,137151,5,0.7
408148,33,396,35794,0.15,0.004,30214,6,0.5
47210851,50,192,99499,0.15,0.004,59530,8,0.5
460311,41,300,39005,0.15,0.004,38477,7,0.3
2603202,36,360,93288,0.15,0.001,66132,8,0.3
8315529,52,168,65733,0.15,0.004,39305,8,0.5
10434146,44,264,73136,0.15,0.001,51243,9,0.5
7568929,37,348,185628,0.05,0.001,124237,4,0.3
142671,27,468,22976,0.15,0.004,19217,7,0.3
0,22,528,46278,0.15,0.001,34575,9,0.7
692220,35,372,77785,0.15,0.001,55740,7,0.7
8309399,47,228,112902,0.05,0.001,83286,7,0.3
584052,26,480,53756,0.05,0.001,38709,6,0.7
4876568,48,216,70539,0.15,0.001,40350,8,0.5
4083753,39,324,56126,0.3,0.008,35430,19,0.5
4027102,39,324,77615,0.05,0.001,52838,7,0.7
11867530,49,204,102313,0.15,0.001,58169,8,0.5
19785,23,516,31701,0.3,0.008,27013,23,0.5
0,22,528,55452,0.15,0.004,36086,9,0.7
2194644,31,420,61264,0.15,0.001,32435,6,0.7
1596775,38,336,74705,0.15,0.004,53114,7,0.3
531394,27,468,57383,0.05,0.001,42210,6,0.7
21974189,50,192,85290,0.05,0.001,54222,4,0.5
40451159,51,180,71724,0.15,0.004,39926,7,0.5
147439,32,408,43968,0.15,0.001,41268,8,0.3
904286,36,360,47653,0.15,0.004,37558,8,0.3
4821842,54,144,39303,0.3,0.008,30033,18,0.5
4040892,37,348,97578,0.05,0.001,54828,7,0.5
4201188,28,456,195923,0.05,0.001,111395,5,0.7
10762492,34,384,109881,0.05,0.001,52982,7,0.7
34075447,51,180,180591,0.05,0.001,90735,5,0.3
63858,23,516,54108,0.15,0.001,34101,8,0.3
94668479,58,96,277118,0.05,0.001,159079,4,0.3
3048780,42,288,58889,0.05,0.001,31972,5,0.7
18983871,54,144,84450,0.05,0.001,52316,4,0.5
903064,29,444,66321,0.15,0.004,37905,9,0.5
314653,27,468,58862,0.15,0.004,42826,7,0.5
139510334,57,108,198903,0.05,0.001,107604,5,0.5
87437,36,360,48482,0.15,0.001,46673,6,0.3
1382087,31,420,80795,0.05,0.001,42185,7,0.5
0,22,528,85233,0.05,0.001,51627,7,0.3
8180183,47,228,162908,0.05,0.001,108955,5,0.5
2510321,25,492,308904,0.05,0.001,113730,7,0.7
3641280,54,144,45183,0.15,0.001,32371,9,0.3
2627067,29,444,119995,0.05,0.001,83042,4,0.7
6706664,39,324,80680,0.05,0.001,36755,5,0.7
5848,23,516,20000,0.15,0.004,15998,6,0.3
13375774,42,288,152559,0.15,0.001,86344,8,0.3
87382593,52,168,142574,0.15,0.001,63622,8,0.3
3140683,41,300,127952,0.15,0.001,96320,9,0.7
567121,47,228,39568,0.3,0.008,37584,14,0.5
2325891,41,300,71790,0.15,0.004,44730,6,0.5
1578590,38,336,112851,0.3,0.004,84583,10,0.3
689495,32,408,27009,0.3,0.008,20001,15,0.7
944159,34,384,54986,0.15,0.001,47127,8,0.5
3433930,41,300,51689,0.3,0.004,31496,9,0.5
4373406,38,336,95104,0.05,0.001,76226,6,0.7
109959017,58,96,152461,0.05,0.001,102925,5,0.3
628194,29,444,62135,0.05,0.001,43985,6,0.5
134997525,59,84,130400,0.05,0.001,58997,7,0.3
7844446,43,276,122408,0.05,0.001,70429,7,0.7
7087451,52,168,69566,0.15,0.004,47042,6,0.3
44117401,56,120,153525,0.05,0.001,76296,6,0.5
131416529,56,120,300000,0.15,0.001,138214,6,0.3
59076,31,420,25752,0.3,0.008,23787,15,0.7
35618,24,504,32247,0.15,0.004,22941,6,0.5
14137966,49,204,74598,0.15,0.001,41485,6,0.7
318378,32,408,22567,0.3,0.008,18151,10,0.7
79680833,58,96,129976,0.05,0.001,71595,7,0.3
98868770,57,108,300000,0.05,0.001,188125,7,0.3
552126,34,384,44186,0.15,0.001,34949,8,0.7
22574586,47,228,134245,0.05,0.001,77220,7,0.7
3745262,45,252,86600,0.3,0.004,60490,20,0.7
9036084,45,252,102650,0.15,0.004,57041,9,0.5
680721,39,324,51412,0.3,0.004,30054,11,0.5
789411,43,276,38383,0.3,0.008,32368,21,0.5
1232845,48,216,32471,0.3,0.004,29275,10,0.5
15242785,30,432,300000,0.05,0.001,181441,4,0.7
3287680,46,240,59060,0.05,0.001,47848,7,0.5
1569563,32,408,85703,0.05,0.001,54698,5,0.7
7315792,48,216,49802,0.05,0.001,37948,6,0.5
2068585,38,336,51337,0.3,0.004,39515,20,0.5
701864,32,408,22286,0.15,0.004,17012,8,0.7
6446520,44,264,56128,0.15,0.004,30358,9,0.5
8992665,47,228,55236,0.15,0.001,37152,8,0.5
49627,31,420,20019,0.15,0.004,19515,7,0.7
3595955,40,312,61707,0.05,0.001,36302,4,0.3
11008,23,516,25180,0.3,0.008,16377,11,0.3
84878311,39,324,300000,0.05,0.001,126669,4,0.5
4493763,42,288,32901,0.15,0.004,22951,7,0.5
110739534,47,228,214717,0.05,0.001,118021,5,0.7
12609923,53,156,56734,0.15,0.001,35899,8,0.5
12533673,43,276,136453,0.05,0.001,68497,6,0.3
115600,25,492,55633,0.3,0.004,39242,8,0.5
750544,26,480,50640,0.05,0.001,27383,5,0.7
11219,24,504,22582,0.3,0.008,20942,8,0.5
170855,26,480,35297,0.3,0.008,26685,13,0.3
8479351,51,180,66226,0.3,0.004,44409,15,0.3
304585,26,480,54488,0.05,0.001,32801,5,0.5
5306176,45,252,52772,0.3,0.008,26689,22,0.7
884155,34,384,86819,0.3,0.004,55186,9,0.7
1403237,35,372,90029,0.05,0.001,61644,7,0.3
24958,24,504,31696,0.15,0.004,26496,8,0.5
10261630,47,228,121341,0.15,0.001,72231,9,0.5
1252563,32,408,54516,0.15,0.004,40220,6,0.7
215399,36,360,33021,0.15,0.001,39428,8,0.5
3382737,30,432,126118,0.05,0.001,60757,5,0.7
71061529,52,168,256976,0.05,0.001,134370,4,0.5
1418796,40,312,43311,0.15,0.004,43975,6,0.3
8550169,39,324,87581,0.05,0.001,52421,4,0.3
355759,32,408,49519,0.3,0.004,39790,14,0.3
965621,33,396,58855,0.15,0.004,45217,8,0.5
7814671,49,204,99029,0.15,0.001,49746,8,0.7
3440758,35,372,53667,0.05,0.001,22825,6,0.3
38274117,40,312,198290,0.05,0.001,87665,6,0.5
3455673,32,408,125084,0.05,0.001,65519,6,0.5
8320991,50,192,71606,0.15,0.001,43139,7,0.3
8420,24,504,20000,0.15,0.004,16902,6,0.5
289146,31,420,44078,0.15,0.001,45099,7,0.3
2431101,32,408,66238,0.05,0.001,29361,6,0.7
514006,31,420,59159,0.15,0.001,48178,7,0.5
4999601,56,120,99995,0.05,0.001,70010,5,0.3
7811779,49,204,101354,0.15,0.004,55317,7,0.3
521585,33,396,49270,0.15,0.004,41034,9,0.7
17680583,48,216,102293,0.05,0.001,65685,4,0.5
28215572,56,120,64639,0.15,0.001,41804,9,0.3
960639,28,456,121741,0.15,0.004,71841,7,0.7
113986846,58,96,300000,0.05,0.001,151628,7,0.3
0,22,528,36973,0.15,0.004,29622,7,0.5
11698659,45,252,87833,0.05,0.001,52586,5,0.7
232165,39,324,33553,0.15,0.004,31908,6,0.5
11254984,35,372,181707,0.05,0.001,119076,6,0.3
319861,32,408,31727,0.15,0.001,26544,6,0.7
7956280,28,456,300000,0.15,0.004,139136,7,0.5
3415722,36,360,76200,0.05,0.001,47518,5,0.5
23496274,53,156,126807,0.05,0.001,60347,7,0.5
34024069,50,192,121111,0.05,0.001,68509,6,0.3
1143237,28,456,91612,0.15,0.004,63942,7,0.5
4079019,40,312,110808,0.05,0.001,55391,6,0.5
85160129,44,264,274738,0.05,0.001,164180,4,0.5
2291138,47,228,46803,0.05,0.001,33571,4,0.3
2467,23,516,39739,0.3,0.008,35724,16,0.7
168899,25,492,52678,0.05,0.001,37267,6,0.5
28916889,53,156,112319,0.15,0.004,75002,7,0.3
878949,32,408,74312,0.15,0.004,57530,8,0.5
78370519,57,108,141350,0.05,0.001,53643,7,0.3
3466303,45,252,50632,0.15,0.001,29716,9,0.5
4489631,47,228,59085,0.05,0.001,42814,7,0.5
9691307,44,264,157137,0.05,0.001,94318,7,0.3
14674884,44,264,127373,0.05,0.001,56329,7,0.5
27677815,55,132,73701,0.05,0.001,46033,4,0.3
44275268,46,240,300000,0.05,0.001,178739,4,0.5
43805,23,516,53375,0.15,0.001,29189,8,0.5
7150295,50,192,103861,0.3,0.008,69824,9,0.5
920681,30,432,87743,0.05,0.001,52882,4,0.5
42254,30,432,24311,0.15,0.001,21457,8,0.5
7798,23,516,20630,0.15,0.001,17363,6,0.5
4566859,35,372,88474,0.05,0.001,45727,6,0.5
22723923,40,312,246606,0.05,0.001,149174,4,0.7
895004,38,336,60049,0.05,0.001,52114,7,0.3
21478559,57,108,91906,0.15,0.004,43834,8,0.3
0,22,528,23542,0.3,0.008,21917,8,0.3
45103213,44,264,300000,0.05,0.001,177415,6,0.5
10169327,30,432,300000,0.3,0.008,121918,22,0.5
2053510,31,420,156540,0.15,0.004,75494,6,0.7
17627575,38,336,234938,0.05,0.001,118778,6,0.5
5332429,45,252,115736,0.15,0.004,86522,8,0.5
64809,24,504,76767,0.05,0.001,62557,6,0.5
38570834,58,96,250377,0.15,0.004,120038,8,0.3
109637841,59,84,300000,0.05,0.001,177366,5,0.5
15184,24,504,38373,0.3,0.004,25253,23,0.5
0,22,528,69905,0.15,0.001,45563,6,0.5
4537866,47,228,53935,0.05,0.001,35372,4,0.5
164092640,57,108,336735,0.05,0.001,171936,6,0.3
43620455,56,120,163102,0.05,0.001,93078,4,0.3
119477,28,456,42157,0.15,0.001,44633,7,0.7
7348970,57,108,91516,0.05,0.001,68160,7,0.5
37694801,55,132,300000,0.15,0.001,185359,8,0.3
8408972,58,96,61188,0.3,0.004,48706,14,0.3
4663804,35,372,99384,0.05,0.001,56224,4,0.5
1302649,32,408,101549,0.15,0.001,79800,9,0.7
1518980,31,420,93944,0.05,0.001,49860,7,0.7
10113289,49,204,83789,0.15,0.004,61330,9,0.3
81288886,58,96,229194,0.05,0.001,139476,5,0.3
1198138,26,480,123734,0.05,0.001,74818,4,0.5
46102,30,432,24468,0.15,0.004,23607,8,0.7
99614495,57,108,231925,0.15,0.001,135968,7,0.3
435555,31,420,49322,0.3,0.008,40115,23,0.3
689812,45,252,31165,0.15,0.004,28403,6,0.5
172277,27,468,37442,0.15,0.001,26962,9,0.5
44683612,52,168,164061,0.15,0.004,73705,8,0.3
595800,47,228,41981,0.15,0.004,45726,7,0.3
2913251,44,264,53103,0.15,0.004,35526,6,0.3
8919710,48,216,59042,0.15,0.004,45053,7,0.3
1087100,32,408,65969,0.15,0.001,36470,9,0.5
32831225,48,216,300000,0.05,0.001,162317,7,0.3
5461178,51,180,61960,0.15,0.004,40681,9,0.3
6712774,49,204,116143,0.3,0.008,68032,8,0.7
34521214,41,300,147613,0.05,0.001,82213,5,0.5
654113,42,288,28210,0.15,0.004,26219,8,0.5
3018504,29,444,116228,0.15,0.001,77641,7,0.7
4900872,43,276,55620,0.15,0.004,39767,7,0.7
63969,24,504,73672,0.05,0.001,55831,6,0.3
112067,25,492,32383,0.15,0.004,26408,8,0.3
33842369,55,132,83412,0.15,0.004,48017,9,0.3
2399709,48,216,54973,0.3,0.004,33861,18,0.5
4620600,40,312,70663,0.05,0.001,47498,4,0.5
113110,29,444,34697,0.15,0.001,37016,7,0.5
269940,28,456,55315,0.15,0.004,38540,7,0.3
817061,35,372,45982,0.15,0.001,38762,7,0.5
42302406,55,132,220219,0.05,0.001,94837,7,0.3
6510340,48,216,109976,0.05,0.001,69010,4,0.5
4550220,36,360,56075,0.15,0.004,35655,8,0.5
65917,25,492,24854,0.15,0.004,21258,8,0.7
7378250,51,180,39545,0.3,0.008,29295,19,0.3
67115416,58,96,178021,0.15,0.001,96259,7,0.5
29142996,44,264,227291,0.05,0.001,120230,4,0.3
7509546,32,408,191708,0.05,0.001,77414,5,0.7
16607764,51,180,88509,0.15,0.004,53627,7,0.3
244174,24,504,123087,0.05,0.001,68231,7,0.7
11407717,59,84,66516,0.3,0.008,39450,15,0.3
3340315,34,384,139633,0.05,0.001,76594,4,0.7
816806,31,420,52955,0.05,0.001,34681,4,0.7
0,22,528,69428,0.05,0.001,41436,7,0.7
2093200,29,444,61903,0.05,0.001,44293,5,0.7
2306807,45,252,105749,0.05,0.001,86032,4,0.5
1609947,45,252,72905,0.3,0.008,48564,10,0.7
4229863,30,432,63955,0.05,0.001,42608,4,0.7
117524214,51,180,300000,0.05,0.001,133144,7,0.3
412480,36,360,36997,0.15,0.001,26099,8,0.5
26503241,37,348,300000,0.3,0.004,169404,9,0.3
2401379,45,252,66731,0.15,0.004,38548,6,0.3
494585,26,480,104966,0.15,0.004,57445,7,0.5
1011772,36,360,51314,0.15,0.001,41239,8,0.3
3706095,31,420,142518,0.05,0.001,66913,6,0.7
523359,29,444,102794,0.15,0.004,77072,7,0.5
1330820,38,336,67335,0.05,0.001,49836,6,0.3
4290708,56,120,48187,0.15,0.001,38520,6,0.5
2256925,33,396,116334,0.05,0.001,85773,7,0.5
5636112,52,168,68273,0.05,0.001,57112,4,0.3
980511,52,168,59280,0.3,0.004,47391,10,0.3
15417079,53,156,93563,0.05,0.001,71429,5,0.5
85733972,57,108,234588,0.05,0.001,154250,7,0.3
10944,25,492,34672,0.3,0.008,31422,23,0.7
7807417,58,96,144117,0.15,0.004,99706,8,0.3
21120627,44,264,107433,0.05,0.001,63445,6,0.7
7815,23,516,20000,0.15,0.001,14827,8,0.5
21511491,39,324,178409,0.05,0.001,102536,4,0.7
5619492,46,240,63998,0.15,0.004,41627,9,0.5
42896256,54,144,271737,0.05,0.001,156953,4,0.3
4710071,34,384,111219,0.05,0.001,77682,6,0.7
2059810,30,432,89881,0.15,0.004,66632,7,0.5
27637972,48,216,164788,0.15,0.001,75525,6,0.3
6006305,38,336,59561,0.05,0.001,30973,5,0.5
6344492,33,396,142303,0.05,0.001,54348,4,0.5
16001624,54,144,111827,0.3,0.008,57150,13,0.3
0,22,528,37038,0.15,0.004,33688,7,0.3
5186345,45,252,93698,0.15,0.004,69923,9,0.5
3544078,52,168,52275,0.15,0.004,36187,8,0.3
6196049,49,204,103010,0.05,0.001,82522,7,0.3
32323,23,516,112380,0.05,0.001,75863,6,0.5
501961,33,396,45108,0.15,0.001,38781,8,0.5
99210,28,456,20038,0.3,0.008,16261,20,0.3
30771215,46,240,255639,0.05,0.001,145161,4,0.5
19295396,51,180,135922,0.05,0.001,64985,4,0.3
146606,28,456,42192,0.15,0.004,37765,7,0.7
3952280,39,324,97893,0.05,0.001,67472,4,0.7
2101681,29,444,91332,0.05,0.001,60216,4,0.7
353734,28,456,31480,0.3,0.008,22587,11,0.7
7991045,49,204,59676,0.05,0.001,36090,4,0.3
114456,25,492,63581,0.15,0.004,54284,8,0.5
5526218,44,264,56093,0.3,0.004,43643,17,0.3
12008534,58,96,86713,0.3,0.008,62751,8,0.3
24589641,54,144,82301,0.05,0.001,51425,5,0.5
2722819,46,240,46009,0.15,0.001,35451,8,0.5
10511277,49,204,57021,0.05,0.001,41554,6,0.5
46648,25,492,47842,0.15,0.004,40859,6,0.5
17968203,56,120,64885,0.15,0.004,43378,9,0.3
345228,31,420,63294,0.15,0.004,41742,7,0.3
2054149,28,456,55317,0.15,0.001,29207,7,0.7
2697931,50,192,45085,0.3,0.008,32157,15,0.7
659250,35,372,31993,0.3,0.008,23871,23,0.7
5579661,33,396,104908,0.15,0.001,83657,8,0.7
6575846,57,108,48124,0.15,0.004,38049,8,0.5
1448863,39,324,66792,0.15,0.001,52358,8,0.3
436561,25,492,72901,0.05,0.001,50502,4,0.5
6748574,37,348,80753,0.15,0.001,53318,7,0.5
1847620,53,156,43959,0.15,0.001,34733,6,0.5
11692742,42,288,99681,0.15,0.001,57870,8,0.5
1084596,43,276,29027,0.3,0.004,23127,20,0.5
61011,26,480,23803,0.3,0.004,19859,21,0.7
769384,50,192,24539,0.15,0.001,21855,8,0.5
70812,23,516,120725,0.05,0.001,69870,6,0.3
426284,33,396,41573,0.05,0.001,34789,7,0.7
100668747,46,240,128768,0.05,0.001,70403,6,0.5
5378683,59,84,45674,0.15,0.004,36127,7,0.5
79656,27,468,63470,0.3,0.004,53912,13,0.5
1085957,34,384,94961,0.15,0.004,65435,9,0.5
117907530,56,120,125488,0.05,0.001,72004,4,0.3
297732,26,480,85177,0.05,0.001,66244,4,0.5
5604589,49,204,68599,0.15,0.001,36792,6,0.7
12144868,48,216,85479,0.05,0.001,58599,7,0.5
7979867,50,192,56634,0.15,0.004,32703,7,0.7
2701544,40,312,70878,0.05,0.001,50097,6,0.5
6813453,43,276,91837,0.3,0.004,50087,19,0.3
20153753,42,288,89550,0.3,0.004,62099,20,0.3
4031795,57,108,82031,0.3,0.004,74329,10,0.5
204876,32,408,42903,0.15,0.001,39960,9,0.3
500007,40,312,21852,0.15,0.004,17089,9,0.5
755922,30,432,54493,0.3,0.008,31519,16,0.7
685964,26,480,72193,0.05,0.001,54214,6,0.5
3348604,34,384,53955,0.15,0.001,36871,6,0.5
82615696,59,84,197541,0.05,0.001,110351,5,0.3
98945519,53,156,90179,0.05,0.001,60509,7,0.3
7486390,48,216,115687,0.3,0.008,94651,8,0.5
232324,30,432,34966,0.15,0.004,27426,9,0.5
1857792,47,228,36041,0.3,0.004,33053,21,0.7
76823,31,420,23560,0.3,0.004,20951,8,0.5
21099,24,504,21201,0.15,0.004,16803,6,0.7
677909,27,468,34637,0.05,0.001,25088,6,0.7
22195543,55,132,71745,0.15,0.004,40070,9,0.3
38767037,59,84,62732,0.15,0.001,37490,9,0.5
1102486,31,420,66968,0.15,0.001,51286,9,0.5
6087079,37,348,128157,0.05,0.001,82336,4,0.3
242308,35,372,37796,0.15,0.001,36782,6,0.7
7242519,40,312,103518,0.15,0.004,64790,8,0.5
171825885,57,108,212427,0.05,0.001,103322,6,0.3
533834,38,336,37497,0.3,0.004,33873,8,0.5
8513578,43,276,51263,0.15,0.004,32201,6,0.5
1606231,31,420,63469,0.05,0.001,40284,4,0.7
17297625,57,108,50761,0.15,0.004,32012,9,0.3
808873,32,408,34653,0.15,0.004,24456,7,0.7
2599166,35,372,97794,0.15,0.004,78179,6,0.5
5972665,50,192,81715,0.15,0.004,63092,9,0.5
6192,23,516,29036,0.15,0.004,25585,9,0.3
47679412,59,84,134157,0.05,0.001,64092,4,0.5
11754349,53,156,73867,0.05,0.001,59552,5,0.3
6553143,58,96,62086,0.3,0.004,47591,20,0.3
8138780,56,120,39861,0.15,0.004,28289,6,0.3
2269629,28,456,79898,0.15,0.001,52272,8,0.7
4862006,30,432,132746,0.05,0.001,77319,7,0.7
1287536,51,180,41032,0.15,0.004,42299,8,0.3
2010204,54,144,35819,0.15,0.001,28301,6,0.3
3125957,44,264,76716,0.05,0.001,50338,4,0.5
685242,36,360,39283,0.15,0.004,29319,8,0.7
4348915,41,300,63645,0.15,0.001,40491,6,0.7
0,22,528,100038,0.15,0.004,76157,8,0.5
12755,23,516,25064,0.05,0.001,19242,5,0.5
16316461,44,264,141990,0.05,0.001,93918,5,0.5
0,22,528,21177,0.15,0.004,19022,9,0.3
20764590,48,216,109923,0.05,0.001,81128,7,0.5
112553,24,504,300000,0.15,0.004,206364,8,0.3
105368404,49,204,235662,0.05,0.001,127810,7,0.5
1286842,34,384,104272,0.05,0.001,80777,5,0.7
34830431,58,96,138501,0.3,0.004,91428,23,0.5
3930580,32,408,57706,0.15,0.004,36064,7,0.7
15684386,56,120,51644,0.3,0.004,33176,18,0.3
1290121,30,432,73793,0.05,0.001,55454,5,0.7
432299,27,468,69890,0.3,0.004,45934,16,0.5
1838741,43,276,43704,0.15,0.001,39093,6,0.5
344636,42,288,40924,0.15,0.004,39212,8,0.7
32249651,42,288,188135,0.05,0.001,102276,6,0.3
1422186,35,372,59261,0.15,0.004,30163,8,0.7
5960931,50,192,94605,0.15,0.004,56139,9,0.3
811745,43,276,33925,0.15,0.004,29329,6,0.3
16952,24,504,20000,0.15,0.004,15288,8,0.5
2871877,41,300,66069,0.15,0.004,49196,6,0.5
125984804,56,120,300000,0.05,0.001,133702,7,0.5
4566757,40,312,83527,0.15,0.004,58169,8,0.5
7101188,50,192,99549,0.15,0.004,59305,6,0.3
7927688,54,144,109796,0.15,0.001,77671,6,0.5
4496509,59,84,60692,0.3,0.008,39258,13,0.3
1193540,28,456,99384,0.05,0.001,55137,4,0.7
1224079,38,336,43246,0.3,0.008,31935,14,0.5
2245742,38,336,72621,0.15,0.001,42686,7,0.3
1053706,26,480,112202,0.05,0.001,69576,5,0.5
1939044,29,444,90987,0.15,0.004,47842,6,0.5
34839789,49,204,126703,0.15,0.004,46854,7,0.5
886918,59,84,42267,0.3,0.008,41155,18,0.3
9778,23,516,20000,0.15,0.001,17340,7,0.3
3338242,44,264,56193,0.3,0.004,34178,9,0.5
3347459,49,204,99633,0.15,0.004,75311,8,0.3
106876287,58,96,146145,0.05,0.001,55148,7,0.5
51518,24,504,87993,0.05,0.001,68190,5,0.5
1709412,36,360,54513,0.15,0.004,28409,8,0.5
5398321,55,132,68299,0.05,0.001,52121,6,0.3
33263410,47,228,300000,0.15,0.001,162047,8,0.3
10815,24,504,36431,0.15,0.001,28471,6,0.3
118176688,52,168,231079,0.05,0.001,155474,5,0.5
36587724,51,180,102985,0.05,0.001,68748,6,0.3
113797927,58,96,104164,0.05,0.001,63222,7,0.5
6359408,57,108,86205,0.3,0.008,59766,14,0.3
14806576,49,204,77185,0.05,0.001,48082,6,0.3
8393096,51,180,86313,0.3,0.008,45084,11,0.3
7182980,39,324,102335,0.05,0.001,61424,4,0.7
373462,33,396,37289,0.3,0.004,29581,23,0.7
184088,35,372,41107,0.15,0.001,39293,8,0.3
1392005,26,480,161558,0.05,0.001,72481,5,0.7
932403,46,240,44712,0.15,0.004,38714,7,0.7
2370229,38,336,52464,0.15,0.001,35365,8,0.5
695982,55,132,34014,0.15,0.004,31556,6,0.5
5028269,35,372,54717,0.15,0.004,39327,6,0.5
2639504,51,180,22125,0.15,0.004,18105,7,0.5
18987289,51,180,81188,0.15,0.001,48092,9,0.3
12654250,49,204,110801,0.15,0.004,80051,9,0.7
1611882,28,456,78854,0.05,0.001,50062,5,0.7
10898458,44,264,104499,0.15,0.001,57212,6,0.5
5911044,40,312,97030,0.05,0.001,56732,7,0.3
10182298,35,372,175200,0.15,0.004,82468,6,0.5
149561,28,456,35153,0.3,0.004,30097,17,0.5
1004729,25,492,63498,0.05,0.001,39558,4,0.5
25145297,58,96,153143,0.15,0.001,95890,6,0.3
14330715,59,84,94063,0.15,0.001,48591,8,0.3
17544078,53,156,100968,0.15,0.004,63834,7,0.3
187248576,59,84,300000,0.05,0.001,207303,4,0.3
44496549,49,204,179904,0.05,0.001,100686,6,0.3
1844146,27,468,123388,0.05,0.001,69682,7,0.7
83523952,52,168,284792,0.05,0.001,173754,7,0.3
12808716,47,228,126915,0.15,0.004,80200,9,0.5
4245890,34,384,62361,0.15,0.001,33201,9,0.7
1479907,40,312,35341,0.3,0.004,24927,12,0.3
171166770,59,84,300000,0.05,0.001,118251,7,0.5
2517884,40,312,97293,0.15,0.004,73977,8,0.5
459714,31,420,46076,0.15,0.001,42028,9,0.5
2039378,40,312,33939,0.05,0.001,26288,5,0.5
10005786,39,324,174286,0.3,0.008,82927,11,0.7
15153144,39,324,146325,0.05,0.001,50944,5,0.5
15642297,49,204,53302,0.15,0.004,28497,6,0.5
46006075,58,96,178815,0.05,0.001,113551,7,0.3
1657637,36,360,92028,0.15,0.004,78082,6,0.3
12634,23,516,22876,0.15,0.001,16512,6,0.3
2018942,32,408,59843,0.05,0.001,38821,4,0.7
19704883,47,228,103932,0.05,0.001,59261,5,0.3
12650554,44,264,84519,0.05,0.001,51510,4,0.3
20850694,59,84,70449,0.3,0.008,41459,20,0.5
6026904,46,240,71090,0.05,0.001,42137,6,0.5
16636007,53,156,115143,0.15,0.001,87334,8,0.5
381756,49,204,44702,0.3,0.004,41452,12,0.3
345750,28,456,44614,0.15,0.004,32322,8,0.5
0,22,528,300000,0.05,0.001,160256,4,0.7
268851,34,384,47413,0.3,0.004,43752,10,0.5
15367147,46,240,123017,0.15,0.004,56796,6,0.3
11524355,55,132,57302,0.05,0.001,34813,6,0.3
33283942,41,300,189593,0.05,0.001,117722,5,0.5
597725,39,324,38878,0.15,0.004,33503,9,0.5
46643035,47,228,182308,0.05,0.001,109827,5,0.5
176893,27,468,36274,0.3,0.008,32081,17,0.5
33926569,51,180,334906,0.05,0.001,191874,6,0.5
49964,29,444,47881,0.15,0.004,44968,8,0.5
5211474,48,216,54157,0.15,0.004,36743,6,0.5
6143712,44,264,101149,0.05,0.001,61111,4,0.5
14123,23,516,35542,0.3,0.004,28734,14,0.5
158576652,56,120,139006,0.05,0.001,59533,5,0.3
276017,29,444,48685,0.3,0.004,41449,17,0.5
3906041,29,444,130441,0.05,0.001,66800,4,0.7
109623,28,456,39155,0.3,0.004,36437,18,0.7
23539435,37,348,293495,0.05,0.001,168852,4,0.5
10020690,53,156,103741,0.05,0.001,71931,7,0.3
540191,29,444,66906,0.15,0.001,40824,8,0.5
20386190,55,132,134293,0.15,0.001,62458,9,0.3
65957,23,516,63283,0.15,0.001,41614,7,0.5
18370292,50,192,139326,0.05,0.001,70760,4,0.3
541698,26,480,87751,0.05,0.001,57407,4,0.7
5415615,46,240,77359,0.3,0.008,50068,9,0.5
51460070,59,84,300000,0.05,0.001,124038,5,0.3
8955546,44,264,59837,0.15,0.001,45627,7,0.7
20793344,53,156,127452,0.15,0.001,67525,7,0.5
497796,39,324,28873,0.15,0.004,25586,8,0.5
0,22,528,32241,0.3,0.004,25989,23,0.7
674247,29,444,47306,0.15,0.001,31861,7,0.7
325906,27,468,26475,0.3,0.008,20397,18,0.5
5177075,40,312,131068,0.05,0.001,62749,4,0.7
325899,47,228,28318,0.15,0.004,29892,7,0.5
48687891,55,132,300000,0.15,0.004,201670,7,0.3
22006726,43,276,136062,0.15,0.004,64035,7,0.7
18661252,54,144,126256,0.05,0.001,62382,6,0.3
4106647,39,324,65962,0.15,0.001,41353,8,0.7
8238355,40,312,85018,0.3,0.008,52802,16,0.3
43710632,43,276,62835,0.05,0.001,35995,7,0.5
230867,31,420,21892,0.3,0.004,16989,16,0.7
6918038,35,372,139185,0.15,0.004,95698,6,0.5
115177,26,480,26908,0.15,0.001,18863,9,0.5
4827,24,504,21240,0.3,0.004,21115,10,0.5
204499658,57,108,167719,0.05,0.001,69600,5,0.3
66362526,52,168,300000,0.05,0.001,182920,5,0.3
3920208,39,324,63098,0.05,0.001,30786,6,0.7
46328396,43,276,189163,0.05,0.001,123121,6,0.7
8439793,37,348,143021,0.15,0.004,77110,9,0.3
79013,30,432,29587,0.15,0.001,27308,6,0.5
10352694,47,228,123702,0.15,0.004,55732,7,0.5
4128992,31,420,129992,0.05,0.001,73713,5,0.7
1939017,35,372,74451,0.15,0.004,55113,7,0.5
2403301,38,336,88640,0.15,0.004,63058,7,0.3
1999,24,504,21902,0.3,0.008,21022,23,0.3
5257873,33,396,105266,0.05,0.001,74436,7,0.7
12867307,38,336,209968,0.05,0.001,106919,5,0.7
3250718,57,108,38187,0.3,0.008,34566,21,0.3
116404019,57,108,67646,0.15,0.001,43230,9,0.5
52670870,57,108,140416,0.15,0.001,75709,8,0.5
17289198,44,264,96121,0.15,0.001,48332,7,0.5
141991,25,492,50850,0.15,0.004,33444,7,0.5
22954091,40,312,181149,0.05,0.001,98123,6,0.5
85255,25,492,32043,0.3,0.004,26893,8,0.5
592319,32,408,36334,0.3,0.004,25182,21,0.7
266233,29,444,41997,0.15,0.004,33492,7,0.5
11968253,46,240,66844,0.15,0.001,37522,7,0.3
572261,34,384,24730,0.3,0.008,19232,14,0.7
0,22,528,47557,0.15,0.004,43814,8,0.7
4650605,29,444,121802,0.05,0.001,52185,4,0.5
15708374,55,132,64854,0.3,0.008,36025,20,0.3
0,22,528,35493,0.15,0.004,30498,7,0.5
15924997,58,96,66149,0.3,0.008,36369,18,0.3
1158486,29,444,93927,0.05,0.001,74267,5,0.5
2645681,52,168,82534,0.05,0.001,69025,4,0.3
5032138,38,336,77182,0.05,0.001,50490,5,0.5
1807311,44,264,47605,0.15,0.004,34564,6,0.7
126095026,57,108,202275,0.05,0.001,115959,6,0.3
7903425,29,444,300000,0.15,0.004,102573,9,0.7
6825766,31,420,132761,0.05,0.001,71640,6,0.7
80280441,51,180,194926,0.05,0.001,122364,6,0.3
180402973,57,108,194450,0.05,0.001,122934,5,0.3
6811448,42,288,84004,0.15,0.004,56283,6,0.7
9622454,53,156,75639,0.3,0.004,46461,13,0.3
59271242,47,228,300000,0.15,0.004,150096,9,0.7
38290617,55,132,172618,0.05,0.001,97995,6,0.3
563757,30,432,33282,0.15,0.004,26001,8,0.5
3258948,25,492,300000,0.05,0.001,122173,4,0.7
243112,27,468,47804,0.15,0.004,37636,6,0.3
14384072,55,132,45557,0.15,0.004,32453,7,0.3
90442607,57,108,207431,0.05,0.001,135939,7,0.5
39260470,59,84,300000,0.05,0.001,183341,5,0.3
25949852,54,144,68742,0.15,0.001,46823,6,0.3
91107,30,432,33235,0.15,0.004,33761,7,0.3
7997789,43,276,115411,0.05,0.001,60309,6,0.3
20978,26,480,23926,0.3,0.008,20883,11,0.5
0,22,528,50663,0.15,0.004,38105,9,0.5
36843644,42,288,300000,0.15,0.001,102991,7,0.5
9299557,57,108,79423,0.15,0.004,46793,6,0.3
0,22,528,31194,0.05,0.001,24569,6,0.3
4411741,57,108,67734,0.15,0.004,48166,8,0.5
8939246,51,180,109331,0.05,0.001,83711,7,0.3
2940596,29,444,151850,0.05,0.001,103656,4,0.7
7585708,35,372,83284,0.05,0.001,53767,4,0.5
3736615,49,204,61336,0.15,0.004,34181,6,0.7
229128,29,444,70423,0.05,0.001,50170,5,0.7
679,23,516,20000,0.15,0.001,19183,7,0.7
2231960,32,408,96973,0.05,0.001,70869,4,0.5
1906286,32,408,106986,0.05,0.001,86635,5,0.7
293674,26,480,87837,0.05,0.001,77743,4,0.5
7313966,50,192,132631,0.15,0.004,80034,9,0.5
35460272,51,180,90900,0.05,0.001,61205,6,0.5
0,22,528,42447,0.15,0.001,32634,7,0.5
5996434,32,408,157056,0.05,0.001,84281,5,0.5
512848,30,432,40281,0.15,0.001,28320,9,0.7
2582369,35,372,76918,0.15,0.001,48945,9,0.3
3626068,45,252,56647,0.05,0.001,39760,5,0.5
2792298,46,240,61253,0.15,0.004,35063,8,0.7
2457160,47,228,50808,0.15,0.001,36730,8,0.5
31861,23,516,82421,0.15,0.001,54217,7,0.5
3190384,34,384,78770,0.05,0.001,43892,6,0.7
2063824,39,324,52123,0.3,0.008,41352,19,0.7
103319684,59,84,126233,0.15,0.001,53032,9,0.3
492626,40,312,24015,0.15,0.004,19110,8,0.3
1620812,36,360,54942,0.15,0.004,34073,6,0.7
1329949,26,480,80392,0.15,0.001,44657,7,0.5
5396728,57,108,51574,0.15,0.004,37275,9,0.3
10638882,44,264,85141,0.3,0.008,56106,11,0.3
1485602,38,336,73541,0.15,0.001,57079,6,0.7
133530652,59,84,153121,0.05,0.001,101447,6,0.3
5404356,38,336,95826,0.15,0.004,61249,8,0.7
3929998,48,216,73396,0.05,0.001,45719,4,0.5
2851095,32,408,144931,0.05,0.001,110846,6,0.7
5566310,39,324,160685,0.05,0.001,93049,6,0.5
16017895,51,180,134382,0.05,0.001,64510,6,0.5
17568,24,504,20000,0.15,0.004,17325,6,0.5
23543059,48,216,164181,0.15,0.001,78557,9,0.5
23542,23,516,112661,0.15,0.004,96014,9,0.3
38240438,47,228,160498,0.05,0.001,87692,6,0.3
27615369,58,96,97585,0.3,0.004,55870,16,0.3
9219414,59,84,49830,0.15,0.004,43899,6,0.5
2752493,42,288,30261,0.15,0.004,23895,8,0.5
2140320,27,468,120597,0.05,0.001,65016,5,0.7
140028955,54,144,300000,0.05,0.001,148178,4,0.5
2727794,55,132,58246,0.15,0.004,38216,8,0.5
4566329,41,300,67226,0.15,0.004,36745,9,0.3
8577132,46,240,60576,0.15,0.004,34441,8,0.5
7405913,34,384,80136,0.15,0.004,42379,8,0.7
20109,24,504,26789,0.15,0.004,21575,6,0.5
81968,26,480,41677,0.15,0.001,36682,9,0.5
7420687,52,168,56469,0.3,0.004,47180,17,0.3
2215589,49,204,53695,0.15,0.001,39495,9,0.3
118439438,59,84,300000,0.15,0.001,101608,6,0.5
2328797,39,324,52570,0.15,0.001,27074,6,0.5
2269328,26,480,207395,0.05,0.001,111333,6,0.5
473577,37,348,34492,0.15,0.001,24118,9,0.3
62461,23,516,51912,0.15,0.004,26904,6,0.5
2596752,41,300,52493,0.15,0.001,34987,8,0.5
18754687,35,372,157933,0.05,0.001,96251,7,0.3
16870548,44,264,123472,0.05,0.001,62735,7,0.3
5434890,42,288,77941,0.15,0.004,47684,7,0.5
5114120,39,324,86798,0.05,0.001,61910,5,0.5
104936778,54,144,125966,0.3,0.004,50980,23,0.3
4580599,55,132,49778,0.15,0.001,39745,9,0.5
13940925,42,288,102970,0.05,0.001,67764,7,0.3
704103,51,180,46094,0.05,0.001,43142,7,0.3
29597098,48,216,151403,0.05,0.001,69469,7,0.5
708944,42,288,25033,0.3,0.008,17176,18,0.5
9247765,53,156,63874,0.15,0.001,34043,6,0.3
6533210,52,168,94793,0.15,0.001,80334,9,0.3
4562492,54,144,43766,0.15,0.004,34564,6,0.3
1166580,37,348,32304,0.3,0.004,24983,23,0.3
249696,25,492,61744,0.05,0.001,49330,6,0.3
96886945,54,144,186255,0.05,0.001,100854,6,0.3
311766,31,420,30904,0.15,0.004,25728,9,0.5
35760785,50,192,176251,0.05,0.001,141546,4,0.7
64935770,54,144,122641,0.05,0.001,77860,4,0.5
2821388,41,300,83117,0.15,0.004,64006,7,0.3
10697362,45,252,118127,0.15,0.004,88515,6,0.5
0,22,528,25918,0.15,0.001,23246,7,0.5
443886,25,492,109583,0.05,0.001,79789,4,0.3
859318,57,108,47080,0.15,0.001,45834,7,0.5
11973085,53,156,53145,0.15,0.001,36163,8,0.3
1730325,30,432,77683,0.05,0.001,42306,6,0.7
3990885,57,108,33692,0.3,0.008,26255,23,0.3
904184,42,288,43956,0.05,0.001,34371,6,0.7
1006593,29,444,50677,0.05,0.001,32893,4,0.7
8745174,41,300,107475,0.05,0.001,73677,5,0.5
2574075,55,132,37774,0.15,0.004,29376,8,0.3
28408,23,516,60458,0.3,0.004,43635,22,0.5
1942379,43,276,38031,0.3,0.004,28860,10,0.5
102221104,49,204,300000,0.05,0.001,168445,6,0.5
6929367,54,144,61673,0.3,0.008,49071,8,0.3
34168578,59,84,136569,0.05,0.001,84301,6,0.3
26770562,59,84,102950,0.05,0.001,66797,4,0.5
40045821,49,204,132843,0.15,0.001,60763,8,0.3
753267,36,360,67358,0.15,0.001,47190,9,0.7
0,22,528,89366,0.15,0.001,48840,9,0.5
3685985,29,444,102848,0.05,0.001,66883,4,0.7
13486465,49,204,61304,0.15,0.001,35444,9,0.3
5022341,46,240,52180,0.05,0.001,32192,7,0.5
5365196,33,396,150092,0.05,0.001,85520,6,0.7
100253,29,444,25994,0.3,0.004,21246,9,0.5
828661,28,456,66973,0.05,0.001,46880,6,0.5
198496,31,420,34439,0.15,0.004,32723,9,0.3
36995733,51,180,104416,0.05,0.001,64734,6,0.3
3331517,44,264,62721,0.15,0.004,40324,9,0.7
0,22,528,59728,0.15,0.001,34138,8,0.5
3832816,44,264,62682,0.15,0.001,39537,8,0.5
7834009,36,360,300000,0.15,0.001,162442,6,0.5
14844022,45,252,226648,0.05,0.001,148588,5,0.5
47716320,49,204,213097,0.15,0.001,97091,9,0.5
4429429,33,396,300000,0.15,0.001,115003,8,0.7
2413906,27,468,168153,0.15,0.001,79113,7,0.5
162666,26,480,30311,0.15,0.004,24730,8,0.5
2309545,41,300,48435,0.15,0.004,34877,7,0.5
27985,25,492,30186,0.3,0.008,26373,16,0.5
7019738,51,180,37797,0.3,0.004,27971,21,0.3
3446416,48,216,41087,0.3,0.008,30161,10,0.5
14633136,31,420,241112,0.05,0.001,108343,5,0.7
378001,31,420,56306,0.15,0.001,41880,9,0.7
247184,26,480,30617,0.05,0.001,21388,4,0.3
25652527,41,300,183889,0.05,0.001,86461,7,0.5
2281308,54,144,24129,0.15,0.001,19021,8,0.5
11292,23,516,35232,0.15,0.004,28862,7,0.7
43984404,55,132,173022,0.05,0.001,72319,6,0.5
1638211,27,468,119691,0.05,0.001,71407,6,0.7
43351,28,456,39385,0.15,0.004,40978,8,0.5
2786351,25,492,300000,0.3,0.008,153249,14,0.7
3162039,53,156,69671,0.15,0.004,59120,7,0.3
8735545,51,180,118220,0.15,0.004,76627,9,0.5
14980131,50,192,122961,0.05,0.001,66121,4,0.7
6839993,49,204,38157,0.15,0.001,27780,8,0.3
507017,38,336,39567,0.15,0.001,34146,7,0.5
255876,30,432,40144,0.3,0.008,35632,15,0.5
2490136,57,108,40194,0.15,0.004,39818,6,0.3
79875814,47,228,141002,0.05,0.001,64405,5,0.3
31671893,59,84,91932,0.15,0.004,61525,6,0.3
1411605,31,420,84634,0.05,0.001,41229,6,0.7
129693587,59,84,203706,0.05,0.001,99594,7,0.3
3518106,34,384,103707,0.05,0.001,60965,6,0.5
47842956,58,96,62714,0.15,0.004,43632,7,0.3
48451,23,516,63731,0.3,0.004,35872,12,0.5
2100033,43,276,33181,0.15,0.004,29877,6,0.7
45498826,56,120,134067,0.15,0.001,55265,6,0.5
411941,48,216,40814,0.15,0.004,41903,8,0.5
232270,38,336,20000,0.15,0.001,18437,8,0.3
653375,33,396,46261,0.15,0.001,38913,8,0.7
256210,35,372,36168,0.15,0.001,36948,9,0.3
2390580,37,348,71662,0.15,0.004,44833,8,0.3
94704599,51,180,263971,0.05,0.001,103862,5,0.3
2892086,50,192,46154,0.3,0.008,35038,18,0.3
1592990,33,396,61541,0.05,0.001,48595,5,0.7
19945097,44,264,107811,0.15,0.004,68885,6,0.7
12119660,33,396,127871,0.15,0.004,47880,6,0.7
1869596,55,132,59411,0.3,0.004,41144,18,0.3
107895,23,516,92858,0.05,0.001,67872,7,0.7
10439511,33,396,187797,0.05,0.001,86737,6,0.5
28296690,47,228,200255,0.05,0.001,127774,5,0.5
4645572,59,84,45483,0.15,0.004,40744,7,0.3
424269,42,288,22985,0.15,0.004,21113,7,0.3
7894930,48,216,85418,0.15,0.004,53759,6,0.5
31709299,46,240,109842,0.05,0.001,70948,5,0.5
201846,38,336,29564,0.15,0.001,28077,8,0.3
132772,29,444,31325,0.15,0.001,28885,7,0.3
101596234,59,84,121560,0.05,0.001,53559,7,0.3
12672,24,504,25162,0.15,0.001,22838,9,0.5
240480,28,456,35717,0.15,0.001,26755,8,0.5
19637465,58,96,130940,0.15,0.001,57596,9,0.3
343606,27,468,44291,0.05,0.001,37498,4,0.5
17630063,52,168,62049,0.15,0.004,40927,7,0.3
21083031,53,156,109627,0.15,0.001,80227,6,0.5
1797951,36,360,56768,0.05,0.001,40285,4,0.3
21242854,43,276,290585,0.05,0.001,194489,7,0.5
6240275,43,276,72024,0.05,0.001,41724,4,0.3
6333402,43,276,59247,0.15,0.004,42399,9,0.7
46960,29,444,27631,0.15,0.001,22733,9,0.5
6225848,50,192,80527,0.15,0.004,62638,6,0.3
2990944,46,240,70943,0.15,0.004,43169,7,0.5
11543081,51,180,77096,0.15,0.004,36857,8,0.3
413567,39,324,47917,0.3,0.008,50338,16,0.5
367423,31,420,38234,0.15,0.004,32422,9,0.5
3038758,42,288,63002,0.05,0.001,32271,4,0.5
15735520,51,180,63186,0.15,0.001,37460,6,0.5
2798287,33,396,62402,0.15,0.001,35987,9,0.7
273536,25,492,88606,0.05,0.001,56996,6,0.5
14784287,55,132,90592,0.3,0.008,52892,9,0.3
3299920,52,168,49515,0.15,0.001,38849,8,0.3
23913522,36,360,300000,0.05,0.001,165165,6,0.5
9573661,45,252,57966,0.05,0.001,45580,6,0.3
942653,42,288,47420,0.15,0.001,41548,8,0.5
4382036,43,276,53961,0.05,0.001,35659,7,0.5
159801585,57,108,179191,0.05,0.001,66095,7,0.3
57556,28,456,37233,0.15,0.004,39580,7,0.3
100708112,49,204,260194,0.05,0.001,102839,5,0.5
42023354,58,96,115108,0.15,0.004,82396,6,0.3
576596,23,516,151374,0.05,0.001,81602,4,0.7
293218,46,240,32697,0.3,0.008,30299,23,0.5
441218,28,456,53469,0.05,0.001,38751,5,0.7
153200003,52,168,182659,0.05,0.001,82630,7,0.3
1199241,41,300,23102,0.3,0.004,19425,19,0.5
5912179,52,168,61801,0.15,0.001,40330,8,0.3
242303,27,468,33501,0.15,0.004,27462,9,0.5
4252106,38,336,86161,0.3,0.008,48874,15,0.5
1930288,32,408,300000,0.15,0.004,187621,6,0.5
15672759,55,132,59905,0.15,0.004,36522,7,0.5
241510,28,456,53432,0.3,0.008,29599,23,0.5
3786847,30,432,300000,0.15,0.004,159929,7,0.7
26479485,52,168,300000,0.05,0.001,178796,5,0.3
3617531,41,300,55393,0.05,0.001,41944,6,0.5
766343,35,372,32943,0.15,0.004,25731,6,0.5
593225,25,492,103903,0.05,0.001,64628,6,0.7
2250425,35,372,68893,0.15,0.004,42598,6,0.5
141181620,49,204,222959,0.05,0.001,131284,7,0.7
9085526,52,168,76616,0.15,0.001,41545,7,0.5
84886,25,492,32195,0.15,0.004,27505,8,0.3
3685506,28,456,178659,0.05,0.001,101474,5,0.7
11276471,46,240,192130,0.05,0.001,138810,6,0.5
755581,34,384,54928,0.05,0.001,40483,7,0.5
2243723,29,444,160390,0.05,0.001,95401,4,0.7
8756237,47,228,62858,0.15,0.004,35643,6,0.3
37938887,57,108,99441,0.15,0.004,60056,8,0.3
382647,27,468,77929,0.3,0.004,47030,21,0.5
13067736,56,120,71853,0.15,0.004,41678,9,0.5
119905378,51,180,300000,0.05,0.001,149180,6,0.3
517406,35,372,77556,0.05,0.001,64066,7,0.5
4339127,36,360,52738,0.3,0.008,27892,9,0.7
10436543,52,168,70477,0.05,0.001,36662,6,0.3
0,22,528,20000,0.15,0.004,20277,7,0.5
43600,23,516,47146,0.05,0.001,40297,7,0.3
567766,28,456,53477,0.15,0.004,29765,9,0.7
323551,23,516,300000,0.15,0.004,163851,9,0.3
1892244,30,432,121160,0.05,0.001,51667,4,0.7
9075835,56,120,73724,0.15,0.004,52928,6,0.3
5629674,55,132,69910,0.15,0.004,44538,7,0.5
3512107,41,300,105953,0.15,0.001,71206,8,0.5
42067266,54,144,133348,0.15,0.004,75228,7,0.3
3072264,34,384,98524,0.05,0.001,67959,7,0.5
968436,28,456,33195,0.15,0.004,20764,9,0.7
69035,25,492,48972,0.05,0.001,42810,6,0.7
956475,32,408,57609,0.05,0.001,33702,7,0.5
190199202,53,156,300000,0.15,0.004,116752,9,0.3
1982245,29,444,85663,0.15,0.004,43385,8,0.7
9611768,58,96,98690,0.15,0.001,61739,6,0.3
32073141,59,84,94383,0.15,0.001,67090,9,0.3
92034911,56,120,134951,0.15,0.004,51221,9,0.5
4673938,48,216,104751,0.15,0.001,93712,8,0.7
0,22,528,44150,0.15,0.004,31092,7,0.5
6455653,44,264,129176,0.15,0.001,96136,8,0.5
46606327,59,84,150288,0.05,0.001,78559,5,0.3
2427278,41,300,80415,0.05,0.001,48145,4,0.5
12697523,55,132,105401,0.05,0.001,65689,6,0.5
10154333,51,180,163347,0.05,0.001,107412,5,0.5
4027068,58,96,55004,0.15,0.001,34848,6,0.3
5415725,41,300,73014,0.3,0.004,47496,22,0.3
8813722,35,372,139932,0.05,0.001,70730,6,0.7
6682529,31,420,129630,0.15,0.001,65038,8,0.5
13911103,58,96,109223,0.15,0.004,63813,7,0.3
22919431,54,144,137019,0.05,0.001,74202,7,0.3
20509898,59,84,113254,0.05,0.001,73150,4,0.3
27864939,35,372,300000,0.05,0.001,131541,6,0.7
28647684,50,192,120665,0.05,0.001,75468,4,0.5
1460628,30,432,106228,0.05,0.001,73983,6,0.7
19818253,49,204,98578,0.05,0.001,56306,4,0.3
2473024,46,240,81202,0.05,0.001,54641,6,0.3
7507467,59,84,32668,0.15,0.004,25583,9,0.5
25561851,38,336,300000,0.05,0.001,161532,4,0.5
3380502,36,360,99706,0.05,0.001,56528,5,0.3
15787698,28,456,300000,0.05,0.001,128662,5,0.5
317783,26,480,70882,0.05,0.001,40496,7,0.7
68206708,54,144,160592,0.15,0.001,78695,9,0.3
9819566,27,468,220708,0.05,0.001,123994,6,0.7
5292992,35,372,118550,0.15,0.004,84342,9,0.7
0,22,528,41054,0.15,0.001,32577,9,0.5
1253281,32,408,92070,0.05,0.001,55103,5,0.7
801193,38,336,84668,0.05,0.001,76542,6,0.5
4094901,57,108,73761,0.3,0.008,65218,12,0.3
4657868,51,180,68433,0.15,0.001,46616,6,0.5
9486863,40,312,97729,0.05,0.001,60970,4,0.5
20372296,44,264,101943,0.15,0.004,63605,7,0.3
1773908,42,288,42778,0.3,0.004,34130,9,0.3
22664806,58,96,65090,0.15,0.001,40726,7,0.5
4574716,34,384,86741,0.15,0.004,52970,6,0.7
824737,27,468,53599,0.15,0.001,37309,9,0.7
86167318,52,168,267584,0.05,0.001,105691,7,0.3
1597483,37,348,55135,0.15,0.004,29629,7,0.5
5766,23,516,46868,0.15,0.004,40199,6,0.3
43846,26,480,31490,0.15,0.004,29886,9,0.5
112751190,57,108,135081,0.15,0.004,62092,9,0.3
8561897,34,384,102657,0.05,0.001,56993,6,0.5
2652988,43,276,94389,0.05,0.001,65627,7,0.3
3485846,36,360,110328,0.05,0.001,83529,6,0.5
10591016,55,132,53713,0.3,0.008,38620,20,0.3
446717,42,288,35142,0.3,0.008,32539,21,0.7
3144015,31,420,202494,0.05,0.001,128780,5,0.5
163301666,51,180,208839,0.05,0.001,134191,5,0.3
7452340,41,300,71299,0.05,0.001,44681,5,0.5
2111252,36,360,65084,0.15,0.004,44355,8,0.5
5997192,55,132,51308,0.3,0.004,39620,21,0.3
6993457,48,216,62256,0.15,0.004,32935,9,0.5
15544111,52,168,65505,0.15,0.001,37734,6,0.3
10897820,34,384,113234,0.15,0.004,65613,9,0.7
3198388,39,324,56295,0.15,0.004,33004,8,0.3
8970976,38,336,105278,0.05,0.001,73012,6,0.3
43303814,45,252,300000,0.05,0.001,151006,4,0.3
29791242,58,96,100308,0.15,0.004,67182,9,0.5
1278048,42,288,39089,0.3,0.008,33297,21,0.5
36457,26,480,24904,0.15,0.001,22821,7,0.3
13434,23,516,57550,0.15,0.004,38985,6,0.3
87076,26,480,20000,0.15,0.004,14357,8,0.5
0,22,528,67224,0.05,0.001,50046,4,0.5
12763400,38,336,121368,0.15,0.004,47597,7,0.7
780627,28,456,86900,0.15,0.004,53405,8,0.5
45256923,53,156,150846,0.05,0.001,66457,4,0.3
74424318,41,300,300000,0.05,0.001,132512,5,0.5
24103877,45,252,68475,0.15,0.004,36478,8,0.7
429636,36,360,46306,0.3,0.004,38393,10,0.5
1515470,53,156,44183,0.05,0.001,37511,6,0.3
33792955,58,96,61034,0.15,0.001,36462,6,0.5
6796637,33,396,117863,0.15,0.004,73185,7,0.5
108389,25,492,28236,0.3,0.008,21512,22,0.5
19201795,50,192,90638,0.05,0.001,46813,4,0.3
3010354,43,276,35282,0.15,0.004,29040,8,0.5
68727,23,516,50637,0.15,0.004,28126,9,0.3
8448276,48,216,106636,0.05,0.001,73650,7,0.5
296339,25,492,47265,0.05,0.001,34163,6,0.7
1329439,37,348,55331,0.3,0.004,29670,11,0.7
9647533,41,300,59640,0.15,0.004,37983,8,0.7
23276721,57,108,110058,0.3,0.008,57553,10,0.3
10235312,33,396,300000,0.15,0.001,158369,6,0.7
9868196,48,216,74100,0.15,0.004,48558,9,0.3
13825614,41,300,89259,0.05,0.001,52554,7,0.5
86796243,44,264,300000,0.05,0.001,158006,4,0.7
29822792,44,264,81770,0.05,0.001,47141,5,0.7
39416318,43,276,300000,0.05,0.001,140877,7,0.3
5083804,35,372,189329,0.05,0.001,131251,4,0.3
32672666,52,168,115929,0.05,0.001,61111,7,0.3
11078940,39,324,90293,0.15,0.004,47865,6,0.5
318974,41,300,35404,0.15,0.004,31123,9,0.3
4375140,44,264,50192,0.15,0.004,31066,8,0.5
22797044,59,84,71690,0.3,0.004,46724,18,0.3
6697639,55,132,64546,0.3,0.004,44823,15,0.3
4051032,33,396,228715,0.05,0.001,145576,5,0.5
28890581,53,156,146394,0.05,0.001,104216,7,0.5
173565,24,504,77027,0.05,0.001,49025,5,0.3
5400979,45,252,109832,0.15,0.001,56216,7,0.5
12877780,44,264,108564,0.15,0.004,60538,9,0.7
1509451,34,384,63148,0.15,0.001,40947,7,0.7
4673345,33,396,230946,0.05,0.001,159895,4,0.5
19443052,40,312,112982,0.05,0.001,62267,7,0.3
151198,26,480,25787,0.3,0.004,20857,23,0.3
5224698,54,144,62095,0.15,0.004,45212,8,0.3
1767963,45,252,34524,0.3,0.004,30493,10,0.5
5221153,37,348,102616,0.05,0.001,63702,5,0.7
4868848,49,204,101477,0.15,0.001,88293,7,0.7
177777,27,468,25472,0.15,0.001,21019,8,0.5
258857,29,444,38990,0.3,0.004,35470,23,0.5
10445804,45,252,129490,0.3,0.004,88582,13,0.5
27643195,42,288,170380,0.05,0.001,75750,7,0.5
913843,43,276,35439,0.3,0.008,31205,18,0.5
3071736,33,396,89392,0.05,0.001,46773,4,0.5
1478785,37,348,71407,0.15,0.004,49120,7,0.7
25037987,41,300,300000,0.15,0.004,126719,8,0.7
1423955,39,324,64316,0.15,0.004,48765,8,0.5
123445917,50,192,300000,0.05,0.001,187087,4,0.3
30097722,54,144,300000,0.05,0.001,243473,6,0.3
3268856,38,336,54498,0.05,0.001,36238,6,0.5
67133123,55,132,134388,0.15,0.004,87357,8,0.3
3896901,49,204,118937,0.05,0.001,79767,6,0.5
3633351,39,324,51398,0.05,0.001,35146,6,0.7
370295,39,324,20000,0.15,0.004,15491,7,0.3
13397065,40,312,171531,0.05,0.001,71085,5,0.5
2394383,43,276,57831,0.15,0.001,44637,7,0.5
13768557,55,132,108245,0.15,0.004,81352,9,0.3
0,22,528,27362,0.15,0.004,22747,7,0.5
92277,27,468,41291,0.15,0.001,36132,7,0.3
370555,28,456,39549,0.3,0.008,29614,10,0.7
344010,37,348,40322,0.15,0.001,42954,6,0.3
16342045,51,180,83084,0.15,0.004,56806,8,0.3
308754,32,408,36072,0.3,0.008,30865,11,0.5
15039465,58,96,67310,0.3,0.008,41364,10,0.3
198579,41,300,38765,0.15,0.001,40028,9,0.3
94619146,47,228,85760,0.05,0.001,55228,5,0.5
11189232,37,348,167500,0.05,0.001,89409,7,0.3
448737,46,240,38749,0.15,0.004,37457,8,0.7
277004,43,276,48944,0.3,0.008,50991,14,0.7
8196725,42,288,73438,0.15,0.004,41204,9,0.5
27863878,54,144,107918,0.05,0.001,59034,7,0.3
1596999,56,120,32751,0.15,0.004,25848,9,0.3
2030793,30,432,73201,0.15,0.001,43163,8,0.7
1498884,25,492,160068,0.05,0.001,82385,7,0.7
1260356,33,396,78894,0.15,0.001,45771,8,0.7
2117213,41,300,74169,0.3,0.004,47959,20,0.5
420040,30,432,45790,0.15,0.004,39809,7,0.3
558341,46,240,47611,0.15,0.004,47073,8,0.7
3176210,26,480,148975,0.05,0.001,102371,6,0.5
3754927,31,420,300000,0.05,0.001,212931,7,0.7
4267189,34,384,62510,0.15,0.001,42370,8,0.7
8040092,49,204,93292,0.3,0.004,61593,15,0.5
12850088,44,264,89087,0.15,0.001,45529,7,0.5
122976,33,396,41981,0.15,0.004,39480,8,0.5
213980,24,504,88527,0.05,0.001,45101,5,0.5
0,22,528,35624,0.3,0.004,23039,21,0.3
284507,24,504,62804,0.05,0.001,38899,4,0.3
0,22,528,71203,0.15,0.004,44903,9,0.5
99274322,54,144,300000,0.15,0.004,137889,8,0.3
1319780,49,204,34805,0.15,0.001,29019,8,0.5
0,22,528,43905,0.05,0.001,43673,4,0.3
11240635,45,252,59736,0.15,0.001,42785,7,0.5
4618859,50,192,72980,0.15,0.004,37059,9,0.5
10109066,49,204,103089,0.05,0.001,85014,4,0.3
3406928,57,108,40751,0.3,0.004,31662,23,0.3
1600138,58,96,27100,0.15,0.004,20693,8,0.5
6178798,40,312,85704,0.05,0.001,62212,6,0.5
322491,48,216,39129,0.15,0.001,34467,7,0.5
4769859,47,228,58210,0.3,0.004,37495,8,0.5
513423,24,504,300000,0.15,0.004,186871,8,0.5
495350,27,468,58458,0.15,0.001,31212,9,0.5
3211767,34,384,105989,0.05,0.001,57707,5,0.7
17018515,46,240,80720,0.05,0.001,48836,5,0.3
3004826,42,288,42426,0.15,0.001,31465,8,0.3
2159143,41,300,62963,0.15,0.004,38142,9,0.3
30126727,53,156,300000,0.3,0.004,178658,11,0.5
32769322,46,240,300000,0.15,0.001,193111,8,0.3
176044574,50,192,300000,0.05,0.001,110989,5,0.3
1271868,46,240,36926,0.15,0.001,26290,9,0.7
3099335,41,300,58307,0.3,0.004,46758,15,0.5
15424183,44,264,105913,0.05,0.001,53989,7,0.5
1454805,47,228,33784,0.15,0.001,28408,7,0.5
309990,39,324,59599,0.15,0.001,54361,8,0.7
15857861,53,156,63333,0.15,0.001,33034,6,0.5
3241232,34,384,51947,0.05,0.001,25413,6,0.5
11959939,43,276,72541,0.15,0.004,43510,6,0.3
1347377,36,360,63116,0.05,0.001,36024,5,0.3
5766224,46,240,105349,0.15,0.004,69585,7,0.7
28445,24,504,41571,0.3,0.004,34386,9,0.7
31135454,59,84,132890,0.15,0.001,83642,6,0.5
2453059,45,252,44403,0.3,0.004,34440,18,0.5
126255,25,492,41781,0.15,0.004,34131,7,0.5
114346180,46,240,300000,0.3,0.004,151458,20,0.3
26974423,46,240,126757,0.15,0.001,56769,7,0.3
29380836,50,192,138492,0.05,0.001,64368,7,0.5
6396510,43,276,92989,0.3,0.008,49802,17,0.3
53152,23,516,73962,0.15,0.001,45964,9,0.7
10286041,47,228,58731,0.15,0.004,39552,7,0.7
3193704,45,252,66452,0.3,0.008,40552,8,0.3
2827211,28,456,102343,0.05,0.001,60738,5,0.7
136070350,58,96,153766,0.05,0.001,56434,7,0.5
1722399,41,300,42024,0.15,0.004,35215,9,0.5
8991992,55,132,135800,0.15,0.001,73217,7,0.3
27942300,58,96,108673,0.05,0.001,84094,6,0.3
1528615,27,468,164861,0.15,0.004,87274,9,0.7
2227248,32,408,62526,0.15,0.001,43156,7,0.7
247185512,58,96,282040,0.05,0.001,144499,4,0.3
0,22,528,76446,0.05,0.001,43470,4,0.3
24236,23,516,62293,0.15,0.004,39445,9,0.3
4629486,47,228,59689,0.15,0.004,33295,7,0.7
343265,25,492,56401,0.15,0.004,42062,7,0.5
44005486,49,204,150568,0.05,0.001,80791,4,0.5
3500428,56,120,57651,0.15,0.001,43147,6,0.3
27861088,50,192,91966,0.15,0.001,52666,9,0.5
13881432,36,360,161315,0.15,0.004,69346,8,0.5
567259,30,432,41307,0.15,0.004,35832,7,0.7
0,22,528,26371,0.15,0.004,19122,9,0.5
156913,27,468,41615,0.15,0.001,33932,6,0.7
15655705,48,216,133702,0.15,0.004,79448,9,0.7
2442606,42,288,57676,0.3,0.008,40777,8,0.3
3419977,41,300,35726,0.3,0.004,25522,12,0.5
715437,27,468,94588,0.15,0.004,57734,7,0.7
3282263,27,468,142201,0.05,0.001,61757,7,0.7
14978044,38,336,198236,0.15,0.004,93464,9,0.3
135158,26,480,33890,0.3,0.008,27966,12,0.3
4143457,50,192,95086,0.15,0.004,78557,8,0.7
2073831,33,396,95449,0.15,0.004,63362,8,0.7
41897,24,504,27446,0.3,0.008,20187,14,0.5
95078,27,468,43217,0.05,0.001,40668,4,0.3
127052,23,516,117397,0.05,0.001,77144,5,0.5
4660013,38,336,104480,0.15,0.004,85145,6,0.5
9452385,36,360,77979,0.15,0.004,38626,6,0.3
237299,36,360,21644,0.15,0.001,17396,8,0.3
3469000,50,192,58924,0.15,0.004,42509,8,0.7
11444352,43,276,55777,0.05,0.001,29953,5,0.5
9333616,51,180,70180,0.15,0.004,52792,6,0.5
38739382,48,216,300000,0.05,0.001,165992,7,0.5
2833449,36,360,104137,0.05,0.001,56217,4,0.5
0,22,528,46561,0.3,0.008,37025,16,0.5
2572400,38,336,79786,0.05,0.001,50535,5,0.5
1183976,28,456,64866,0.15,0.004,37088,6,0.5
203041,34,384,20305,0.15,0.004,18238,9,0.7
2890378,51,180,64797,0.15,0.004,46508,6,0.5
9423357,57,108,43243,0.15,0.001,32882,8,0.3
20375211,52,168,66165,0.05,0.001,35646,7,0.3
3103229,39,324,69415,0.3,0.008,49674,12,0.3
8382902,54,144,75868,0.15,0.004,47973,9,0.3
10553565,30,432,300000,0.05,0.001,170689,7,0.5
65745368,48,216,300000,0.05,0.001,168134,7,0.5
154458,28,456,32634,0.3,0.008,27595,17,0.7
83710,26,480,20000,0.3,0.008,16096,15,0.3
20370695,50,192,260374,0.05,0.001,132429,4,0.3
4809131,45,252,60344,0.3,0.004,42522,13,0.5
126936681,55,132,148033,0.05,0.001,60891,6,0.3
39330619,50,192,169045,0.05,0.001,73733,4,0.5
1720380,32,408,71020,0.15,0.001,42904,9,0.5
34108144,52,168,123321,0.05,0.001,57182,4,0.3
87209658,59,84,131985,0.05,0.001,83286,5,0.3
372294,40,312,43253,0.15,0.001,49229,6,0.5
37436450,56,120,123706,0.05,0.001,71955,7,0.3
67672186,43,276,258735,0.05,0.001,121147,4,0.3
7005355,40,312,72145,0.05,0.001,40961,4,0.5
3199413,40,312,65125,0.15,0.004,50129,6,0.5
3028565,45,252,73352,0.15,0.004,45813,6,0.3
151759,26,480,76769,0.15,0.001,54028,6,0.5
3467991,42,288,50742,0.15,0.004,37872,9,0.3
15159130,54,144,64649,0.15,0.004,45644,6,0.3
237155,37,348,49735,0.15,0.001,52395,6,0.5
20039413,42,288,74016,0.05,0.001,46095,7,0.5
8449416,49,204,88266,0.05,0.001,54876,4,0.5
2602036,31,420,71980,0.3,0.008,48558,23,0.7
525055,35,372,45688,0.15,0.004,39475,9,0.5
1703668,34,384,64747,0.15,0.004,44880,9,0.7
7076683,45,252,72621,0.15,0.004,38414,6,0.5
194649,34,384,48311,0.15,0.001,45683,9,0.3
71396412,46,240,123467,0.05,0.001,66194,5,0.3
3599538,39,324,57331,0.15,0.004,36757,8,0.5
5055645,52,168,52990,0.15,0.004,39263,7,0.3
2734511,46,240,38257,0.15,0.004,27965,6,0.3
19329101,40,312,97210,0.05,0.001,54459,4,0.7
14295136,44,264,101120,0.05,0.001,74176,6,0.3
2423355,27,468,133654,0.05,0.001,52181,6,0.7
74986,32,408,37535,0.3,0.008,39625,13,0.3
2671466,30,432,60478,0.05,0.001,34059,5,0.7
2791856,31,420,67433,0.05,0.001,43081,7,0.7
571243,24,504,104029,0.05,0.001,53520,4,0.7
229267,27,468,50117,0.05,0.001,28773,4,0.5
394073,39,324,34127,0.15,0.004,34862,7,0.7
0,22,528,300000,0.05,0.001,129294,6,0.5
10398294,57,108,59733,0.15,0.004,33838,7,0.3
3709051,41,300,96378,0.05,0.001,79363,7,0.5
2182858,34,384,64545,0.05,0.001,42818,4,0.7
19936,25,492,20000,0.15,0.001,18562,6,0.5
10897927,38,336,244559,0.05,0.001,141901,4,0.5
86517049,54,144,300000,0.05,0.001,167571,7,0.3
5157358,27,468,149130,0.15,0.004,78001,7,0.7
8947897,56,120,60111,0.15,0.004,47125,8,0.5
11560838,51,180,103981,0.15,0.004,78256,9,0.3
21412004,44,264,300000,0.05,0.001,148688,4,0.5
1261207,25,492,87736,0.15,0.004,58314,6,0.5
4145864,49,204,60220,0.15,0.004,37879,7,0.3
2777113,40,312,113485,0.05,0.001,78153,5,0.5
887567,37,348,77408,0.15,0.004,67529,9,0.3
3144246,38,336,95282,0.05,0.001,66258,6,0.3
98806992,53,156,203165,0.15,0.001,110594,9,0.5
1183769,34,384,39048,0.15,0.001,31777,7,0.7
4023722,43,276,57097,0.05,0.001,36754,6,0.5
3712018,40,312,65989,0.15,0.004,39585,6,0.3
91461306,48,216,125210,0.15,0.001,60499,9,0.3
509252,26,480,65747,0.15,0.004,44296,7,0.7
7331880,44,264,167231,0.05,0.001,95365,4,0.5
428895,25,492,56359,0.15,0.001,28488,7,0.5
10921765,52,168,100492,0.15,0.001,79800,9,0.3
195609,39,324,24821,0.15,0.004,23466,8,0.5
7442903,30,432,300000,0.15,0.001,124493,8,0.7
4153487,28,456,300000,0.15,0.001,196386,8,0.7
396116,38,336,50179,0.15,0.004,42210,6,0.5
42058493,55,132,105070,0.15,0.004,64821,9,0.3
5885032,38,336,85437,0.05,0.001,52414,4,0.5
236208,42,288,20000,0.15,0.004,17244,8,0.5
93087899,45,252,300000,0.05,0.001,141715,7,0.5
10904569,55,132,57105,0.15,0.001,29287,9,0.3
7109698,45,252,52563,0.3,0.008,30906,20,0.3
7945698,34,384,93152,0.05,0.001,54937,6,0.5
11830139,52,168,125785,0.15,0.004,76661,6,0.3
460469,43,276,21290,0.3,0.008,17466,15,0.3
4753749,42,288,206196,0.05,0.001,108798,5,0.5
1138470,41,300,62101,0.15,0.001,49386,9,0.5
343657,36,360,39476,0.15,0.004,33509,8,0.7
88216253,46,240,138043,0.05,0.001,57750,7,0.3
765745,33,396,58110,0.15,0.004,43965,8,0.5
2979190,31,420,70827,0.05,0.001,42999,7,0.7
95281,33,396,44055,0.3,0.004,44420,13,0.3
1182517,36,360,48764,0.15,0.001,37054,7,0.3
1052232,34,384,37583,0.15,0.004,27258,7,0.7
1042455,33,396,63443,0.15,0.001,52150,8,0.7
311965,33,396,25323,0.15,0.001,21551,9,0.5
8270978,57,108,40509,0.15,0.004,29370,8,0.3
4744593,34,384,160931,0.15,0.004,88484,6,0.7
4074966,31,420,64573,0.15,0.004,42884,9,0.7
81045308,53,156,189806,0.05,0.001,98652,6,0.5
1295501,34,384,54829,0.15,0.001,39063,6,0.7
442746,25,492,61949,0.15,0.004,41571,9,0.7
1651243,26,480,78310,0.15,0.004,47886,8,0.7
103528,31,420,29279,0.3,0.004,26838,20,0.5
2215521,42,288,66545,0.15,0.001,50068,6,0.3
9410956,34,384,205230,0.05,0.001,83014,7,0.7
1301535,30,432,108222,0.15,0.001,71010,8,0.7
4900215,40,312,70254,0.05,0.001,48140,7,0.3
2072207,42,288,61516,0.15,0.004,34826,7,0.3
3189958,36,360,64014,0.05,0.001,43670,4,0.5
8450571,52,168,56761,0.15,0.004,36075,9,0.3
21132620,51,180,96962,0.05,0.001,71765,6,0.3
10082679,43,276,84882,0.15,0.004,46164,7,0.3
1437100,32,408,67571,0.3,0.004,50071,8,0.5
9811423,30,432,300000,0.15,0.001,155331,6,0.7
8600724,55,132,110354,0.15,0.004,62401,8,0.3
507070,40,312,44978,0.3,0.008,38358,16,0.3
21235836,36,360,261082,0.05,0.001,141849,7,0.5
7435090,44,264,81172,0.05,0.001,43850,4,0.3
32895301,57,108,174372,0.05,0.001,119713,7,0.3
8350885,41,300,106778,0.15,0.001,62078,7,0.3
203243,31,420,36914,0.15,0.001,34417,7,0.7
524660,31,420,23483,0.15,0.001,17067,9,0.5
1079879,33,396,66425,0.15,0.004,44317,8,0.5
24589122,41,300,98828,0.15,0.004,66891,9,0.3
9035712,43,276,90196,0.05,0.001,68267,5,0.3
1803465,36,360,43350,0.3,0.008,29578,18,0.7
208681,25,492,76374,0.15,0.001,57565,6,0.3
4222258,44,264,53269,0.3,0.004,32359,23,0.7
35489792,53,156,134302,0.05,0.001,77085,4,0.3
0,22,528,32327,0.15,0.001,26524,8,0.5
4872892,28,456,143696,0.05,0.001,72720,4,0.7
8590369,53,156,61277,0.3,0.008,39668,9,0.5
45379699,58,96,88322,0.05,0.001,52367,6,0.3
0,22,528,27261,0.3,0.004,24377,18,0.3
774503,45,252,41259,0.15,0.004,26716,8,0.5
94278820,52,168,160816,0.05,0.001,80442,7,0.3
88725896,50,192,216236,0.05,0.001,131914,6,0.3
15384804,48,216,80366,0.15,0.004,54969,8,0.3
17263516,39,324,90589,0.05,0.001,52640,6,0.3
18149778,49,204,54382,0.05,0.001,32529,6,0.3
26543021,47,228,135795,0.05,0.001,65688,5,0.3
433313,31,420,49190,0.15,0.004,41188,8,0.5
2003994,35,372,127906,0.15,0.001,82741,7,0.5
312823,34,384,30089,0.05,0.001,24417,5,0.7
1920982,46,240,52600,0.15,0.004,34184,6,0.3
48565393,55,132,135727,0.05,0.001,50600,5,0.5
195314,26,480,31589,0.05,0.001,21067,6,0.5
244269,33,396,49214,0.15,0.001,45896,7,0.3
6652,23,516,20000,0.15,0.004,15631,7,0.7
9869148,53,156,53464,0.15,0.004,40994,8,0.5
1525435,29,444,71220,0.15,0.004,43246,6,0.7
100286219,48,216,300000,0.05,0.001,171814,5,0.3
1922957,37,348,100671,0.15,0.001,71302,9,0.5
842995,35,372,60915,0.05,0.001,50633,4,0.3
1228152,35,372,92804,0.15,0.004,63411,6,0.5
1380399,39,324,67122,0.05,0.001,50839,7,0.7
2570256,55,132,43629,0.15,0.004,39058,9,0.5
4963125,39,324,70013,0.15,0.004,40226,9,0.5
75955,29,444,36563,0.15,0.001,32675,8,0.7
30316109,57,108,100754,0.15,0.001,66468,9,0.5
2508471,47,228,44430,0.15,0.001,35779,8,0.3
307062,34,384,36636,0.15,0.001,28502,6,0.5
11304721,40,312,300000,0.3,0.004,136583,17,0.5
350301,39,324,45840,0.15,0.001,41877,6,0.5
17338164,55,132,114676,0.15,0.004,75038,9,0.3
115097,29,444,44468,0.3,0.004,51173,18,0.5
3965696,32,408,74481,0.15,0.001,41497,7,0.7
16754605,52,168,132356,0.15,0.004,59119,7,0.3
21764989,55,132,92194,0.05,0.001,51808,5,0.5
632994,30,432,62590,0.15,0.004,42048,9,0.5
3248037,49,204,78584,0.15,0.001,54813,7,0.3
93774775,47,228,179408,0.05,0.001,71659,6,0.5
6233772,45,252,76819,0.15,0.001,53314,9,0.5
9162618,43,276,115222,0.15,0.004,75239,9,0.5
25832446,56,120,137617,0.15,0.004,65149,7,0.3
80073536,57,108,181279,0.05,0.001,90089,5,0.3
12587066,47,228,92793,0.05,0.001,71417,6,0.5
755335,34,384,40043,0.3,0.008,32168,10,0.7
45088385,57,108,159004,0.05,0.001,78811,4,0.3
183026232,55,132,210362,0.05,0.001,117442,5,0.3
9421325,42,288,57674,0.3,0.004,35615,12,0.5
6635212,31,420,141461,0.05,0.001,77209,4,0.7
737004,37,348,49041,0.3,0.008,40988,13,0.3
7189315,48,216,99835,0.05,0.001,64203,7,0.5
58316195,51,180,300000,0.15,0.004,159447,7,0.3
6559335,39,324,90528,0.05,0.001,72711,7,0.3
13958035,34,384,300000,0.3,0.004,184274,9,0.7
10534382,48,216,94922,0.05,0.001,65491,6,0.5
28722,23,516,74417,0.15,0.001,45564,9,0.3
9353931,45,252,79398,0.15,0.004,53526,8,0.7
3617021,55,132,63027,0.05,0.001,42109,7,0.3
8140373,35,372,100137,0.05,0.001,58898,5,0.7
618931,37,348,32564,0.3,0.008,29278,20,0.5
650463,25,492,59070,0.05,0.001,29235,5,0.7
285909,25,492,23935,0.15,0.004,16927,9,0.3
19929500,42,288,198695,0.05,0.001,111470,7,0.5
110346,30,432,36074,0.3,0.004,33394,22,0.5
7406973,40,312,54055,0.3,0.004,29846,18,0.3
16319463,46,240,110926,0.05,0.001,60713,4,0.5
27127706,53,156,100856,0.05,0.001,58210,4,0.3
18293831,36,360,300000,0.05,0.001,162207,5,0.3
103211,37,348,36059,0.15,0.004,38095,6,0.5
2154930,46,240,33606,0.3,0.008,25512,8,0.5
557669,29,444,85457,0.3,0.004,56335,15,0.7
2732241,55,132,41428,0.15,0.001,33493,9,0.3
14836,24,504,25762,0.15,0.004,21140,7,0.5
1463507,35,372,71800,0.15,0.001,42895,8,0.5
437907,43,276,35578,0.15,0.004,34103,7,0.5
404417,35,372,41644,0.3,0.008,37597,21,0.5
140346843,52,168,310007,0.05,0.001,161759,7,0.3
8501767,54,144,50404,0.3,0.008,37242,19,0.5
148344,28,456,38680,0.15,0.004,32488,9,0.5
81126,32,408,37918,0.3,0.008,38219,10,0.7
80889654,56,120,153706,0.05,0.001,60443,4,0.3
4809521,51,180,58019,0.15,0.004,44219,8,0.3
1765183,30,432,90320,0.15,0.001,48505,7,0.7
28067,27,468,32627,0.3,0.004,36467,18,0.7
5316962,38,336,73748,0.15,0.001,52347,6,0.3
29464351,51,180,181069,0.05,0.001,79334,7,0.3
8340130,44,264,106832,0.15,0.004,66958,8,0.7
1725391,39,324,67179,0.15,0.001,55065,9,0.3
6149533,37,348,66309,0.15,0.004,44166,7,0.5
6042693,56,120,89268,0.15,0.004,59659,8,0.3
2331861,37,348,79208,0.05,0.001,58131,5,0.5
79644,27,468,31479,0.3,0.004,25431,9,0.5
14163328,46,240,300000,0.3,0.004,176459,19,0.3
6674,24,504,49554,0.3,0.008,47642,10,0.3
13919813,48,216,95883,0.15,0.004,49645,7,0.3
1989447,39,324,102863,0.15,0.004,87387,9,0.5
157467,27,468,28163,0.05,0.001,22036,6,0.3
43949,23,516,65073,0.15,0.001,38448,9,0.3
89902271,52,168,174496,0.05,0.001,94600,7,0.3
460998,36,360,39040,0.15,0.001,36335,7,0.3
125946,33,396,42232,0.15,0.001,44043,7,0.3
116618642,51,180,300000,0.3,0.008,133382,8,0.3
4734456,45,252,74738,0.15,0.004,49297,8,0.5
13786337,51,180,50577,0.15,0.004,30646,9,0.5
605386,42,288,33841,0.3,0.008,27743,8,0.5
40417199,57,108,147081,0.15,0.004,72804,7,0.3
2715269,49,204,57631,0.15,0.004,37567,7,0.3
100370,36,360,26543,0.3,0.004,25360,8,0.5
4727986,52,168,49094,0.3,0.008,38908,11,0.3
57027,23,516,68816,0.15,0.004,48171,9,0.3
13458733,54,144,110271,0.15,0.001,93488,7,0.3
5256126,38,336,105762,0.15,0.001,57202,9,0.7
14679685,43,276,65461,0.05,0.001,34590,6,0.5
105228,23,516,111381,0.05,0.001,78101,7,0.5
57124848,53,156,300000,0.05,0.001,178769,5,0.5
273857,38,336,27802,0.15,0.001,23279,7,0.7
3008419,33,396,140991,0.05,0.001,77979,6,0.7
1967133,27,468,129891,0.15,0.004,69884,7,0.7
198279139,51,180,300000,0.05,0.001,170032,7,0.3
221727,25,492,67449,0.15,0.004,47391,6,0.3
7727669,41,300,85553,0.05,0.001,64601,5,0.5
3421,23,516,25443,0.15,0.004,24336,6,0.7
3226801,51,180,37213,0.15,0.001,26391,8,0.3
46992366,48,216,300000,0.15,0.001,152867,8,0.5
7065432,57,108,75822,0.3,0.004,61930,22,0.5
1689531,32,408,60981,0.3,0.004,38670,9,0.7
14910752,55,132,73217,0.05,0.001,43253,4,0.3
9060035,42,288,188744,0.05,0.001,89359,5,0.3
3795689,47,228,91567,0.3,0.008,61527,13,0.5
15166763,45,252,122540,0.05,0.001,71241,7,0.5
440677,34,384,43913,0.3,0.004,36277,12,0.5
8622809,56,120,52307,0.15,0.004,27864,7,0.3
12288413,58,96,51228,0.15,0.004,30717,9,0.5
19458135,54,144,130975,0.05,0.001,86069,4,0.3
8999330,48,216,73850,0.05,0.001,38397,5,0.3
0,22,528,300000,0.05,0.001,133421,5,0.3
7746797,43,276,104144,0.15,0.004,63598,7,0.3
263532,41,300,33320,0.15,0.004,28290,9,0.3
5205041,36,360,78373,0.05,0.001,37204,7,0.5
12035384,43,276,65026,0.15,0.004,40531,9,0.5
10958,24,504,20000,0.15,0.004,16204,6,0.7
3206655,44,264,76443,0.15,0.004,47169,6,0.7
175355,30,432,31400,0.15,0.001,29018,8,0.5
3273157,34,384,131998,0.05,0.001,63122,4,0.5
435891,29,444,59314,0.15,0.004,38609,9,0.3
4633887,39,324,65253,0.15,0.004,41051,8,0.5
60822,25,492,42493,0.15,0.004,30577,8,0.5
28135370,42,288,111958,0.05,0.001,59118,7,0.7
4416390,26,480,187062,0.15,0.001,95135,9,0.5
3343962,41,300,53694,0.15,0.004,28753,6,0.3
1055899,39,324,22028,0.15,0.004,16995,8,0.5
5779292,35,372,237940,0.15,0.001,114891,9,0.5
207428,26,480,39716,0.15,0.004,29628,7,0.7
14784015,49,204,194719,0.05,0.001,96533,6,0.3
15702334,57,108,168708,0.05,0.001,75978,6,0.3
58183,26,480,27311,0.15,0.004,24150,7,0.3
15245837,41,300,245102,0.05,0.001,119649,5,0.5
2990658,55,132,40510,0.15,0.001,34718,8,0.3
6734088,52,168,72138,0.05,0.001,44897,6,0.3
44747381,55,132,162817,0.15,0.004,74385,7,0.3
167601,28,456,43685,0.15,0.001,44724,7,0.5
1724226,32,408,52081,0.15,0.001,37686,9,0.5
102394706,50,192,160571,0.15,0.004,70651,8,0.5
572606,35,372,39975,0.15,0.001,33092,8,0.3
108637784,58,96,99486,0.3,0.008,50625,17,0.3
0,22,528,42301,0.15,0.004,38140,6,0.7
2662851,54,144,33021,0.15,0.001,26652,6,0.3
3236648,43,276,79679,0.15,0.004,41193,8,0.5
2504838,28,456,98836,0.05,0.001,71862,5,0.5
1650932,29,444,73912,0.15,0.001,38785,6,0.7
1755562,28,456,106598,0.05,0.001,74915,7,0.7
1530719,46,240,41132,0.3,0.004,33945,21,0.3
267003,29,444,48988,0.15,0.004,39968,8,0.7
24359209,52,168,103882,0.05,0.001,66328,6,0.5
38409394,55,132,56590,0.05,0.001,33427,6,0.3
5186133,56,120,55185,0.15,0.004,33039,8,0.3
20517,24,504,31763,0.3,0.004,27523,10,0.7
41233305,42,288,300000,0.05,0.001,114348,5,0.3
403647,25,492,62475,0.15,0.004,39410,8,0.7
970026,49,204,48504,0.15,0.004,43691,6,0.5
1261547,30,432,117642,0.05,0.001,77957,4,0.7
350100,27,468,61496,0.05,0.001,34555,4,0.3
4600485,38,336,58033,0.15,0.001,36763,8,0.7
132138,46,240,28959,0.3,0.008,27776,13,0.7
108330359,56,120,107470,0.05,0.001,53160,7,0.3
1516139,37,348,63457,0.05,0.001,43264,4,0.7
118140725,57,108,248251,0.05,0.001,117474,5,0.3
73677051,58,96,146111,0.15,0.001,66282,9,0.3
132543560,57,108,132865,0.15,0.004,61877,8,0.3
607253,34,384,35694,0.3,0.004,24794,8,0.7
11931537,42,288,158799,0.05,0.001,78913,5,0.3
20920,25,492,32238,0.15,0.004,28741,6,0.7
6605912,30,432,181004,0.05,0.001,90756,6,0.7
714631,36,360,33105,0.15,0.001,26295,8,0.5
43366,24,504,65207,0.05,0.001,41451,5,0.3
3762579,38,336,107982,0.05,0.001,66366,6,0.7
252408,26,480,34216,0.15,0.001,25571,7,0.3
15122,26,480,20000,0.3,0.008,21229,18,0.7
22317128,54,144,98081,0.15,0.004,70287,8,0.3
2009010,51,180,49146,0.05,0.001,46128,4,0.3
2070335,40,312,39231,0.15,0.004,26224,9,0.3
9702750,45,252,81339,0.15,0.004,55925,7,0.5
6150827,47,228,57421,0.15,0.004,44559,9,0.5
1110642,35,372,82091,0.05,0.001,63992,7,0.5
1492148,31,420,57092,0.05,0.001,35694,7,0.7
146770,24,504,80728,0.15,0.004,54478,8,0.5
5747095,32,408,137451,0.05,0.001,77177,6,0.5
3238668,32,408,101795,0.15,0.004,72525,7,0.5
12217437,57,108,46900,0.3,0.004,36248,9,0.5
904224,31,420,89298,0.15,0.004,44021,8,0.7
2247607,32,408,87018,0.15,0.001,63026,7,0.5
10820135,42,288,136580,0.15,0.001,58101,9,0.3
183492935,57,108,300000,0.05,0.001,122853,7,0.3
6427355,48,216,83266,0.15,0.004,57406,8,0.3
217303,32,408,35610,0.15,0.001,31783,9,0.5
22602559,57,108,52191,0.05,0.001,30540,5,0.3
15265037,52,168,75059,0.15,0.004,52700,8,0.3
10508338,33,396,145480,0.05,0.001,55719,6,0.7
6950652,47,228,70455,0.15,0.004,52588,8,0.3
74684950,55,132,131970,0.15,0.004,59714,6,0.3
21001617,52,168,70565,0.05,0.001,48246,6,0.5
3137629,39,324,79283,0.15,0.001,53753,9,0.3
1863143,27,468,82170,0.15,0.001,54263,9,0.7
650326,27,468,64280,0.15,0.001,45923,6,0.5
3935491,48,216,81230,0.3,0.004,55258,12,0.5
5949946,55,132,39395,0.15,0.001,31202,9,0.5
16557693,53,156,52295,0.15,0.001,26220,6,0.3
821498,59,84,41946,0.15,0.001,39446,8,0.3
71483873,57,108,145010,0.15,0.004,82515,9,0.3
367480,35,372,30738,0.15,0.004,25562,8,0.3
4249360,41,300,74198,0.3,0.008,49384,15,0.5
6306856,37,348,78851,0.05,0.001,36036,6,0.7
304405,45,252,36159,0.15,0.004,36013,8,0.5
11136437,47,228,81978,0.15,0.001,52957,6,0.5
105425725,55,132,150533,0.05,0.001,59788,4,0.5
6671305,39,324,76190,0.15,0.004,38367,8,0.3
27425085,34,384,189058,0.05,0.001,79742,6,0.7
20549660,36,360,207235,0.05,0.001,117179,7,0.5
58617,24,504,47114,0.15,0.004,40160,9,0.5
8152253,52,168,90602,0.15,0.001,53635,7,0.3
1757521,41,300,40633,0.15,0.001,33593,9,0.7
331983,39,324,43867,0.3,0.004,40252,18,0.7
10975,24,504,33257,0.15,0.004,29351,6,0.5
144498,24,504,75819,0.3,0.008,43109,14,0.5
35846,25,492,27810,0.15,0.001,25644,7,0.3
15040162,53,156,91985,0.15,0.004,52270,8,0.3
29946,28,456,27940,0.15,0.004,28944,8,0.5
1175917,35,372,72662,0.05,0.001,44721,5,0.7
274039,31,420,22143,0.15,0.004,16014,7,0.5
18158091,48,216,119593,0.15,0.001,71668,9,0.5
593157,34,384,56047,0.3,0.004,47437,23,0.7
2902954,40,312,61026,0.15,0.004,38431,8,0.5
8398461,41,300,97752,0.15,0.004,54579,6,0.5
122488,36,360,29966,0.3,0.008,30014,11,0.5
3249492,38,336,87956,0.05,0.001,55090,4,0.3
1189154,33,396,88900,0.05,0.001,70570,5,0.7
4793717,50,192,52829,0.3,0.004,31052,11,0.5
2807862,46,240,35397,0.15,0.004,28946,6,0.5
24968604,44,264,121522,0.05,0.001,58579,4,0.3
1981414,41,300,63453,0.15,0.001,40898,7,0.7
165945,25,492,22546,0.15,0.004,13936,7,0.5
27519381,57,108,139251,0.05,0.001,80398,5,0.5
192832673,42,288,295237,0.05,0.001,138751,7,0.5
1191107,38,336,40518,0.05,0.001,36094,6,0.3
2985354,35,372,58162,0.15,0.001,41129,9,0.3
8763759,55,132,80832,0.3,0.008,56946,8,0.3
49661278,55,132,193057,0.15,0.004,91934,7,0.3
4779079,46,240,73722,0.15,0.004,41293,9,0.3
953587,38,336,32176,0.15,0.001,27288,6,0.3
4099013,40,312,118557,0.05,0.001,82930,7,0.5
2916397,49,204,41014,0.15,0.001,30426,9,0.3
5953493,52,168,41697,0.15,0.004,30217,7,0.5
5424528,30,432,161085,0.05,0.001,88281,5,0.7
11437578,47,228,116782,0.15,0.001,66108,9,0.3
3597683,30,432,142012,0.15,0.004,91263,9,0.7
13282364,40,312,128248,0.15,0.004,63551,7,0.5
9256606,29,444,140564,0.05,0.001,70727,6,0.7
1692670,30,432,91104,0.15,0.004,63332,7,0.5
95539643,58,96,151403,0.05,0.001,71516,4,0.5
6900894,59,84,49330,0.15,0.004,42912,6,0.3
8011,24,504,31497,0.3,0.008,26230,21,0.7
5510103,54,144,25720,0.15,0.001,20882,9,0.3
7602828,51,180,51904,0.3,0.008,34029,19,0.5
7439070,33,396,96110,0.05,0.001,56713,7,0.5
0,22,528,27708,0.15,0.004,20364,7,0.7
38012,23,516,61033,0.05,0.001,40492,4,0.7
9733439,56,120,112228,0.3,0.008,76032,22,0.3
0,22,528,89794,0.05,0.001,55308,5,0.5
4225513,29,444,133822,0.15,0.004,50367,6,0.5
5058214,49,204,58586,0.3,0.004,39692,12,0.5
3309950,41,300,43688,0.3,0.008,32478,13,0.5
2786076,28,456,104101,0.3,0.004,50200,18,0.7
2130017,29,444,80825,0.15,0.004,52845,6,0.7
4265806,39,324,72924,0.05,0.001,36972,4,0.3
12441955,33,396,198635,0.05,0.001,116790,6,0.7
237089,36,360,35438,0.15,0.004,41191,8,0.7
50526,25,492,39498,0.05,0.001,32933,5,0.5
2008562,42,288,44949,0.15,0.001,36369,8,0.5
8600901,41,300,152343,0.05,0.001,72937,6,0.5
39193638,56,120,111944,0.15,0.001,68369,9,0.3
4769058,44,264,76149,0.15,0.004,54206,9,0.5
83061463,57,108,125054,0.15,0.004,45255,6,0.5
5920490,56,120,34579,0.3,0.008,27383,11,0.3
35072115,59,84,87835,0.15,0.001,53611,7,0.3
26773607,56,120,131828,0.15,0.001,69410,8,0.5
15302308,42,288,300000,0.15,0.001,151895,6,0.3
182788,26,480,56486,0.15,0.001,43533,9,0.5
0,22,528,44111,0.3,0.008,37415,14,0.3
2536096,25,492,197712,0.05,0.001,96236,5,0.7
40648315,59,84,113547,0.05,0.001,59163,5,0.3
37544003,50,192,120870,0.05,0.001,49861,4,0.3
12217767,36,360,176920,0.05,0.001,86206,7,0.3
23494268,55,132,154109,0.15,0.001,69308,8,0.3
35776415,58,96,128542,0.05,0.001,57605,5,0.5
103180,35,372,48934,0.15,0.004,48122,6,0.3
223472,27,468,26599,0.3,0.008,19369,22,0.3
6427507,44,264,39990,0.3,0.004,25208,22,0.5
147195,27,468,44350,0.05,0.001,41828,4,0.3
951560,27,468,76276,0.15,0.004,36625,8,0.7
34425548,52,168,130900,0.15,0.004,65285,8,0.3
5638193,41,300,75978,0.15,0.004,50460,9,0.5
35307275,55,132,300000,0.05,0.001,198965,7,0.3
13563458,46,240,87154,0.15,0.004,41830,7,0.7
4937777,40,312,72561,0.15,0.004,36074,7,0.5
46027101,57,108,209777,0.15,0.004,92037,6,0.5
9163612,47,228,79772,0.05,0.001,50576,4,0.3
8691526,48,216,76032,0.05,0.001,58330,7,0.5
12667465,41,300,120106,0.15,0.001,48040,8,0.7
47588346,53,156,108737,0.15,0.001,74422,9,0.3
27456885,52,168,300000,0.15,0.001,137085,7,0.3
5781918,45,252,63980,0.15,0.001,41583,9,0.5
48414613,54,144,181604,0.15,0.004,85279,7,0.3
709779,26,480,86366,0.15,0.001,59330,9,0.7
38400582,48,216,252472,0.05,0.001,113508,5,0.7
159235,33,396,40107,0.3,0.008,33116,15,0.5
7713295,56,120,56443,0.15,0.004,41425,7,0.3
0,22,528,36781,0.15,0.004,28311,9,0.5
10843634,56,120,41582,0.15,0.004,34961,9,0.3
15961224,56,120,73704,0.3,0.008,46531,23,0.5
223960,33,396,42520,0.3,0.008,38456,17,0.5
21360336,43,276,98909,0.05,0.001,63126,5,0.5
69923686,51,180,300000,0.3,0.008,127274,9,0.3
97948793,59,84,141666,0.05,0.001,72924,6,0.3
22687201,44,264,131798,0.15,0.004,61908,6,0.5
488967,32,408,54480,0.15,0.001,41545,8,0.3
37923419,44,264,138066,0.05,0.001,82509,4,0.7
143914,23,516,166607,0.05,0.001,92691,6,0.3
4852367,48,216,102699,0.15,0.004,87728,9,0.3
43736702,58,96,75778,0.15,0.004,52498,9,0.3
105083975,50,192,175818,0.05,0.001,74754,7,0.7
705186,27,468,55294,0.05,0.001,32593,5,0.7
1232546,28,456,117445,0.05,0.001,78486,7,0.7
110553608,55,132,96001,0.05,0.001,49702,6,0.3
916773,29,444,65868,0.05,0.001,44606,5,0.7
14581248,54,144,56282,0.3,0.004,38396,19,0.3
13296945,53,156,108848,0.15,0.004,66066,6,0.5
797055,33,396,56932,0.15,0.004,43387,8,0.7
4050160,51,180,46736,0.15,0.001,38946,6,0.3
2195640,33,396,61230,0.15,0.001,30975,9,0.7
268094,24,504,55904,0.05,0.001,32159,5,0.5
82435,25,492,49265,0.15,0.004,41728,7,0.5
26284654,56,120,100174,0.05,0.001,65376,6,0.3
172949,25,492,27933,0.3,0.008,20251,19,0.5
11818,25,492,26732,0.15,0.004,24436,7,0.5
82359944,46,240,195990,0.05,0.001,93120,4,0.7
241589,32,408,36358,0.15,0.001,29973,9,0.3
10191722,40,312,121240,0.15,0.004,78522,8,0.5
28552158,55,132,300000,0.15,0.004,182146,7,0.3
95769784,50,192,170700,0.05,0.001,89596,6,0.5
535251,44,264,35618,0.3,0.004,32011,23,0.5
109237,24,504,54159,0.05,0.001,42307,4,0.5
12195,23,516,36147,0.15,0.001,28870,7,0.7
8959534,37,348,97111,0.05,0.001,51483,6,0.7
5996987,43,276,65807,0.05,0.001,46833,7,0.5
264339,35,372,23419,0.3,0.004,17429,21,0.7
4683500,50,192,43805,0.15,0.004,32212,7,0.5
1563414,26,480,89589,0.05,0.001,47920,6,0.5
104929171,52,168,125337,0.05,0.001,46670,7,0.3
89118280,46,240,127425,0.05,0.001,76339,4,0.5
505487,26,480,61138,0.15,0.004,37518,7,0.5
11978187,31,420,241820,0.05,0.001,126427,7,0.7
1776161,37,348,47019,0.15,0.001,38974,8,0.7
78290637,59,84,148814,0.05,0.001,92900,6,0.3
2338969,31,420,97176,0.05,0.001,73865,5,0.7
2900851,41,300,33076,0.3,0.004,25339,16,0.5
18144786,45,252,111441,0.15,0.001,70887,8,0.7
1501436,26,480,74130,0.05,0.001,42625,7,0.7
5330005,51,180,87063,0.15,0.001,63701,9,0.3
3557500,39,324,58303,0.15,0.004,45302,9,0.5
16235229,36,360,300000,0.15,0.004,143553,8,0.5
3451374,56,120,50545,0.15,0.001,32150,7,0.3
28381144,59,84,118919,0.05,0.001,87133,7,0.3
11948368,43,276,98758,0.15,0.004,65087,6,0.3
59671594,55,132,116189,0.05,0.001,69373,6,0.5
0,22,528,55469,0.15,0.001,38646,6,0.7
21376919,43,276,300000,0.05,0.001,198392,7,0.3
56940612,50,192,129552,0.15,0.004,51778,8,0.3
894512,44,264,49211,0.15,0.004,44534,7,0.3
9695251,42,288,122183,0.15,0.004,64380,7,0.5
0,22,528,84624,0.05,0.001,66180,5,0.7
155008,27,468,48933,0.15,0.004,50734,7,0.5
0,22,528,153007,0.05,0.001,68634,6,0.5
1457691,38,336,55801,0.15,0.001,30691,6,0.5
11588573,32,408,300000,0.05,0.001,184760,7,0.7
15554637,36,360,300000,0.05,0.001,161959,6,0.3
622249,32,408,61881,0.15,0.004,46184,8,0.7
8027271,57,108,124401,0.15,0.001,90618,6,0.5
37606499,48,216,142611,0.05,0.001,51545,6,0.5
702196,28,456,75181,0.15,0.001,40403,7,0.5
696593,31,420,45165,0.05,0.001,38088,4,0.7
7621858,58,96,65330,0.15,0.001,48798,8,0.3
1043053,46,240,46011,0.15,0.004,40685,6,0.5
15783934,52,168,43882,0.15,0.004,33735,8,0.5
3956856,32,408,90007,0.15,0.004,60049,9,0.7
2044436,33,396,53928,0.05,0.001,38240,6,0.7
3404349,37,348,60803,0.3,0.008,39951,16,0.5
295148,44,264,41448,0.15,0.004,37167,8,0.5
3892248,56,120,27400,0.15,0.004,21174,9,0.3
19247,23,516,55461,0.05,0.001,44080,4,0.5
18680310,38,336,144604,0.15,0.004,89199,6,0.7
135854,31,420,36035,0.05,0.001,33515,7,0.5
172422,25,492,74270,0.05,0.001,62565,4,0.5
1378756,51,180,37422,0.15,0.004,28022,7,0.3
25682810,47,228,121666,0.05,0.001,79104,5,0.7
26979207,59,84,159892,0.05,0.001,84185,7,0.3
4019402,31,420,142954,0.05,0.001,83929,4,0.7
255245,24,504,300000,0.15,0.004,204558,7,0.5
7750572,44,264,118046,0.15,0.004,71720,8,0.7
593331,36,360,48302,0.05,0.001,44096,6,0.5
15101445,53,156,176035,0.15,0.004,69535,9,0.3
3341641,48,216,37484,0.15,0.004,26829,7,0.7
1565248,39,324,60068,0.15,0.001,43065,8,0.3
139681615,58,96,128571,0.05,0.001,57695,6,0.3
6009253,53,156,45014,0.3,0.004,31723,10,0.3
7373340,42,288,102972,0.05,0.001,70604,4,0.3
152410366,55,132,201565,0.05,0.001,106951,4,0.5
22552718,59,84,88630,0.15,0.001,66180,9,0.5
3589776,42,288,51535,0.15,0.004,36100,6,0.7
564367,43,276,41524,0.15,0.001,30651,8,0.5
121109845,52,168,162543,0.05,0.001,75189,5,0.5
5855497,49,204,85112,0.05,0.001,58733,4,0.5
271292,28,456,45955,0.3,0.008,36645,23,0.7
7669560,40,312,300000,0.15,0.004,189597,8,0.5
2757484,36,360,67506,0.05,0.001,38903,6,0.3
3416049,48,216,57364,0.15,0.004,46245,6,0.5
1272665,38,336,57209,0.3,0.004,41742,20,0.5
27642,27,468,20688,0.15,0.004,19558,8,0.3
4935485,46,240,73196,0.15,0.004,50913,9,0.5
21800969,43,276,112996,0.05,0.001,73337,4,0.3
6699569,52,168,75794,0.15,0.001,54801,6,0.3
8851098,46,240,156257,0.05,0.001,110905,7,0.5
2163239,37,348,45460,0.15,0.001,31026,6,0.7
2446593,31,420,75095,0.05,0.001,55249,4,0.7
1380956,39,324,62287,0.15,0.004,42105,8,0.5
2739535,25,492,204229,0.05,0.001,102503,5,0.5
3570779,32,408,56792,0.05,0.001,33285,4,0.7
3527342,34,384,68664,0.15,0.004,41869,9,0.7
9957288,34,384,124592,0.05,0.001,71996,6,0.5
5045576,42,288,92871,0.3,0.008,64722,17,0.3
86272063,54,144,124979,0.15,0.004,54561,9,0.5
432843,31,420,56297,0.15,0.001,38752,7,0.3
7262194,38,336,50869,0.15,0.004,27905,7,0.3
575573,35,372,37982,0.15,0.004,31725,8,0.5
2805824,53,156,32185,0.15,0.001,24050,6,0.3
58988,24,504,52030,0.15,0.001,40849,9,0.3
3014678,37,348,87871,0.15,0.004,73214,9,0.3
2458763,36,360,78347,0.15,0.004,47296,6,0.5
25950017,49,204,146365,0.05,0.001,79467,6,0.5
2067848,30,432,68658,0.05,0.001,42661,4,0.7
0,22,528,42061,0.15,0.001,51999,8,0.3
6395992,36,360,113254,0.15,0.004,68439,9,0.5
951894,44,264,37542,0.05,0.001,35576,4,0.3
73793034,48,216,109236,0.05,0.001,60382,6,0.7
98367654,58,96,210149,0.05,0.001,90431,4,0.3
7538343,42,288,67017,0.15,0.004,45062,8,0.7
7466988,43,276,130187,0.15,0.004,74297,7,0.5
6002894,45,252,91297,0.15,0.004,74955,6,0.5
3733558,57,108,55832,0.15,0.004,30790,7,0.3
136747449,55,132,278408,0.05,0.001,119205,7,0.3
3969943,40,312,78183,0.3,0.004,53355,14,0.7
2010618,41,300,48884,0.15,0.001,38788,8,0.3
26989591,59,84,115550,0.05,0.001,58689,6,0.3
4617288,35,372,81319,0.05,0.001,38412,5,0.7
4081842,41,300,69955,0.15,0.004,37069,8,0.5
9748616,48,216,104797,0.15,0.001,77835,8,0.5
5007846,41,300,75845,0.05,0.001,56578,5,0.3
330582,37,348,50279,0.3,0.008,44307,10,0.7
15252131,58,96,62486,0.15,0.001,38910,9,0.3
20448808,45,252,131235,0.05,0.001,64539,6,0.7
33349599,43,276,70972,0.05,0.001,38945,6,0.5
0,22,528,102524,0.05,0.001,62642,4,0.7
17180,24,504,46439,0.05,0.001,41584,6,0.7
1608332,32,408,55884,0.15,0.004,33197,7,0.7
46956855,54,144,300000,0.15,0.004,154559,6,0.3
28903066,52,168,105699,0.15,0.004,55813,8,0.5
26445116,49,204,170416,0.05,0.001,99428,7,0.5
0,22,528,20000,0.15,0.004,17527,8,0.5
2540009,28,456,143784,0.05,0.001,74104,7,0.7
2937084,47,228,64978,0.15,0.001,42017,6,0.7
525430,27,468,53422,0.15,0.001,29918,8,0.5
245025,37,348,45864,0.15,0.001,42759,6,0.3
0,22,528,37790,0.3,0.004,32243,20,0.3
804578,33,396,38916,0.3,0.004,27112,13,0.7
768355,47,228,48798,0.15,0.001,44349,6,0.3
1647553,27,468,85243,0.05,0.001,54013,5,0.7
1992624,31,420,58428,0.15,0.004,41265,9,0.7
43577016,47,228,190074,0.05,0.001,125262,4,0.5
3422270,46,240,61514,0.3,0.004,37306,8,0.3
19345416,56,120,115086,0.15,0.004,83820,8,0.3
5254801,37,348,92141,0.15,0.004,53730,8,0.3
1654481,43,276,41926,0.15,0.001,33066,9,0.3
6349385,57,108,34913,0.05,0.001,29025,4,0.5
44248779,48,216,156799,0.15,0.001,67357,7,0.5
82284361,59,84,129461,0.05,0.001,62820,6,0.3
305917,27,468,52549,0.15,0.001,36178,6,0.7
11669655,46,240,86883,0.15,0.004,61271,6,0.3
0,22,528,161731,0.05,0.001,67904,6,0.5
2630757,47,228,61683,0.15,0.001,44631,8,0.5
92075378,53,156,154829,0.05,0.001,87946,5,0.3
7865208,33,396,300000,0.05,0.001,174712,4,0.7
6627274,42,288,63689,0.05,0.001,50414,4,0.5
2228508,28,456,64415,0.15,0.004,41331,6,0.7
1755024,39,324,77518,0.15,0.001,45635,8,0.3
37637009,54,144,95394,0.05,0.001,58605,4,0.3
5780354,42,288,69941,0.05,0.001,46146,6,0.5
21315595,34,384,178812,0.05,0.001,76985,6,0.7
173816595,56,120,138537,0.05,0.001,63979,6,0.3
486825,30,432,32371,0.15,0.001,24124,8,0.5
728177,23,516,187587,0.05,0.001,97660,5,0.5
4104171,52,168,85325,0.15,0.004,61069,7,0.3
9566772,55,132,112716,0.05,0.001,77418,6,0.3
7423,23,516,41774,0.3,0.004,43268,17,0.7
500892,32,408,24081,0.3,0.004,17485,22,0.7
2032796,52,168,32060,0.15,0.001,25492,9,0.3
2852067,36,360,81597,0.05,0.001,56392,5,0.3
28080768,55,132,134359,0.15,0.004,53370,7,0.5
3630675,30,432,73623,0.15,0.004,43852,8,0.7
12808053,57,108,45793,0.15,0.004,28161,8,0.5
2112253,40,312,55436,0.3,0.008,43300,22,0.7
14228623,57,108,72013,0.15,0.004,43656,7,0.3
176310,31,420,29865,0.3,0.008,24345,18,0.7
5602973,39,324,58605,0.05,0.001,28867,6,0.5
5637500,31,420,61309,0.05,0.001,38887,6,0.7
902522,32,408,65637,0.15,0.001,43292,9,0.7
1208372,35,372,63555,0.15,0.004,45597,7,0.7
137341678,59,84,300000,0.05,0.001,185613,6,0.3
4872,23,516,23876,0.3,0.004,23778,22,0.5
1407532,28,456,82274,0.15,0.004,53059,6,0.7
1258610,28,456,85743,0.3,0.004,47827,21,0.7
4838141,30,432,64115,0.3,0.004,33718,20,0.5
935631,29,444,59842,0.05,0.001,46175,4,0.7
44049182,51,180,300000,0.05,0.001,165165,5,0.3
456027,26,480,60039,0.15,0.001,43322,7,0.3
502739,23,516,300000,0.05,0.001,152889,7,0.7
229466,28,456,47126,0.15,0.004,46672,9,0.3
337908,25,492,64905,0.05,0.001,52371,4,0.3
10027449,38,336,138857,0.05,0.001,91240,7,0.3
872210,38,336,52693,0.15,0.001,34800,8,0.3
1403343,29,444,92421,0.05,0.001,58087,6,0.7
2902314,48,216,65958,0.15,0.004,42566,6,0.7
2513866,48,216,40451,0.15,0.004,33690,8,0.5
99475674,41,300,237625,0.05,0.001,98669,4,0.5
2058981,33,396,105542,0.15,0.004,61838,9,0.7
38147287,45,252,152352,0.15,0.004,90570,6,0.5
28506702,41,300,113064,0.05,0.001,73363,5,0.3
16019580,38,336,252646,0.05,0.001,128619,5,0.5
2353169,35,372,51334,0.15,0.004,28504,6,0.3
1706650,44,264,28520,0.15,0.001,19517,8,0.5
1214153,25,492,300000,0.15,0.001,191846,6,0.7
2392998,43,276,26188,0.3,0.008,18529,21,0.5
43158507,57,108,148927,0.15,0.004,78877,9,0.3
4273,23,516,24540,0.3,0.004,20834,14,0.3
19997177,52,168,111051,0.15,0.004,73749,7,0.5
14846048,37,348,174971,0.05,0.001,101599,6,0.5
968730,53,156,36666,0.15,0.004,33635,8,0.3
50676,26,480,26543,0.15,0.004,22822,7,0.7
15244702,49,204,119038,0.05,0.001,71545,6,0.5
154363,25,492,47140,0.05,0.001,39128,7,0.5
1622160,30,432,63595,0.05,0.001,32527,4,0.7
5674992,47,228,86669,0.05,0.001,56345,4,0.7
126687348,46,240,283617,0.05,0.001,184007,7,0.3
4651950,45,252,55321,0.3,0.004,34990,15,0.5
486634,39,324,44594,0.15,0.004,34805,9,0.3
5017276,47,228,62903,0.05,0.001,41655,5,0.5
96045,30,432,45815,0.15,0.004,42907,9,0.3
12733270,43,276,65145,0.15,0.001,38965,6,0.3
20317633,50,192,258779,0.05,0.001,166228,5,0.3
93583968,57,108,206742,0.05,0.001,127382,5,0.3
117990675,49,204,276890,0.05,0.001,98407,7,0.3
523949,27,468,62499,0.15,0.004,36646,9,0.7
532879,29,444,56220,0.3,0.004,36510,18,0.7
648108,42,288,30225,0.15,0.001,21884,6,0.7
559825,29,444,57587,0.3,0.004,41238,23,0.7
12600255,34,384,300000,0.15,0.004,182523,8,0.5
772353,58,96,37530,0.3,0.004,34930,18,0.5
23089186,49,204,127160,0.15,0.004,67606,6,0.7
2404743,31,420,121505,0.05,0.001,87269,7,0.5
14290268,40,312,300000,0.05,0.001,178611,4,0.3
47035,23,516,64868,0.05,0.001,48321,7,0.7
3099727,41,300,78272,0.15,0.001,57673,8,0.5
3365001,49,204,52411,0.3,0.008,34389,20,0.7
14488152,58,96,106273,0.05,0.001,81573,7,0.3
7105668,43,276,83000,0.05,0.001,63477,6,0.3
24101497,49,204,133702,0.05,0.001,82631,6,0.5
42189403,37,348,287240,0.05,0.001,115709,7,0.5
1916869,27,468,300000,0.3,0.004,194024,15,0.7
918931,25,492,113253,0.15,0.001,63301,7,0.5
61537,24,504,59442,0.15,0.001,38019,8,0.5
551443,27,468,32554,0.3,0.008,23051,22,0.7
629059,29,444,90171,0.05,0.001,69738,4,0.7
4360498,43,276,112271,0.05,0.001,86975,6,0.7
67363,24,504,55471,0.05,0.001,35427,6,0.7
8017043,44,264,97610,0.15,0.001,54923,7,0.5
1108023,30,432,76136,0.05,0.001,40145,4,0.7
3077844,36,360,87762,0.15,0.001,49831,6,0.3
15496722,54,144,58267,0.3,0.004,30070,11,0.5
11138525,54,144,67792,0.15,0.004,51708,9,0.3
286678,41,300,28627,0.15,0.004,25665,6,0.5
6792,24,504,77747,0.15,0.001,71466,8,0.5
2380004,37,348,67046,0.05,0.001,36805,5,0.5
719873,28,456,69441,0.05,0.001,43643,5,0.7
52436,24,504,61437,0.15,0.001,48173,9,0.5
612202,26,480,107849,0.05,0.001,71816,5,0.5
19564547,57,108,70220,0.05,0.001,46299,5,0.3
10303948,37,348,191032,0.05,0.001,133177,4,0.5
4233174,26,480,186138,0.05,0.001,115070,6,0.7
48609,23,516,110015,0.15,0.004,80717,7,0.5
164370,26,480,31508,0.15,0.001,27218,7,0.3
2800225,39,324,55185,0.05,0.001,33879,6,0.5
101168634,58,96,210285,0.15,0.004,98018,7,0.3
2341961,38,336,44955,0.3,0.004,33838,19,0.3
169522263,58,96,199940,0.05,0.001,88277,7,0.3
1744584,52,168,36762,0.15,0.001,30275,6,0.5
30524397,58,96,137534,0.3,0.008,86185,9,0.3
1503326,43,276,75800,0.15,0.001,54626,6,0.5
27589274,51,180,165683,0.05,0.001,84806,4,0.3
3875629,33,396,150296,0.15,0.001,86904,7,0.7
704710,41,300,40805,0.15,0.004,32874,9,0.5
1157857,25,492,75350,0.05,0.001,47718,5,0.7
4403889,46,240,51605,0.15,0.004,34771,9,0.5
27532611,56,120,167531,0.15,0.004,105207,7,0.3
1357578,27,468,68500,0.15,0.001,42444,8,0.5
13428211,42,288,113593,0.05,0.001,62740,4,0.5
7791101,41,300,110614,0.05,0.001,62343,6,0.7
451105,31,420,23558,0.15,0.004,17318,7,0.5
40830,24,504,35659,0.05,0.001,26975,4,0.7
29373,26,480,24493,0.15,0.004,24640,6,0.7
23755551,38,336,300000,0.3,0.004,140579,12,0.3
96444,28,456,32579,0.05,0.001,28999,7,0.3
403835,26,480,34330,0.15,0.004,24586,6,0.5
2163812,33,396,55888,0.15,0.004,26600,7,0.7
12994890,45,252,106620,0.3,0.008,83315,17,0.3
8436347,39,324,99109,0.05,0.001,56708,5,0.5
5216186,38,336,88727,0.05,0.001,59110,5,0.5
181079,29,444,46240,0.05,0.001,37385,4,0.5
1509358,34,384,81301,0.05,0.001,57770,7,0.7
42348838,53,156,149937,0.15,0.001,85717,8,0.5
39160654,58,96,167513,0.15,0.004,99303,9,0.3
4070918,42,288,81920,0.15,0.004,49621,6,0.3
2249644,27,468,121264,0.05,0.001,56288,7,0.5
571304,30,432,60798,0.15,0.004,49826,9,0.7
156652,26,480,63343,0.15,0.004,48081,8,0.5
18229512,43,276,162521,0.05,0.001,68867,7,0.7
11198781,34,384,199344,0.05,0.001,122150,7,0.7
2317821,46,240,34110,0.15,0.001,28416,8,0.5
1236530,36,360,52183,0.05,0.001,34837,7,0.3
17941138,40,312,134631,0.05,0.001,58868,5,0.5
6533391,58,96,63796,0.3,0.008,44370,17,0.3
1311884,44,264,47031,0.15,0.001,32615,8,0.5
12630856,34,384,300000,0.15,0.004,117738,8,0.5
158980,32,408,43228,0.05,0.001,43853,6,0.3
2626618,50,192,47842,0.3,0.004,36161,18,0.3
9806863,47,228,109922,0.05,0.001,56945,6,0.5
302866,27,468,64516,0.3,0.004,37723,13,0.3
15780402,59,84,126820,0.05,0.001,85306,4,0.5
677869,26,480,57313,0.05,0.001,25294,6,0.7
54021,24,504,58903,0.3,0.004,49244,8,0.3
9249698,48,216,73438,0.05,0.001,40581,6,0.5
945807,58,96,42451,0.3,0.008,42431,16,0.3
459493,23,516,228264,0.05,0.001,127937,4,0.3
1554227,37,348,54531,0.3,0.008,31005,15,0.3
536251,38,336,38846,0.15,0.001,29229,6,0.5
5984542,50,192,47755,0.3,0.004,34092,15,0.5
4136086,42,288,97341,0.15,0.004,68885,6,0.5
95620111,46,240,300000,0.05,0.001,164248,5,0.5
1593821,36,360,59310,0.15,0.001,31589,8,0.5
9889462,58,96,83390,0.15,0.001,55432,6,0.3
4994184,44,264,85903,0.05,0.001,56087,5,0.5
201926269,55,132,145784,0.15,0.001,76526,8,0.3
6055217,28,456,300000,0.05,0.001,134355,5,0.7
112004,26,480,21738,0.3,0.004,15007,14,0.3
108217765,59,84,163997,0.15,0.001,100481,9,0.5
0,22,528,54133,0.15,0.004,28065,8,0.5
2992633,47,228,58466,0.15,0.004,42124,7,0.5
208834,37,348,46226,0.15,0.004,42269,7,0.5
439893,33,396,49219,0.05,0.001,44569,7,0.5
5907648,56,120,81660,0.15,0.001,58040,8,0.3
74997,23,516,98775,0.15,0.001,69091,8,0.3
874145,40,312,30602,0.3,0.004,20084,10,0.5
96978552,51,180,210531,0.05,0.001,112183,5,0.5
968851,28,456,79647,0.15,0.004,51243,7,0.7
8487369,30,432,137229,0.15,0.004,77595,8,0.7
2172478,56,120,35431,0.15,0.001,31302,8,0.3
7804654,54,144,84981,0.05,0.001,55030,5,0.3
852440,27,468,90281,0.15,0.004,52144,8,0.5
149083268,55,132,221664,0.15,0.004,94998,7,0.3
10439102,51,180,151677,0.05,0.001,104770,4,0.3
141562,24,504,117895,0.05,0.001,76947,6,0.3
1322248,56,120,31860,0.15,0.004,28020,8,0.5
3346372,33,396,71945,0.05,0.001,46157,4,0.5
7892864,40,312,127851,0.15,0.004,53494,9,0.7
906134,32,408,72106,0.15,0.001,49941,9,0.5
336211,26,480,51918,0.15,0.001,36878,9,0.5
1945188,30,432,96543,0.05,0.001,63700,7,0.7
1019279,54,144,33139,0.15,0.001,27448,8,0.3
93505927,48,216,300000,0.05,0.001,140501,4,0.5
4494684,38,336,53326,0.15,0.004,27319,7,0.5
15849691,43,276,177632,0.05,0.001,96913,6,0.3
86731031,52,168,170211,0.05,0.001,88626,7,0.3
0,22,528,27542,0.15,0.004,20775,7,0.5
16214834,52,168,107368,0.15,0.001,65964,8,0.3
63035615,43,276,229767,0.05,0.001,129175,7,0.3
43618455,52,168,136448,0.05,0.001,92130,5,0.3
2483266,49,204,28265,0.3,0.004,23390,9,0.7
342932,26,480,72642,0.15,0.004,53069,8,0.5
6695145,42,288,64368,0.15,0.001,41910,7,0.3
522124,53,156,37614,0.15,0.004,36030,7,0.3
184897,24,504,142973,0.15,0.001,59370,7,0.7
0,22,528,20495,0.15,0.004,15448,6,0.3
1593664,50,192,36430,0.15,0.004,28123,7,0.5
0,22,528,39427,0.15,0.004,34831,7,0.3
114206418,53,156,300000,0.15,0.001,148976,6,0.3
37614364,38,336,194057,0.05,0.001,80876,6,0.3
21550087,56,120,105170,0.05,0.001,78816,7,0.5
10352005,54,144,64659,0.15,0.004,35493,7,0.3
1051,23,516,21771,0.15,0.004,19357,7,0.5
8219804,53,156,64793,0.3,0.004,39131,9,0.3
22452,23,516,52926,0.05,0.001,44307,7,0.5
2546448,50,192,44185,0.15,0.004,33630,9,0.5
59636,27,468,49303,0.15,0.001,45528,9,0.7
15989231,49,204,117553,0.3,0.008,67223,18,0.5
483542,50,192,35688,0.15,0.004,31856,6,0.3
6396082,49,204,85853,0.15,0.001,54444,8,0.7
11222587,32,408,247453,0.05,0.001,123705,7,0.5
0,22,528,21630,0.3,0.004,23446,20,0.7
658932,57,108,39586,0.15,0.004,37577,9,0.3
14425,24,504,42339,0.3,0.004,33417,22,0.5
14470827,49,204,72766,0.05,0.001,36744,7,0.7
1259958,32,408,43904,0.05,0.001,29101,7,0.7
29887494,38,336,180904,0.05,0.001,103466,5,0.3
147095,34,384,45000,0.3,0.004,48461,17,0.7
17166279,59,84,113363,0.15,0.004,84420,7,0.3
3140030,48,216,75303,0.15,0.001,58429,9,0.5
856610,42,288,29059,0.15,0.001,31953,8,0.7
14348,24,504,28555,0.15,0.004,24140,6,0.5
78015475,47,228,255660,0.15,0.001,139041,9,0.7
2950110,47,228,75998,0.15,0.004,48434,8,0.7
906354,30,432,58501,0.05,0.001,40658,7,0.5
10277477,47,228,68016,0.15,0.004,51610,9,0.7
25510,25,492,25141,0.3,0.004,23563,23,0.5
130080843,59,84,208603,0.05,0.001,99643,5,0.3
24915941,50,192,71047,0.05,0.001,39502,4,0.7
42305171,51,180,147119,0.05,0.001,90761,7,0.3
672955,26,480,52160,0.15,0.004,38058,7,0.7
10890880,51,180,93109,0.15,0.001,59983,8,0.3
0,22,528,50384,0.15,0.004,34799,6,0.5
135202127,57,108,274698,0.05,0.001,146509,5,0.3
20482757,47,228,300000,0.05,0.001,167229,6,0.7
29221527,37,348,300000,0.05,0.001,140179,7,0.7
7108141,43,276,55795,0.15,0.004,41327,8,0.7
24421454,55,132,71572,0.15,0.004,42983,7,0.3
23076086,50,192,101138,0.15,0.004,79081,8,0.5
164422,37,348,37626,0.15,0.004,34877,7,0.5
6259913,40,312,89354,0.05,0.001,56787,7,0.3
510294,29,444,57073,0.15,0.001,42932,8,0.5
67986,25,492,41119,0.05,0.001,34200,7,0.7
15087212,40,312,300000,0.05,0.001,185203,7,0.5
469232,28,456,50666,0.15,0.001,31746,9,0.5
33490850,48,216,193847,0.15,0.001,122975,8,0.3
388962,28,456,37078,0.3,0.008,25862,12,0.5
4869,23,516,26967,0.3,0.004,28499,8,0.7
8252337,51,180,48661,0.15,0.004,33881,6,0.3
9106300,58,96,53281,0.15,0.004,41137,6,0.5
2937162,32,408,169890,0.05,0.001,110469,6,0.7
2529605,32,408,56598,0.05,0.001,33969,6,0.5
126167,29,444,24663,0.3,0.004,20386,16,0.7
6902707,56,120,43869,0.15,0.001,33862,8,0.3
41915932,39,324,300000,0.05,0.001,188547,4,0.5
14949247,51,180,77661,0.05,0.001,45614,5,0.5
1113533,29,444,54586,0.15,0.001,30436,6,0.7
104753736,44,264,300000,0.05,0.001,126117,7,0.5
487921,27,468,50675,0.15,0.001,28510,8,0.3
707517,49,204,42758,0.3,0.004,39587,8,0.3
6579739,35,372,215924,0.05,0.001,112935,7,0.5
8730090,37,348,122522,0.05,0.001,85940,6,0.7
3868770,36,360,109988,0.15,0.004,77738,6,0.7
11125228,44,264,98265,0.05,0.001,63416,4,0.3
39352199,39,324,140359,0.05,0.001,61189,5,0.5
270330,27,468,63696,0.05,0.001,55594,6,0.3
16676707,51,180,103538,0.05,0.001,60869,7,0.3
112659,26,480,38385,0.3,0.004,32706,13,0.5
82500,25,492,23486,0.15,0.004,17853,9,0.7
1193791,33,396,53906,0.3,0.004,37304,12,0.5
56867,24,504,43688,0.05,0.001,36847,7,0.7
323630,29,444,68605,0.15,0.004,53692,8,0.5
7246128,57,108,77310,0.3,0.008,53086,15,0.5
1627462,45,252,53753,0.15,0.004,33712,9,0.3
27863,27,468,36919,0.15,0.001,34893,6,0.3
8337464,31,420,178092,0.05,0.001,77131,4,0.5
16723194,48,216,83433,0.05,0.001,48106,4,0.3
4481800,34,384,81190,0.15,0.004,58515,9,0.5
35253666,40,312,151497,0.05,0.001,69738,7,0.3
0,22,528,54209,0.05,0.001,39768,7,0.5
901946,50,192,39217,0.3,0.004,32336,11,0.5
2136115,30,432,77740,0.05,0.001,43117,6,0.7
959055,47,228,38196,0.15,0.004,37474,6,0.3
5627296,47,228,86392,0.05,0.001,54806,6,0.5
4865,24,504,26549,0.15,0.001,25711,7,0.3
1800184,39,324,87725,0.3,0.004,54424,10,0.5
3870731,37,348,85912,0.15,0.004,68144,9,0.5
77410054,52,168,79618,0.15,0.004,50338,7,0.5
21815391,37,348,300000,0.15,0.004,138234,7,0.5
643059,24,504,100317,0.15,0.004,66285,9,0.7
389988,35,372,53097,0.3,0.008,40412,17,0.5
2799098,37,348,65920,0.05,0.001,45318,4,0.5
34930413,45,252,167551,0.05,0.001,87852,6,0.5
13125946,43,276,60611,0.15,0.004,35325,6,0.3
6646132,32,408,117454,0.05,0.001,65789,5,0.7
1527035,38,336,54367,0.05,0.001,33000,7,0.5
374179,44,264,45537,0.15,0.001,43361,7,0.5
141812585,59,84,282173,0.05,0.001,177925,5,0.3
2454027,30,432,63494,0.15,0.001,42736,9,0.7
46075643,51,180,194258,0.05,0.001,97376,5,0.3
3528890,37,348,75700,0.05,0.001,34635,7,0.5
13091833,58,96,78221,0.15,0.001,56184,8,0.3
6763761,56,120,59966,0.15,0.001,38612,9,0.3
804770,45,252,28446,0.3,0.008,28452,13,0.5
1152848,46,240,47902,0.15,0.004,43061,7,0.5
9340962,58,96,40640,0.05,0.001,32048,7,0.3
2521508,41,300,76190,0.15,0.001,52137,6,0.5
3879440,53,156,73954,0.15,0.001,48410,9,0.3
1216609,32,408,66856,0.15,0.001,41525,7,0.7
2922750,36,360,51035,0.05,0.001,32348,4,0.5
14572834,56,120,51433,0.05,0.001,32412,5,0.3
9139,23,516,23720,0.3,0.008,20544,10,0.5
1874327,34,384,64932,0.05,0.001,46444,6,0.5
506680,26,480,53500,0.05,0.001,34375,6,0.5
2924356,26,480,183655,0.05,0.001,97664,7,0.7
25726284,53,156,74488,0.05,0.001,39947,6,0.5
8762466,57,108,101815,0.15,0.004,72648,6,0.3
121104,26,480,32651,0.15,0.004,26176,8,0.7
2407548,31,420,85888,0.05,0.001,54721,7,0.7
178832209,58,96,300000,0.05,0.001,158944,6,0.5
99453014,57,108,130034,0.05,0.001,54807,7,0.3
290517,40,312,44391,0.15,0.004,44392,7,0.7
537863,29,444,53177,0.15,0.001,35102,6,0.5
8712,23,516,20000,0.3,0.008,16987,15,0.5
11413,24,504,36109,0.15,0.001,32438,6,0.3
29044752,48,216,168124,0.05,0.001,80871,5,0.3
0,22,528,21058,0.15,0.001,20922,9,0.5
8252092,34,384,96957,0.05,0.001,66859,4,0.7
7334468,37,348,161860,0.15,0.004,68180,8,0.5
7409528,48,216,74802,0.15,0.004,34899,6,0.5
8546788,41,300,175617,0.05,0.001,88207,4,0.5
536326,44,264,36399,0.3,0.008,31442,23,0.5
20992986,56,120,106298,0.15,0.004,80817,9,0.3
8218623,50,192,80425,0.3,0.008,51898,10,0.7
447785,47,228,44383,0.15,0.004,44698,6,0.7
15389113,53,156,126038,0.15,0.004,75383,7,0.5
7589471,32,408,73154,0.05,0.001,43654,7,0.7
0,22,528,23559,0.15,0.001,18465,6,0.5
116717746,50,192,193412,0.05,0.001,120219,6,0.5
14740122,40,312,142004,0.05,0.001,84937,4,0.5
7449,23,516,32174,0.15,0.001,22487,7,0.7
223754973,58,96,300000,0.15,0.004,145158,7,0.5
4127528,46,240,73962,0.05,0.001,55028,7,0.7
18059357,35,372,237985,0.05,0.001,114019,7,0.3
26738525,56,120,70216,0.15,0.004,46775,8,0.5
1493332,32,408,68464,0.3,0.004,37148,12,0.5
2454883,48,216,56073,0.15,0.004,46421,8,0.7
6650184,36,360,134783,0.15,0.001,69271,8,0.7
488543,27,468,67175,0.15,0.001,44393,6,0.5
749819,32,408,76556,0.15,0.004,48422,7,0.5
48155129,58,96,115478,0.15,0.004,77128,7,0.3
1662708,33,396,67410,0.05,0.001,53023,7,0.7
159162,35,372,28431,0.3,0.008,24651,22,0.5
16677798,53,156,91672,0.3,0.004,54705,23,0.3
567926,28,456,52985,0.05,0.001,35239,6,0.7
558550,49,204,30426,0.3,0.004,28321,10,0.3
5891389,27,468,146713,0.05,0.001,72618,7,0.7
19286596,54,144,100524,0.15,0.001,54801,8,0.3
60533,27,468,28596,0.3,0.004,25591,23,0.5
5095391,47,228,56280,0.05,0.001,41388,6,0.7
26748800,53,156,90853,0.15,0.004,45689,6,0.5
76736,28,456,20598,0.3,0.004,16498,18,0.5
67709,26,480,49876,0.15,0.001,48813,9,0.7
3120491,37,348,71614,0.05,0.001,38131,6,0.3
1004654,37,348,39869,0.3,0.008,30967,15,0.3
20056188,44,264,72568,0.05,0.001,46168,7,0.5
11183821,42,288,125850,0.05,0.001,78599,5,0.5
776448,37,348,26603,0.15,0.001,17292,6,0.7
1919264,54,144,49193,0.15,0.004,39345,6,0.3
171400,24,504,51952,0.05,0.001,37297,5,0.3
22506,23,516,69989,0.15,0.004,54790,9,0.5
1664641,37,348,63879,0.15,0.001,41494,9,0.5
550224,27,468,70039,0.15,0.001,44762,9,0.7
76172896,49,204,236187,0.05,0.001,108745,4,0.5
365068,33,396,24750,0.15,0.004,20437,6,0.3
2670597,37,348,44142,0.3,0.004,29879,20,0.5
45639627,49,204,188849,0.05,0.001,126214,7,0.3
4504362,49,204,84753,0.05,0.001,70690,5,0.3
1048138,28,456,109542,0.05,0.001,70831,5,0.7
6868506,47,228,70303,0.15,0.001,46078,6,0.3
1747333,31,420,87104,0.15,0.001,63711,6,0.7
246109,27,468,55320,0.05,0.001,37015,5,0.3
0,22,528,208714,0.05,0.001,106784,7,0.5
21070878,50,192,157219,0.3,0.004,109993,18,0.3
4037044,51,180,61066,0.15,0.004,39315,7,0.3
3920136,35,372,127772,0.05,0.001,74921,4,0.3
1485850,34,384,61251,0.3,0.008,42506,20,0.7
22594057,55,132,55048,0.3,0.004,27163,20,0.5
5323183,40,312,74123,0.05,0.001,52254,5,0.7
1722467,30,432,65590,0.15,0.001,36737,6,0.7
3997049,48,216,65051,0.15,0.004,45126,8,0.7
29455147,53,156,115344,0.15,0.004,74311,7,0.3
960621,25,492,89409,0.05,0.001,51916,5,0.7
178943,25,492,53920,0.3,0.008,37956,18,0.7
2564514,37,348,115212,0.15,0.004,90905,6,0.7
424005,45,252,45994,0.15,0.001,38259,9,0.3
98742800,55,132,300000,0.05,0.001,161941,5,0.5
6180847,49,204,72687,0.15,0.001,52990,6,0.5
96859,41,300,20000,0.15,0.001,19211,8,0.5
25765436,41,300,154638,0.15,0.004,66473,8,0.7
124476717,50,192,175036,0.05,0.001,78009,6,0.7
6856838,46,240,71867,0.05,0.001,47261,7,0.5
26846181,41,300,263574,0.05,0.001,150642,4,0.3
1737825,37,348,81049,0.3,0.004,68407,19,0.5
3434491,36,360,51121,0.15,0.001,31162,8,0.3
2973715,50,192,29226,0.15,0.001,23524,7,0.7
1428321,33,396,62215,0.15,0.001,44624,7,0.7
4102012,46,240,85582,0.15,0.004,60539,6,0.3
743560,41,300,39594,0.15,0.004,33076,8,0.5
441986,29,444,39964,0.15,0.004,34631,7,0.5
910793,31,420,57057,0.3,0.008,36057,11,0.7
16119370,46,240,136248,0.15,0.004,67944,7,0.5
18785468,47,228,209814,0.05,0.001,109696,4,0.5
49726815,42,288,135750,0.05,0.001,62862,6,0.5
33845,27,468,25688,0.3,0.008,26088,19,0.5
389186,28,456,24186,0.3,0.008,16678,21,0.5
556423,28,456,89363,0.05,0.001,68954,7,0.5
1474071,31,420,109430,0.05,0.001,67242,6,0.7
21779932,52,168,66245,0.15,0.004,38710,6,0.5
1311653,38,336,75160,0.15,0.004,53736,8,0.5
8533229,44,264,56762,0.3,0.004,38265,11,0.5
13259093,57,108,122449,0.05,0.001,76192,5,0.3
1703481,36,360,39025,0.15,0.004,29611,6,0.5
1232965,38,336,64612,0.15,0.004,44718,6,0.3
198445,26,480,32072,0.05,0.001,24933,5,0.5
5533256,57,108,77995,0.15,0.004,66639,6,0.3
221632,27,468,58873,0.15,0.001,47509,6,0.5
106840463,57,108,300000,0.05,0.001,195551,6,0.5
20275,25,492,22004,0.15,0.001,19359,7,0.5
6322278,50,192,77758,0.15,0.004,50044,7,0.5
6652492,45,252,63449,0.15,0.004,37064,8,0.5
105642541,44,264,147196,0.05,0.001,68512,5,0.3
2504308,40,312,63320,0.3,0.008,39433,17,0.3
35547,26,480,33391,0.3,0.004,37800,17,0.3
0,22,528,127760,0.05,0.001,56772,4,0.7
930607,38,336,45779,0.3,0.004,36974,21,0.3
15452726,47,228,95883,0.05,0.001,52588,5,0.7
499032,26,480,64348,0.05,0.001,50008,7,0.5
73370,31,420,26764,0.15,0.004,25247,7,0.5
0,22,528,42806,0.05,0.001,39627,4,0.3
39220366,42,288,300000,0.15,0.004,165872,6,0.3
1909432,32,408,43255,0.3,0.008,34917,8,0.5
5724270,41,300,103387,0.05,0.001,58407,4,0.3
1600170,30,432,58863,0.05,0.001,38834,4,0.7
0,22,528,64228,0.15,0.001,49268,6,0.5
154122,23,516,52563,0.05,0.001,31386,7,0.3
3758803,27,468,300000,0.05,0.001,158811,7,0.7
1108,23,516,24338,0.3,0.008,22813,23,0.5
7949022,37,348,107133,0.15,0.004,62687,6,0.7
1704677,28,456,183263,0.05,0.001,82378,6,0.5
4031850,41,300,71117,0.05,0.001,46841,7,0.5
4718775,59,84,48436,0.15,0.004,40014,7,0.5
450004,31,420,55215,0.15,0.001,40175,7,0.5
0,22,528,48892,0.05,0.001,40205,6,0.7
123936,35,372,38110,0.3,0.004,37492,11,0.5
176118,24,504,60208,0.15,0.001,31422,7,0.5
4690380,27,468,300000,0.15,0.001,168709,6,0.7
14398263,59,84,79715,0.15,0.001,48380,9,0.3
9294251,41,300,102598,0.05,0.001,55028,6,0.3
25501113,34,384,162075,0.05,0.001,75313,4,0.7
861535,33,396,67482,0.15,0.004,43945,8,0.7
274134,48,216,22736,0.3,0.008,20488,14,0.5
1260739,38,336,50829,0.15,0.001,35213,6,0.5
1383598,27,468,59475,0.05,0.001,34159,7,0.5
0,22,528,79389,0.05,0.001,52975,6,0.3
13325255,44,264,67305,0.15,0.001,39558,8,0.5
2023686,36,360,109901,0.3,0.008,58521,9,0.3
5278335,32,408,106837,0.15,0.004,69663,6,0.5
18133040,39,324,185971,0.05,0.001,113834,6,0.5
10583236,34,384,76836,0.05,0.001,52229,7,0.7
3113537,38,336,53929,0.05,0.001,32688,5,0.5
221845,31,420,28754,0.15,0.001,22257,7,0.5
4026407,56,120,64345,0.3,0.008,41427,11,0.3
2261187,41,300,42432,0.15,0.001,33232,7,0.5
384160,37,348,47639,0.15,0.001,48422,9,0.3
6646263,44,264,84787,0.3,0.008,52020,23,0.7
115913448,52,168,300000,0.15,0.001,185166,9,0.3
35386646,47,228,137330,0.05,0.001,83030,7,0.5
4347337,37,348,74598,0.3,0.008,65518,20,0.3
1001547,40,312,33377,0.15,0.001,24415,6,0.5
45193,27,468,23902,0.15,0.004,22358,7,0.5
7758132,45,252,73282,0.15,0.004,41778,6,0.7
740579,29,444,79565,0.05,0.001,64009,7,0.7
1092449,45,252,30970,0.15,0.004,23798,9,0.3
2594864,43,276,75309,0.3,0.008,58663,21,0.3
622192,29,444,54731,0.15,0.004,36408,9,0.7
428009,24,504,83933,0.05,0.001,47780,7,0.5
43057,24,504,73928,0.15,0.004,58824,9,0.5
6380,24,504,42983,0.15,0.004,50222,7,0.7
869280,42,288,46864,0.15,0.001,38567,8,0.5
252408,26,480,59620,0.15,0.004,31163,6,0.5
2171273,44,264,61430,0.15,0.001,37537,7,0.3
5251,24,504,35349,0.15,0.004,36652,8,0.5
8816075,57,108,60602,0.15,0.004,40878,7,0.3
33145949,46,240,170321,0.05,0.001,63872,4,0.3
15501438,41,300,112160,0.05,0.001,71986,4,0.5
104374,26,480,34578,0.3,0.004,28430,12,0.7
398900,25,492,89652,0.15,0.004,66993,6,0.7
9204505,45,252,85948,0.15,0.004,48332,9,0.5
1082353,29,444,52969,0.3,0.008,35791,17,0.7
6278602,48,216,90539,0.05,0.001,70720,5,0.5
439299,32,408,46089,0.15,0.004,41394,7,0.5
95970578,58,96,185786,0.15,0.004,97829,9,0.3
6079889,36,360,145596,0.15,0.001,67618,7,0.3
27518895,58,96,137028,0.15,0.001,79073,9,0.5
1907453,44,264,75374,0.15,0.001,53531,8,0.5
8475077,46,240,78977,0.15,0.001,56111,9,0.3
3807837,59,84,32908,0.15,0.001,26175,6,0.3
13942732,51,180,56024,0.15,0.004,33618,9,0.3
1269078,36,360,52957,0.15,0.004,37693,9,0.5
2822092,29,444,150563,0.05,0.001,81057,7,0.7
7376912,41,300,153153,0.05,0.001,100429,7,0.3
1482651,56,120,41773,0.15,0.004,35783,7,0.3
4863677,48,216,60920,0.3,0.004,35614,17,0.3
2492062,35,372,101669,0.05,0.001,63667,6,0.3
788076,30,432,52010,0.3,0.008,25614,11,0.5
3798365,39,324,62559,0.15,0.004,42875,6,0.3
713709,39,324,45311,0.15,0.001,43754,6,0.3
1708675,26,480,84454,0.05,0.001,57619,6,0.5
23994276,48,216,120006,0.05,0.001,70848,6,0.5
148171,40,312,25169,0.15,0.001,29385,6,0.5
10027150,46,240,176228,0.15,0.001,71706,9,0.5
4047221,49,204,72954,0.15,0.004,51350,8,0.7
24668291,49,204,89563,0.05,0.001,50876,6,0.5
9562531,40,312,115681,0.05,0.001,64324,6,0.7
88633,25,492,43559,0.3,0.004,32479,15,0.3
10912265,38,336,94794,0.15,0.004,55652,9,0.5
43248951,50,192,238507,0.05,0.001,130594,7,0.5
71060,29,444,48471,0.15,0.001,47250,9,0.5
7131500,53,156,57108,0.3,0.004,36705,17,0.5
40451,23,516,51544,0.15,0.001,33947,7,0.5
4511987,41,300,100381,0.15,0.001,59296,6,0.7
195326,24,504,52034,0.15,0.001,27823,7,0.3
2486362,35,372,54658,0.15,0.001,31644,6,0.5
3816457,38,336,87198,0.15,0.004,55796,8,0.7
536736,41,300,40710,0.05,0.001,39526,5,0.5
811767,53,156,20000,0.15,0.004,16625,6,0.5
1083322,41,300,54887,0.3,0.004,39203,9,0.7
873924,36,360,84374,0.15,0.004,73445,6,0.3
2619566,58,96,43383,0.05,0.001,40131,7,0.3
4758355,31,420,91623,0.05,0.001,50718,4,0.7
10561672,51,180,87268,0.15,0.001,51883,8,0.3
4439701,43,276,77725,0.3,0.004,51921,14,0.3
568683,47,228,48181,0.15,0.001,46328,7,0.7
20947534,50,192,112711,0.05,0.001,75631,5,0.5
14480673,54,144,132404,0.15,0.004,74808,8,0.5
28159750,57,108,170703,0.05,0.001,84356,4,0.5
8733616,33,396,122907,0.05,0.001,67446,4,0.5
4275755,32,408,87483,0.15,0.004,58559,9,0.7
2625673,39,324,72041,0.05,0.001,50610,5,0.3
3436357,26,480,178029,0.05,0.001,90065,5,0.7
2979488,27,468,86397,0.05,0.001,46616,7,0.7
1591153,27,468,108294,0.05,0.001,66987,4,0.7
1076029,28,456,59903,0.05,0.001,29180,4,0.7
34327905,50,192,113429,0.05,0.001,68902,5,0.7
11281537,33,396,236400,0.05,0.001,114078,6,0.7
16269709,44,264,132037,0.15,0.001,70298,8,0.5
12099929,31,420,106334,0.05,0.001,58145,5,0.5
266128,36,360,44821,0.05,0.001,44321,6,0.5
683329,41,300,46717,0.15,0.004,40920,7,0.5
1361169,45,252,47226,0.05,0.001,42419,6,0.7
669191,46,240,46610,0.15,0.004,46752,7,0.5
470083,30,432,41553,0.05,0.001,34921,5,0.3
545332,38,336,62258,0.15,0.001,51792,9,0.7
39828146,56,120,124087,0.05,0.001,80651,4,0.3
1844473,43,276,56953,0.15,0.001,38045,9,0.7
504280,25,492,113260,0.05,0.001,72996,7,0.5
1653008,46,240,49958,0.15,0.004,42563,9,0.5
5028443,38,336,69699,0.15,0.001,45561,6,0.3
10870779,56,120,88176,0.05,0.001,63645,6,0.3
8245919,41,300,91015,0.05,0.001,68625,5,0.5
14879325,47,228,72393,0.05,0.001,41045,4,0.5
2133625,38,336,47787,0.3,0.004,35452,16,0.5
552297,48,216,39402,0.15,0.001,41593,6,0.5
48637,29,444,45036,0.3,0.004,45581,17,0.5
7785990,55,132,143501,0.05,0.001,77847,4,0.3
3733892,42,288,54532,0.15,0.001,35038,6,0.5
300886,40,312,36301,0.3,0.004,36567,14,0.7
451878,35,372,31691,0.15,0.001,26496,7,0.5
317021,34,384,25969,0.15,0.004,23115,6,0.3
18875198,33,396,129636,0.05,0.001,54464,5,0.5
98414950,58,96,183767,0.15,0.004,109126,6,0.3
2455054,33,396,51688,0.15,0.004,30650,8,0.7
0,22,528,33951,0.05,0.001,28758,7,0.3
48171486,55,132,150218,0.05,0.001,57488,4,0.5
4994693,55,132,42157,0.3,0.008,34252,9,0.5
194615,24,504,127637,0.15,0.004,67786,6,0.3
1061620,40,312,37470,0.3,0.008,32699,22,0.3
162279917,57,108,126918,0.05,0.001,52648,7,0.3
38251371,58,96,110834,0.05,0.001,75680,4,0.3
264015,35,372,30776,0.3,0.004,26135,20,0.3
1004927,36,360,45169,0.15,0.004,36862,6,0.5
189279,29,444,34705,0.3,0.004,25206,13,0.3
102654,26,480,45423,0.3,0.004,40548,21,0.7
542811,50,192,35241,0.15,0.001,32502,7,0.5
882995,37,348,29572,0.3,0.008,20231,15,0.5
1859760,29,444,115041,0.05,0.001,68289,7,0.7
1459342,30,432,68603,0.05,0.001,42408,6,0.7
135777,27,468,24461,0.3,0.008,18027,23,0.7
77160962,47,228,173248,0.05,0.001,88955,7,0.5
241356,25,492,65933,0.05,0.001,51287,7,0.3
5169291,49,204,71583,0.15,0.004,55275,6,0.5
1338294,24,504,131838,0.05,0.001,76404,4,0.5
27666401,46,240,156824,0.15,0.001,83655,9,0.5
2332558,37,348,53432,0.15,0.004,33078,8,0.5
169128510,57,108,300000,0.05,0.001,188433,5,0.5
922748,46,240,42326,0.15,0.004,37011,6,0.5
29687088,39,324,218374,0.05,0.001,120622,6,0.5
32687,26,480,25952,0.15,0.004,24835,9,0.5
575984,30,432,91032,0.15,0.001,57543,6,0.7
8285104,40,312,225694,0.05,0.001,159715,7,0.5
358441,23,516,85371,0.05,0.001,56774,4,0.5
8021451,56,120,89834,0.15,0.001,48931,9,0.5
34516568,50,192,300000,0.05,0.001,151539,7,0.5
735016,49,204,39658,0.3,0.008,38061,8,0.5
11382184,37,348,130074,0.05,0.001,74160,5,0.5
1823806,27,468,136632,0.05,0.001,88209,5,0.7
5235,24,504,20000,0.3,0.008,15306,21,0.7
3151525,47,228,57921,0.05,0.001,42410,4,0.5
266819,51,180,26341,0.3,0.004,26948,9,0.3
364159,40,312,20000,0.15,0.001,16198,9,0.7
3833037,47,228,60149,0.3,0.008,39598,17,0.5
163984,36,360,36267,0.3,0.008,36112,8,0.7
7761500,36,360,99551,0.05,0.001,63457,7,0.7
184864,38,336,38045,0.3,0.004,36840,22,0.3
4970675,42,288,126787,0.05,0.001,77124,5,0.5
97231,23,516,61106,0.15,0.004,40678,6,0.3
39144,23,516,81383,0.3,0.004,48343,14,0.3
1643379,24,504,300000,0.05,0.001,193144,7,0.5
4962888,43,276,81570,0.15,0.001,44341,6,0.5
18388961,58,96,46084,0.3,0.004,33172,12,0.3
1759875,30,432,80437,0.15,0.001,55367,7,0.7
23591510,44,264,178856,0.3,0.004,108350,11,0.3
812432,32,408,64577,0.15,0.004,37917,7,0.7
4363366,34,384,59230,0.05,0.001,30570,7,0.7
34358285,43,276,181337,0.15,0.004,89898,8,0.5
30096361,36,360,216898,0.05,0.001,94719,5,0.5
1035532,54,144,48490,0.3,0.004,49585,16,0.3
41854394,57,108,192478,0.05,0.001,113306,7,0.5
975938,34,384,57856,0.15,0.001,33236,6,0.7
1635551,43,276,98651,0.15,0.004,78999,6,0.3
7265617,41,300,103586,0.15,0.004,62874,9,0.3
6701249,53,156,81944,0.05,0.001,58272,4,0.3
5968460,56,120,37476,0.15,0.001,32533,9,0.3
668799,36,360,45863,0.15,0.004,35053,9,0.5
5066635,32,408,102947,0.05,0.001,67901,4,0.7
42155315,54,144,244166,0.15,0.004,106474,8,0.5
4295969,58,96,73706,0.15,0.004,42509,9,0.3
43074704,59,84,92203,0.05,0.001,59943,5,0.3
17627079,49,204,72299,0.15,0.004,39917,8,0.5
582517,29,444,39284,0.15,0.004,32554,9,0.7
9752874,58,96,81608,0.15,0.004,62674,6,0.3
1558726,41,300,67082,0.15,0.004,50118,9,0.7
37686954,58,96,129675,0.05,0.001,68122,5,0.3
26924862,43,276,163346,0.05,0.001,98730,4,0.7
140012,33,396,23937,0.3,0.004,24753,21,0.5
3313559,51,180,52698,0.15,0.004,35423,8,0.3
1055034,29,444,88925,0.15,0.001,58270,7,0.5
4569491,37,348,84209,0.15,0.001,42612,9,0.3
7665670,47,228,300000,0.15,0.004,192301,9,0.7
681640,38,336,30836,0.15,0.001,23904,6,0.5
15100970,52,168,93136,0.15,0.004,67654,7,0.3
1984665,33,396,63848,0.15,0.004,38924,8,0.7
0,22,528,108973,0.15,0.001,89756,6,0.5
0,22,528,49120,0.05,0.001,34730,4,0.3
186018168,57,108,300000,0.05,0.001,146030,7,0.3
6975945,44,264,97645,0.15,0.004,60032,8,0.5
2924306,52,168,56441,0.15,0.004,43459,7,0.5
136608083,53,156,245363,0.05,0.001,164993,5,0.5
23802666,48,216,117977,0.15,0.001,58490,7,0.5
283916,27,468,29532,0.3,0.008,21061,14,0.5
1222313,30,432,69547,0.05,0.001,38078,7,0.5
2599893,37,348,78492,0.15,0.004,44125,6,0.7
0,22,528,68821,0.05,0.001,51489,5,0.3
23515510,52,168,115434,0.15,0.001,62225,8,0.3
978344,33,396,64818,0.05,0.001,43310,7,0.5
9807076,47,228,140556,0.05,0.001,82536,7,0.7
1204646,45,252,47795,0.15,0.001,33199,7,0.3
106660502,58,96,121402,0.05,0.001,73409,5,0.5
6030931,29,444,178622,0.05,0.001,94381,5,0.7
3224533,26,480,116516,0.05,0.001,71618,7,0.7
368251,28,456,51210,0.15,0.001,39612,6,0.5
3104993,40,312,99269,0.15,0.004,59945,8,0.5
188510,37,348,36643,0.15,0.004,38251,7,0.3
1239298,56,120,49191,0.15,0.004,49958,7,0.3
11749632,29,444,201845,0.05,0.001,86558,6,0.7
276081,25,492,55079,0.05,0.001,40384,4,0.5
3769159,39,324,91812,0.05,0.001,53928,6,0.5
15739912,39,324,145170,0.05,0.001,55065,7,0.3
2500895,38,336,52090,0.15,0.004,30104,6,0.5
6891730,44,264,121486,0.05,0.001,53197,5,0.3
93388934,50,192,300000,0.05,0.001,188796,4,0.5
717191,29,444,64248,0.15,0.004,47235,6,0.7
35784155,37,348,126118,0.05,0.001,58696,5,0.7
3740462,52,168,47538,0.15,0.004,39298,7,0.3
21333111,38,336,248259,0.05,0.001,141347,6,0.5
583244,42,288,34023,0.15,0.001,31254,9,0.5
7519185,38,336,112011,0.05,0.001,70458,4,0.5
24484214,41,300,300000,0.05,0.001,173781,4,0.5
572482,25,492,300000,0.15,0.001,151630,6,0.7
101847,27,468,57040,0.15,0.001,46191,6,0.5
1160680,32,408,32891,0.15,0.004,21804,6,0.7
1070255,27,468,134343,0.05,0.001,72735,5,0.7
8738153,39,324,122706,0.05,0.001,56330,7,0.5
1475622,57,108,20000,0.15,0.001,18226,9,0.3
64099,24,504,32587,0.05,0.001,25170,7,0.5
6199313,41,300,62727,0.3,0.004,32069,8,0.3
996637,31,420,41173,0.15,0.004,35699,9,0.7
18615461,42,288,300000,0.05,0.001,168408,6,0.7
518024,27,468,74192,0.05,0.001,56958,5,0.7
846035,30,432,86006,0.05,0.001,49880,4,0.5
1052233,40,312,41249,0.15,0.004,34158,8,0.5
485307,46,240,39346,0.3,0.008,40587,20,0.5
6639866,54,144,53957,0.15,0.004,30289,6,0.3
4592346,46,240,34096,0.15,0.004,24055,6,0.5
9971270,35,372,88991,0.15,0.001,63596,6,0.7
94641,25,492,51029,0.15,0.001,39471,8,0.3
41491425,52,168,51081,0.05,0.001,35679,7,0.3
692068,36,360,39204,0.15,0.004,29274,6,0.3
76238,24,504,56161,0.05,0.001,35050,6,0.7
147054,26,480,40292,0.15,0.004,34017,6,0.3
103583610,45,252,129435,0.05,0.001,63736,4,0.3
4168687,45,252,57303,0.3,0.004,43723,15,0.5
115015238,58,96,166634,0.05,0.001,79002,5,0.3
7636745,47,228,69042,0.05,0.001,42276,7,0.5
28240004,53,156,118869,0.05,0.001,84014,5,0.3
73578222,51,180,270639,0.05,0.001,115935,4,0.3
3714998,43,276,64947,0.15,0.004,56130,9,0.5
295582,39,324,33548,0.3,0.008,34095,14,0.5
7282932,52,168,76269,0.3,0.008,39715,18,0.3
6061382,39,324,71885,0.15,0.001,47559,6,0.3
1031165,32,408,60271,0.05,0.001,34757,4,0.7
40782,23,516,61652,0.15,0.004,42181,7,0.3
2117154,40,312,53787,0.15,0.004,45815,8,0.3
14515853,57,108,72381,0.15,0.001,45154,7,0.3
8111377,43,276,113233,0.15,0.004,69204,8,0.5
12252137,37,348,171443,0.05,0.001,84748,6,0.7
5938700,40,312,61934,0.15,0.001,31169,6,0.7
119701,32,408,34414,0.15,0.001,32003,8,0.7
3069291,35,372,100282,0.05,0.001,63368,4,0.7
127300096,50,192,240228,0.05,0.001,130042,6,0.3
34746180,53,156,217192,0.15,0.001,148308,9,0.5
511204,28,456,41602,0.15,0.001,30286,8,0.7
3505914,53,156,76201,0.3,0.004,42801,23,0.5
2676384,42,288,59097,0.15,0.001,35660,9,0.3
28142306,56,120,110894,0.3,0.004,68493,14,0.3
219455,39,324,35460,0.15,0.001,32458,7,0.7
13485688,46,240,80350,0.3,0.004,45100,12,0.5
1009396,34,384,46131,0.15,0.001,38990,9,0.7
1444533,57,108,48053,0.3,0.008,47453,9,0.5
147329,29,444,31963,0.3,0.004,29415,18,0.5
19692087,54,144,96840,0.15,0.004,72972,8,0.3
0,22,528,300000,0.05,0.001,117670,6,0.3
8304584,46,240,63987,0.05,0.001,36413,7,0.3
399212,51,180,34852,0.15,0.001,32634,7,0.3
832044,29,444,54725,0.15,0.004,32666,6,0.5
130807,28,456,35008,0.3,0.004,30431,12,0.5
8732429,44,264,150949,0.05,0.001,71694,4,0.7
12993959,44,264,122761,0.05,0.001,78724,4,0.5
25519538,54,144,82709,0.15,0.004,43133,7,0.5
7806001,41,300,73301,0.15,0.001,43721,9,0.5
2554429,36,360,80672,0.05,0.001,49076,5,0.7
5924363,47,228,80598,0.15,0.004,58661,7,0.5
427683,59,84,44423,0.3,0.004,41566,18,0.3
158521,25,492,28921,0.15,0.004,24401,7,0.5
36947,23,516,86777,0.15,0.004,70012,6,0.3
3329773,51,180,60274,0.15,0.004,46756,9,0.3
1062703,34,384,51857,0.15,0.001,42005,9,0.5
1398641,43,276,42441,0.3,0.004,32177,18,0.5
10640156,46,240,83922,0.15,0.004,58237,7,0.3
20439966,44,264,112267,0.05,0.001,76855,7,0.3
113228145,51,180,300000,0.05,0.001,166072,6,0.3
11501965,43,276,159422,0.05,0.001,101710,4,0.5
2298355,55,132,81541,0.3,0.008,64075,20,0.3
926589,26,480,78857,0.3,0.008,37795,15,0.7
1358209,55,132,34843,0.15,0.004,28327,9,0.3
165819,26,480,43759,0.15,0.004,33843,8,0.5
106354,27,468,43309,0.3,0.004,33809,22,0.7
4649630,38,336,54401,0.05,0.001,32421,6,0.3
9456213,58,96,89740,0.05,0.001,72173,6,0.5
11887309,54,144,72306,0.15,0.001,39072,6,0.3
273588,30,432,48683,0.15,0.004,43979,6,0.3
11268458,44,264,82554,0.05,0.001,45538,5,0.3
78505,27,468,34943,0.15,0.004,33329,8,0.7
3622771,45,252,42445,0.15,0.004,31584,9,0.3
2433554,51,180,46784,0.15,0.004,40303,6,0.5
176339,25,492,43304,0.15,0.004,35736,9,0.3
201796,48,216,22819,0.05,0.001,21864,4,0.5
143580,32,408,39018,0.15,0.001,32762,7,0.3
175105,25,492,90801,0.05,0.001,74625,5,0.5
10418372,45,252,85839,0.15,0.004,51385,6,0.5
11831070,57,108,57827,0.3,0.004,36176,16,0.3
176027319,52,168,235791,0.05,0.001,98524,4,0.3
162366,28,456,48543,0.05,0.001,46025,5,0.3
9322054,37,348,300000,0.15,0.004,177361,9,0.3
1120484,45,252,39193,0.15,0.001,35461,6,0.3
6708203,41,300,119830,0.15,0.004,77413,9,0.7
0,22,528,32780,0.3,0.004,31174,19,0.5
6178198,43,276,114870,0.05,0.001,99779,7,0.5
5643152,43,276,79623,0.15,0.004,62684,7,0.5
20892707,55,132,83238,0.05,0.001,52806,7,0.3
6015449,44,264,73000,0.3,0.004,43287,9,0.5
9516162,51,180,100732,0.3,0.008,56364,17,0.3
4282843,36,360,68099,0.15,0.001,41075,6,0.5
855265,31,420,52461,0.05,0.001,31965,6,0.7
25591765,48,216,300000,0.05,0.001,183712,4,0.5
13942702,43,276,118369,0.15,0.004,76342,8,0.3
147431,23,516,123767,0.05,0.001,67672,5,0.5
2818679,45,252,49425,0.15,0.004,34435,6,0.7
2021674,44,264,45357,0.15,0.004,38062,6,0.7
19596914,59,84,93144,0.15,0.001,60233,7,0.5
3686062,48,216,63514,0.15,0.004,41974,6,0.5
6387399,43,276,105863,0.15,0.001,70831,6,0.3
9482353,43,276,188052,0.05,0.001,100045,4,0.3
36613965,52,168,71544,0.15,0.004,38514,9,0.3
763892,26,480,71355,0.05,0.001,45147,7,0.7
3436786,44,264,53715,0.15,0.001,34858,9,0.3
10811014,37,348,134296,0.05,0.001,89073,7,0.5
4991070,42,288,75940,0.3,0.004,43277,16,0.5
89155069,52,168,300000,0.15,0.001,149980,6,0.5
2510958,44,264,28244,0.15,0.004,20790,8,0.3
4914630,39,324,57236,0.15,0.001,42296,9,0.5
741237,33,396,43482,0.15,0.004,37579,8,0.7
39902533,41,300,300000,0.05,0.001,163886,4,0.3
12750586,50,192,162183,0.15,0.004,80048,8,0.7
40406,25,492,49170,0.15,0.004,46533,7,0.5
29176405,46,240,148444,0.15,0.001,94448,9,0.5
0,22,528,58684,0.05,0.001,45009,7,0.5
20718653,57,108,118728,0.05,0.001,77098,7,0.5
3355655,41,300,89098,0.15,0.004,53065,9,0.7
92881,30,432,27552,0.3,0.004,27885,17,0.7
23025,23,516,24851,0.15,0.004,17565,7,0.5
32539616,54,144,94599,0.15,0.004,70911,8,0.3
844345,38,336,31448,0.3,0.008,25078,8,0.7
5076463,49,204,39563,0.05,0.001,32493,6,0.7
44031517,55,132,178260,0.05,0.001,81657,4,0.5
3824403,35,372,300000,0.15,0.004,118898,9,0.5
155347071,52,168,254405,0.05,0.001,124030,7,0.5
4166724,42,288,57759,0.15,0.004,39481,9,0.5
2778323,28,456,75561,0.05,0.001,43560,4,0.5
5349494,38,336,105529,0.05,0.001,51944,6,0.5
6219183,55,132,31947,0.15,0.004,23544,6,0.3
135666,32,408,39163,0.15,0.004,34637,6,0.5
17935803,45,252,82604,0.05,0.001,54518,5,0.3
7773660,49,204,78427,0.05,0.001,48161,5,0.7
20296314,38,336,241898,0.05,0.001,159649,4,0.5
653816,50,192,48008,0.15,0.001,44894,6,0.7
867652,25,492,60144,0.05,0.001,34838,7,0.7
363410,28,456,61285,0.05,0.001,45911,4,0.5
12409100,46,240,68904,0.15,0.001,40884,8,0.3
13470203,33,396,163485,0.05,0.001,71901,6,0.7
4203888,36,360,66535,0.05,0.001,43213,5,0.5
108256933,58,96,168298,0.05,0.001,94205,7,0.5
122285814,53,156,178038,0.05,0.001,84219,7,0.3
5762829,45,252,102151,0.05,0.001,76922,6,0.3
208174,32,408,23477,0.3,0.004,18775,12,0.5
13170391,47,228,102131,0.05,0.001,68767,7,0.3
413737,35,372,42524,0.05,0.001,37373,7,0.7
1798077,36,360,57266,0.15,0.004,49595,7,0.5
2050293,36,360,76058,0.15,0.004,46320,6,0.7
10127780,50,192,28779,0.15,0.004,19675,7,0.5
87097167,58,96,167100,0.05,0.001,116061,6,0.3
8593604,57,108,63641,0.15,0.004,52932,8,0.3
6118435,49,204,87414,0.15,0.004,49952,6,0.5
0,22,528,28743,0.15,0.004,20513,7,0.3
32702144,43,276,178158,0.05,0.001,73530,5,0.7
23214863,39,324,150527,0.05,0.001,66019,7,0.5
13766713,53,156,79433,0.05,0.001,52571,7,0.3
32559577,52,168,275210,0.05,0.001,198176,4,0.5
15911881,50,192,52145,0.3,0.004,28311,16,0.7
86043440,42,288,275559,0.05,0.001,142863,7,0.3
13402744,55,132,161477,0.15,0.004,99720,8,0.3
303546,39,324,35524,0.15,0.004,29453,8,0.3
111049897,47,228,214174,0.05,0.001,94084,7,0.5
19767303,35,372,300000,0.15,0.004,155597,9,0.5
65058,29,444,34854,0.15,0.004,34694,6,0.3
25647813,51,180,104573,0.15,0.001,77377,6,0.3
248781,24,504,300000,0.15,0.001,177263,9,0.3
9069504,35,372,121245,0.05,0.001,47981,4,0.7
4184178,41,300,66425,0.05,0.001,46700,5,0.5
33176811,48,216,119240,0.05,0.001,56285,4,0.5
3348368,36,360,61693,0.3,0.004,38908,14,0.3
12743100,58,96,103694,0.05,0.001,76049,4,0.3
18002462,44,264,142005,0.05,0.001,70012,7,0.5
159874,31,420,41997,0.15,0.004,41775,8,0.5
24268217,42,288,181649,0.05,0.001,87283,5,0.7
27946075,45,252,273358,0.15,0.004,141823,8,0.5
78043433,55,132,96893,0.15,0.004,63744,7,0.5
728844,34,384,43954,0.15,0.004,29754,9,0.7
25154946,45,252,128160,0.15,0.001,74055,6,0.3
300964,33,396,46768,0.05,0.001,42038,5,0.3
274719,27,468,48723,0.05,0.001,42239,6,0.3
7628018,45,252,86224,0.15,0.004,55055,8,0.7
38715779,48,216,158170,0.15,0.004,92022,8,0.3
2264250,33,396,98145,0.15,0.001,73035,9,0.7
729522,34,384,42983,0.15,0.004,31274,9,0.7
13666082,53,156,69765,0.05,0.001,43183,4,0.3
18768231,47,228,300000,0.05,0.001,132785,7,0.5
36984370,54,144,109563,0.05,0.001,63347,4,0.3
303697,24,504,83025,0.05,0.001,55447,5,0.5
561233,27,468,75718,0.15,0.004,45751,7,0.5
32597793,58,96,116053,0.05,0.001,59054,4,0.5
33699011,46,240,148175,0.05,0.001,93054,6,0.5
2079531,30,432,54542,0.15,0.001,39835,6,0.7
124129475,59,84,300000,0.15,0.001,169741,8,0.3
373998,33,396,35389,0.15,0.004,30692,6,0.7
14569265,51,180,83223,0.15,0.004,52782,9,0.5
12112817,41,300,136293,0.15,0.004,67475,7,0.5
35217477,41,300,300000,0.05,0.001,160724,5,0.7
461028,25,492,91294,0.05,0.001,59145,7,0.3
76333638,55,132,234188,0.05,0.001,134421,4,0.3
46629217,48,216,116105,0.05,0.001,59444,4,0.5
5670942,37,348,139636,0.15,0.004,82984,9,0.3
5528163,51,180,73500,0.05,0.001,41659,5,0.3
59951,28,456,29614,0.3,0.004,29860,18,0.3
25636239,58,96,153880,0.05,0.001,86544,6,0.3
488093,30,432,39395,0.15,0.001,31742,6,0.5
6555404,45,252,63687,0.05,0.001,42369,5,0.5
0,22,528,24642,0.3,0.004,20948,21,0.5
103709159,55,132,300000,0.05,0.001,141367,4,0.5
2821096,38,336,52858,0.15,0.004,27181,9,0.5
4351682,52,168,39169,0.15,0.001,31571,7,0.5
169350,39,324,35657,0.15,0.004,32831,8,0.5
6529457,34,384,66930,0.15,0.001,38178,6,0.5
32371,24,504,50141,0.05,0.001,38448,7,0.3
1956548,50,192,43705,0.15,0.001,37613,8,0.5
441392,26,480,51435,0.3,0.004,32512,18,0.7
62382,25,492,30063,0.15,0.001,24655,7,0.7
6995278,44,264,72191,0.05,0.001,49327,6,0.5
1065598,30,432,75217,0.05,0.001,42864,6,0.5
25085,27,468,20000,0.15,0.001,18651,6,0.3
31544346,52,168,102871,0.15,0.001,66738,9,0.3
199084,26,480,39844,0.15,0.004,33770,9,0.5
576786,29,444,50985,0.05,0.001,30418,4,0.7
5647671,32,408,152799,0.05,0.001,75912,5,0.7
2577641,42,288,71746,0.15,0.004,38892,8,0.3
5528066,36,360,233784,0.05,0.001,155572,5,0.5
3946380,28,456,158788,0.05,0.001,65329,5,0.7
29109188,48,216,159841,0.05,0.001,94597,5,0.7
19754415,32,408,300000,0.3,0.008,138441,21,0.7
24845351,42,288,161205,0.05,0.001,120908,6,0.7
13186124,43,276,135253,0.05,0.001,64279,7,0.3
22505666,39,324,201796,0.05,0.001,77196,5,0.5
35004307,59,84,72855,0.15,0.001,38714,7,0.3
14144497,49,204,102156,0.15,0.004,67805,7,0.3
7051019,37,348,101417,0.05,0.001,65351,6,0.7
1122286,41,300,49610,0.15,0.001,43553,9,0.5
1197747,27,468,117332,0.05,0.001,81486,4,0.7
69868,23,516,51734,0.15,0.001,32092,9,0.5
3418433,59,84,111465,0.15,0.004,103102,7,0.5
1140498,43,276,48578,0.3,0.004,39318,16,0.7
14020031,54,144,59049,0.15,0.004,33659,7,0.3
282734,45,252,35596,0.3,0.008,34365,8,0.3
165679,36,360,48122,0.15,0.004,45620,7,0.3
7220361,55,132,61677,0.05,0.001,44588,5,0.3
196703,35,372,37815,0.3,0.004,35346,22,0.5
21136,25,492,33989,0.3,0.008,32085,15,0.5
218392,26,480,32921,0.05,0.001,28136,7,0.5
39696529,42,288,245285,0.05,0.001,155437,5,0.5
142918429,52,168,263734,0.05,0.001,160424,4,0.5
97724,24,504,60600,0.15,0.001,43021,9,0.3
9398063,52,168,63273,0.3,0.004,44509,14,0.3
2985074,39,324,88116,0.05,0.001,61696,6,0.3
5026753,47,228,75480,0.3,0.008,42926,13,0.3
11421409,34,384,125693,0.05,0.001,76141,5,0.7
32105543,53,156,161304,0.05,0.001,98631,6,0.3
0,22,528,23865,0.3,0.008,21638,19,0.3
18284943,42,288,126066,0.15,0.004,52986,6,0.7
9624098,55,132,59206,0.15,0.001,37246,8,0.3
1250738,26,480,103529,0.05,0.001,53282,4,0.7
2663602,43,276,46672,0.3,0.008,36731,18,0.3
2566058,32,408,67563,0.05,0.001,41997,4,0.5
29062643,43,276,203613,0.05,0.001,102233,6,0.3
575526,37,348,46893,0.15,0.001,43163,8,0.5
1158592,43,276,27095,0.3,0.004,24153,14,0.5
107636808,48,216,300000,0.15,0.004,145895,6,0.5
5595664,45,252,64576,0.15,0.001,33747,8,0.3
8763642,46,240,79988,0.15,0.004,54276,6,0.3
4277030,52,168,40855,0.3,0.008,34386,18,0.3
8556452,40,312,116628,0.05,0.001,74700,7,0.3
4254758,55,132,109743,0.05,0.001,69653,6,0.3
1251070,46,240,42737,0.3,0.008,35927,10,0.5
999572,55,132,33824,0.15,0.004,29759,8,0.3
100134243,54,144,219032,0.05,0.001,140082,4,0.3
12658775,57,108,60429,0.15,0.001,41284,6,0.3
20939839,46,240,108798,0.05,0.001,71952,7,0.5
374511,35,372,44087,0.3,0.008,40509,11,0.5
621262,26,480,61661,0.05,0.001,35570,4,0.7
6497964,45,252,55915,0.3,0.004,31660,20,0.5
37815786,53,156,290238,0.05,0.001,122235,4,0.5
95522,29,444,34751,0.15,0.004,29275,6,0.5
17662630,50,192,54231,0.3,0.008,35357,21,0.3
3952509,38,336,55563,0.05,0.001,36009,4,0.5
518942,25,492,76675,0.05,0.001,58909,6,0.7
16032171,38,336,118726,0.05,0.001,68085,4,0.3
46531652,52,168,300000,0.15,0.004,177910,9,0.3
191133,26,480,31355,0.15,0.004,22367,7,0.5
1207079,25,492,176573,0.05,0.001,72459,7,0.7
2613623,31,420,62270,0.3,0.008,32051,20,0.7
24447077,47,228,104739,0.05,0.001,82356,6,0.3
41003279,56,120,121736,0.05,0.001,85652,4,0.5
300165,39,324,37298,0.3,0.004,31439,12,0.5
8293098,48,216,82850,0.05,0.001,54116,6,0.5
8440204,50,192,69811,0.05,0.001,49445,6,0.3
15380972,38,336,114814,0.05,0.001,66453,6,0.7
75012031,53,156,120080,0.15,0.001,49409,6,0.3
5059656,35,372,143974,0.05,0.001,64819,6,0.5
15754,27,468,20000,0.15,0.001,19496,6,0.3
1109277,25,492,204853,0.05,0.001,136817,6,0.7
55153,23,516,66213,0.15,0.004,33032,6,0.3
315905,33,396,32603,0.15,0.004,28556,6,0.7
16743446,54,144,129795,0.05,0.001,79302,7,0.3
1104156,32,408,33951,0.05,0.001,25064,4,0.7
1518267,32,408,63919,0.05,0.001,34563,4,0.7
3362271,34,384,54803,0.05,0.001,38868,5,0.7
66998767,52,168,168370,0.05,0.001,69967,7,0.5
1486753,59,84,45741,0.15,0.004,41849,7,0.5
12867711,36,360,136011,0.05,0.001,64671,7,0.3
42309271,47,228,300000,0.15,0.001,183699,9,0.3
22264596,38,336,300000,0.3,0.004,172434,23,0.5
23125322,57,108,74753,0.15,0.004,44924,6,0.3
5686,23,516,32753,0.15,0.001,28978,8,0.3
6584813,40,312,160834,0.05,0.001,100064,4,0.5
3183803,48,216,44861,0.3,0.004,36159,11,0.3
0,22,528,62462,0.05,0.001,40776,5,0.5
47744,28,456,25420,0.15,0.004,24531,6,0.7
17701982,53,156,75074,0.05,0.001,50988,4,0.3
1075153,36,360,40808,0.15,0.001,31134,9,0.5
5645596,41,300,85941,0.05,0.001,62147,4,0.7
1698403,33,396,52338,0.15,0.004,33346,9,0.5
1936423,27,468,173579,0.05,0.001,98063,5,0.7
19431487,44,264,109452,0.05,0.001,62852,4,0.5
34800736,55,132,300000,0.15,0.001,139184,9,0.3
10972875,58,96,77837,0.3,0.004,47643,9,0.3
11266832,51,180,112367,0.15,0.004,69074,9,0.5
1967990,35,372,50294,0.15,0.001,34543,8,0.7
8672117,44,264,91525,0.15,0.001,52787,9,0.5
275060,27,468,23197,0.15,0.004,17789,6,0.7
304630,27,468,78605,0.05,0.001,52393,7,0.3
2507937,38,336,40725,0.15,0.004,28721,6,0.7
45493586,58,96,300000,0.15,0.001,151868,6,0.3
23053977,54,144,136718,0.05,0.001,84797,6,0.5
74581,28,456,27454,0.3,0.004,24454,15,0.3
1494778,31,420,68907,0.05,0.001,44613,7,0.5
9011726,48,216,83735,0.05,0.001,51513,6,0.5
8956294,49,204,98439,0.15,0.001,64419,7,0.5
135541836,57,108,121698,0.05,0.001,56235,7,0.3
4233792,36,360,83616,0.05,0.001,55966,6,0.5
7666207,46,240,62526,0.15,0.004,38873,7,0.5
0,22,528,41954,0.15,0.004,41534,8,0.5
1909784,47,228,100699,0.3,0.008,67456,12,0.7
5394499,29,444,126358,0.05,0.001,75046,6,0.7
552844,33,396,35615,0.15,0.004,30311,7,0.5
7409480,40,312,57137,0.15,0.004,32691,7,0.3
18655285,43,276,220209,0.05,0.001,102705,7,0.5
95792,28,456,26922,0.3,0.008,24103,14,0.3
124293394,56,120,228852,0.05,0.001,120066,5,0.3
20244296,44,264,148654,0.05,0.001,71371,5,0.5
10803987,42,288,181728,0.05,0.001,80088,5,0.5
222444,44,264,20397,0.3,0.004,21197,17,0.7
514726,23,516,300000,0.15,0.004,125799,7,0.7
66826203,56,120,268272,0.05,0.001,137546,4,0.5
945658,57,108,26159,0.3,0.004,25964,20,0.3
80626,29,444,36992,0.15,0.001,38176,9,0.3
170833,31,420,41734,0.15,0.001,35955,9,0.7
4388900,53,156,39042,0.05,0.001,33748,5,0.5
7553183,43,276,126909,0.05,0.001,68875,5,0.5
6754181,56,120,56717,0.3,0.008,45369,15,0.3
11389895,48,216,66813,0.15,0.001,34054,7,0.5
3467027,44,264,108881,0.3,0.004,79652,8,0.7
10895486,45,252,76702,0.15,0.004,51779,6,0.7
3690247,41,300,81685,0.05,0.001,45134,7,0.7
0,22,528,41052,0.05,0.001,43999,7,0.5
2934193,39,324,56009,0.15,0.001,33014,7,0.3
37609450,55,132,300000,0.05,0.001,226050,5,0.3
42556545,54,144,120098,0.15,0.004,48132,6,0.3
2380434,42,288,58948,0.15,0.001,39583,9,0.5
5765702,57,108,75670,0.15,0.004,48978,9,0.5
46573745,44,264,290545,0.05,0.001,163554,4,0.7
16614,26,480,20000,0.15,0.001,16670,7,0.3
1200854,33,396,71863,0.15,0.004,52847,6,0.7
22213150,49,204,300000,0.05,0.001,204103,7,0.5
5475687,46,240,71532,0.05,0.001,46034,5,0.5
53592,29,444,68258,0.3,0.004,65419,16,0.3
16032161,33,396,300000,0.05,0.001,177312,5,0.5
794765,24,504,217841,0.05,0.001,101115,7,0.7
10511504,39,324,223604,0.05,0.001,98430,4,0.5
22513100,42,288,266256,0.05,0.001,176133,7,0.5
167146,33,396,20000,0.15,0.001,18095,7,0.5
44981,24,504,30277,0.15,0.001,24062,6,0.3
102439941,56,120,124623,0.05,0.001,52862,5,0.3
1437077,30,432,56418,0.05,0.001,34222,6,0.7
24236984,53,156,112367,0.15,0.001,90025,9,0.3
166714509,53,156,300000,0.05,0.001,146325,6,0.3
16751395,32,408,300000,0.15,0.001,136821,9,0.7
220984,28,456,35558,0.15,0.004,31548,6,0.3
30165379,56,120,67107,0.15,0.001,46450,8,0.3
7053506,44,264,71071,0.05,0.001,50818,7,0.5
1369359,51,180,47222,0.15,0.001,44865,9,0.5
7275216,58,96,64155,0.15,0.001,32412,9,0.3
4159844,48,216,50598,0.15,0.001,34062,7,0.5
7772130,54,144,76861,0.3,0.004,55985,11,0.5
81735417,57,108,179180,0.15,0.001,78170,7,0.5
45510,25,492,24421,0.15,0.001,21084,8,0.5
3131930,59,84,40127,0.3,0.008,30303,12,0.5
2287748,40,312,92203,0.05,0.001,62719,7,0.3
2207081,46,240,95261,0.15,0.004,72308,7,0.3
0,22,528,39870,0.15,0.004,36209,9,0.5
384049,23,516,132244,0.05,0.001,73036,6,0.5
524492,58,96,45117,0.15,0.001,43359,6,0.3
6746262,37,348,142755,0.05,0.001,68718,6,0.7
5594631,42,288,104501,0.15,0.001,61630,7,0.5
30154846,47,228,264303,0.05,0.001,139816,4,0.3
3443016,34,384,69592,0.3,0.008,36968,10,0.7
1310585,32,408,76585,0.3,0.008,48319,11,0.7
1283577,33,396,72505,0.05,0.001,44614,4,0.7
8111,23,516,56598,0.05,0.001,40988,5,0.3
1704315,51,180,46051,0.3,0.008,39549,15,0.5
358898,36,360,36579,0.3,0.004,33311,11,0.5
555691,36,360,45807,0.15,0.001,40170,7,0.7
2773623,48,216,44635,0.3,0.008,34573,22,0.3
5772732,41,300,68349,0.15,0.004,45935,9,0.3
3329472,52,168,42879,0.15,0.004,35449,6,0.3
164871,24,504,101714,0.05,0.001,58372,4,0.3
6338482,38,336,133798,0.05,0.001,83710,4,0.7
4449306,41,300,87274,0.05,0.001,57673,7,0.3
131607963,54,144,192153,0.05,0.001,87678,7,0.3
30312819,57,108,154237,0.15,0.001,91171,9,0.3
11071164,41,300,61413,0.3,0.008,32508,20,0.7
97515596,57,108,160787,0.05,0.001,79740,7,0.5
2010735,46,240,36458,0.15,0.004,28085,7,0.5
8024429,42,288,84851,0.15,0.004,52323,8,0.7
161920,24,504,77863,0.15,0.001,44733,8,0.5
199038,26,480,43827,0.15,0.001,35279,7,0.3
157840,29,444,44702,0.15,0.004,40174,7,0.5
15328920,38,336,171735,0.05,0.001,90795,5,0.3
8344998,50,192,171394,0.15,0.004,126662,8,0.3
8291105,44,264,73322,0.15,0.001,48101,9,0.3
1989493,35,372,85045,0.15,0.004,50363,8,0.7
1526881,27,468,124927,0.05,0.001,59513,5,0.7
1263908,28,456,99498,0.05,0.001,68425,7,0.7
3003665,27,468,300000,0.15,0.004,130083,8,0.7
529331,54,144,31910,0.15,0.001,32807,6,0.3
476549,26,480,58306,0.05,0.001,33306,5,0.3
67106,36,360,20000,0.15,0.001,20449,8,0.5
0,22,528,26949,0.15,0.001,21660,6,0.5
1522135,43,276,53731,0.15,0.004,34803,7,0.5
0,22,528,59096,0.3,0.004,39190,15,0.5
676413,38,336,41291,0.3,0.008,32348,15,0.5
25183035,54,144,300000,0.3,0.008,136250,17,0.5
18636844,45,252,102808,0.15,0.004,77291,9,0.3
113224,27,468,29766,0.3,0.008,19455,13,0.3
8926293,42,288,106049,0.05,0.001,72695,7,0.5
1945503,40,312,56027,0.15,0.004,28140,8,0.5
66933238,55,132,122771,0.05,0.001,44881,4,0.3
1455847,33,396,103220,0.05,0.001,80114,4,0.5
151537902,54,144,300000,0.05,0.001,140169,6,0.3
1371941,57,108,54116,0.3,0.004,44346,12,0.5
15761375,56,120,127922,0.05,0.001,66992,5,0.5
48449455,52,168,158651,0.15,0.004,98880,9,0.5
3676332,50,192,59957,0.15,0.004,45016,9,0.5
2853295,37,348,96826,0.15,0.001,59064,8,0.5
141458,33,396,23056,0.15,0.004,21060,7,0.5
0,22,528,131408,0.05,0.001,66125,6,0.7
590526,52,168,41364,0.3,0.004,38888,17,0.5
725233,29,444,85322,0.05,0.001,67390,5,0.7
45950833,52,168,157606,0.05,0.001,114486,5,0.5
120550,23,516,66876,0.05,0.001,37445,4,0.7
46870,23,516,60318,0.15,0.004,40244,9,0.3
1651946,33,396,44517,0.05,0.001,34314,5,0.7
4131033,51,180,85493,0.15,0.004,59321,9,0.5
1743062,55,132,40521,0.3,0.004,40951,14,0.5
458353,29,444,51410,0.05,0.001,37301,5,0.5
6812520,44,264,78397,0.05,0.001,42179,5,0.5
1079703,38,336,68664,0.15,0.001,39079,6,0.7
9751990,40,312,96925,0.05,0.001,69470,6,0.3
30815566,46,240,106324,0.05,0.001,76688,5,0.7
165409,33,396,29261,0.3,0.004,24974,21,0.5
101653,26,480,25095,0.15,0.001,17388,6,0.5
0,22,528,37491,0.15,0.001,27851,8,0.7
27245159,52,168,111550,0.15,0.001,71191,7,0.3
7233203,54,144,63452,0.05,0.001,42550,5,0.3
12650134,51,180,101430,0.15,0.004,72792,6,0.5
407882,42,288,23683,0.3,0.004,21159,21,0.5
12534923,54,144,51371,0.15,0.004,32194,9,0.5
863271,32,408,49155,0.3,0.004,40545,14,0.7
17791543,59,84,69711,0.3,0.004,39005,13,0.3
2283598,37,348,55855,0.3,0.004,38290,11,0.5
57798,31,420,33617,0.3,0.008,32026,23,0.3
904731,31,420,48372,0.15,0.004,34615,6,0.5
649093,27,468,45978,0.05,0.001,32073,6,0.7
5329634,52,168,89814,0.05,0.001,67993,6,0.3
1371125,32,408,45196,0.15,0.001,34880,9,0.7
68515274,58,96,193848,0.15,0.004,99518,6,0.3
49795658,50,192,96070,0.3,0.004,62230,8,0.5
6945711,55,132,50802,0.15,0.004,27024,9,0.3
6620326,55,132,74366,0.3,0.004,60733,17,0.3
2871128,40,312,102925,0.15,0.004,82375,8,0.3
2242387,33,396,78342,0.05,0.001,37816,6,0.7
126353536,59,84,141879,0.05,0.001,65896,7,0.3
4784125,42,288,74383,0.05,0.001,52927,6,0.5
1060642,41,300,45184,0.15,0.001,32744,7,0.3
24153875,59,84,66498,0.05,0.001,38072,7,0.3
13967441,42,288,206093,0.05,0.001,98834,4,0.7
29137331,46,240,118791,0.05,0.001,73662,6,0.3
882694,31,420,56156,0.05,0.001,44085,7,0.7
38488446,43,276,300000,0.3,0.004,144307,22,0.7
704207,35,372,38708,0.15,0.004,34121,9,0.5
15706471,42,288,215342,0.05,0.001,139655,5,0.7
1354964,31,420,76858,0.3,0.004,56650,10,0.7
33457095,48,216,189005,0.05,0.001,91230,6,0.5
8034301,41,300,76899,0.15,0.001,43946,7,0.5
35056656,43,276,124626,0.05,0.001,56260,5,0.3
9848013,30,432,174541,0.05,0.001,97501,4,0.7
14452651,41,300,151035,0.15,0.004,66688,8,0.3
715473,47,228,29866,0.15,0.004,25309,9,0.5
279177,30,432,36139,0.3,0.008,27174,21,0.3
100088046,55,132,74312,0.05,0.001,49729,5,0.5
35565622,53,156,86451,0.15,0.004,49455,6,0.5
427275,25,492,120105,0.05,0.001,75980,4,0.5
6031804,33,396,136963,0.05,0.001,78062,4,0.7
12743809,55,132,42153,0.3,0.008,29984,22,0.3
2223260,36,360,108201,0.15,0.004,83167,7,0.5
1423800,33,396,65049,0.3,0.008,43002,12,0.7
12429402,46,240,51552,0.15,0.004,29491,9,0.3
6988615,47,228,69779,0.15,0.004,42125,8,0.3
49412887,58,96,141014,0.05,0.001,83647,5,0.5
56234,24,504,85074,0.3,0.008,60297,23,0.5
31915044,53,156,300000,0.15,0.004,146939,6,0.3
37527452,58,96,99853,0.05,0.001,55454,7,0.5
43925923,59,84,112568,0.05,0.001,69815,6,0.3
2039794,33,396,73222,0.15,0.001,43524,7,0.7
8209589,55,132,73661,0.3,0.004,48893,10,0.3
17973096,57,108,113690,0.05,0.001,95263,6,0.3
0,22,528,36548,0.3,0.004,35926,13,0.7
4453337,57,108,31417,0.3,0.008,24831,20,0.3
12658064,34,384,300000,0.15,0.004,152847,8,0.7
21746539,56,120,143777,0.05,0.001,99761,4,0.3
2613626,43,276,51529,0.3,0.008,32968,16,0.5
168704,29,444,32820,0.05,0.001,28701,7,0.3
334506,34,384,40939,0.15,0.001,35044,9,0.3
2031316,43,276,69287,0.3,0.004,53148,19,0.5
238605,36,360,33529,0.3,0.004,28219,20,0.7
13727675,43,276,108466,0.05,0.001,71110,6,0.5
1344585,33,396,76577,0.15,0.004,43992,6,0.7
19830095,55,132,42155,0.15,0.004,32313,9,0.3
634640,33,396,38666,0.15,0.004,27586,9,0.7
4022929,57,108,44708,0.15,0.004,38716,6,0.3
0,22,528,85116,0.05,0.001,59532,7,0.5
0,22,528,32108,0.3,0.008,28061,9,0.7
0,22,528,45622,0.05,0.001,45106,4,0.5
6070813,36,360,115550,0.05,0.001,73615,7,0.7
251893872,53,156,262659,0.05,0.001,151563,6,0.5
3223319,38,336,76917,0.05,0.001,60081,6,0.5
510090,23,516,161215,0.05,0.001,88429,6,0.5
11483,23,516,32195,0.3,0.004,24225,10,0.5
10715689,45,252,60013,0.15,0.001,25630,7,0.5
1010702,25,492,112696,0.05,0.001,68002,5,0.5
7223587,47,228,81554,0.3,0.004,50701,11,0.7
2680328,35,372,74864,0.05,0.001,57259,4,0.3
4291425,51,180,69871,0.15,0.001,39130,7,0.3
19585443,52,168,58559,0.15,0.001,30783,7,0.3
6391564,36,360,146779,0.05,0.001,95134,7,0.3
2790612,41,300,51000,0.15,0.004,38190,8,0.5
118585,26,480,20000,0.15,0.004,14961,9,0.3
10403654,36,360,107689,0.05,0.001,63985,6,0.5
1473235,46,240,37634,0.15,0.004,26524,6,0.5
131105,30,432,34969,0.05,0.001,29359,7,0.3
0,22,528,26365,0.3,0.004,22264,20,0.3
1381511,54,144,58468,0.3,0.008,49564,12,0.5
9200690,39,324,104275,0.15,0.001,57188,8,0.5
9139224,49,204,300000,0.3,0.004,189616,9,0.5
10316668,48,216,111234,0.05,0.001,91125,6,0.7
263567,29,444,78415,0.05,0.001,60882,7,0.3
1378264,32,408,75630,0.15,0.004,58571,9,0.7
1203613,41,300,75002,0.3,0.008,49090,22,0.5
2047919,33,396,61279,0.15,0.004,40808,6,0.5
104347739,50,192,135864,0.05,0.001,75929,7,0.3
1463135,25,492,300000,0.15,0.004,120637,6,0.7
7526247,36,360,128105,0.05,0.001,65944,5,0.7
2328667,53,156,41780,0.15,0.001,34965,6,0.3
476900,32,408,52971,0.15,0.001,42941,8,0.5
1057525,27,468,91160,0.15,0.004,68318,7,0.7
483161,26,480,82804,0.05,0.001,55454,7,0.3
0,22,528,49417,0.15,0.004,42077,9,0.7
2037962,32,408,87711,0.05,0.001,49654,6,0.5
46710928,54,144,77766,0.15,0.004,42362,6,0.3
8537769,42,288,95869,0.05,0.001,55365,4,0.3
6482,24,504,25676,0.3,0.008,26988,9,0.5
5555646,43,276,73765,0.3,0.004,45855,8,0.5
48898055,59,84,109589,0.15,0.001,78874,7,0.3
24896806,37,348,300000,0.05,0.001,147361,4,0.7
473325,44,264,34484,0.15,0.004,28775,7,0.7
3874022,44,264,107235,0.05,0.001,71245,7,0.5
996477,30,432,61743,0.05,0.001,32957,7,0.5
14194112,59,84,90204,0.3,0.004,58600,20,0.5
1711707,34,384,56374,0.15,0.001,33152,6,0.7
468127,32,408,42482,0.05,0.001,35039,7,0.5
5584166,28,456,300000,0.05,0.001,170867,7,0.7
587929,32,408,35995,0.15,0.001,27167,8,0.7
21432162,50,192,176471,0.05,0.001,116457,6,0.5
16228269,36,360,148294,0.05,0.001,84082,4,0.3
10312872,41,300,82689,0.05,0.001,51238,7,0.5
35980528,57,108,96815,0.05,0.001,45991,7,0.5
25873370,46,240,149965,0.05,0.001,90579,6,0.5
38707,24,504,58101,0.15,0.001,47551,9,0.5
14012323,55,132,111024,0.15,0.004,77305,9,0.3
0,22,528,55216,0.15,0.004,34661,9,0.7
7883045,48,216,65577,0.05,0.001,39410,6,0.5
32531324,47,228,124462,0.15,0.004,49662,6,0.7
106424,26,480,31166,0.3,0.004,22633,20,0.3
28006073,50,192,81408,0.15,0.004,63802,7,0.5
17239,25,492,28096,0.15,0.001,26329,6,0.5
4548708,27,468,300000,0.05,0.001,180749,7,0.5
7496578,44,264,57582,0.05,0.001,38060,7,0.5
15960753,57,108,91958,0.15,0.001,51922,9,0.3
1211974,55,132,37445,0.3,0.008,39190,20,0.5
20374524,50,192,62940,0.15,0.001,29405,9,0.5
25515543,50,192,98775,0.05,0.001,65784,4,0.5
1724959,40,312,77961,0.3,0.004,49013,17,0.5
10691350,37,348,150598,0.05,0.001,103904,5,0.7
7149521,58,96,53125,0.05,0.001,33674,4,0.3
40579580,51,180,144121,0.05,0.001,80180,4,0.3
320359,27,468,74096,0.05,0.001,43736,6,0.7
0,22,528,104735,0.3,0.008,55719,13,0.5
21242980,58,96,100420,0.05,0.001,69018,4,0.3
675953,30,432,43460,0.05,0.001,31554,6,0.7
82088,26,480,26363,0.15,0.001,23471,9,0.7
3387520,43,276,81783,0.05,0.001,61153,5,0.5
14362681,53,156,68079,0.05,0.001,57040,7,0.3
2063280,40,312,76131,0.3,0.008,44699,18,0.5
457205,27,468,44275,0.15,0.001,29714,7,0.3
5821425,40,312,67897,0.05,0.001,46171,4,0.5
6025229,39,324,300000,0.15,0.001,234482,9,0.3
0,22,528,20000,0.15,0.004,15343,8,0.5
0,22,528,118229,0.15,0.004,84050,8,0.5
0,22,528,20000,0.15,0.001,13284,8,0.7
1148606,32,408,69971,0.05,0.001,50478,4,0.7
12531021,50,192,104379,0.05,0.001,77060,6,0.5
26728609,47,228,153315,0.05,0.001,86426,7,0.5
29522751,43,276,300000,0.15,0.004,123319,9,0.3
1718383,47,228,66601,0.3,0.004,55383,21,0.7
694146,31,420,45831,0.3,0.004,36471,13,0.7
203839,27,468,31194,0.15,0.004,26325,8,0.5
11611424,37,348,121039,0.15,0.001,57928,7,0.5
2479884,45,252,79532,0.05,0.001,53401,4,0.3
2324771,35,372,103760,0.05,0.001,72071,4,0.7
30784862,56,120,145579,0.15,0.001,97287,7,0.3
3963157,51,180,115346,0.15,0.004,68725,8,0.3
14745862,37,348,128095,0.05,0.001,52310,5,0.3
6563491,46,240,77299,0.15,0.004,47340,7,0.5
13018585,46,240,126701,0.05,0.001,73876,6,0.3
2576018,49,204,37286,0.15,0.004,26196,6,0.3
23414551,44,264,261390,0.05,0.001,170179,6,0.3
1766491,41,300,58716,0.3,0.004,47408,19,0.7
5390915,33,396,89370,0.05,0.001,54540,5,0.7
1350280,38,336,31727,0.3,0.004,26044,9,0.5
264044,26,480,30468,0.15,0.004,19646,7,0.5
1325087,54,144,43521,0.15,0.004,38994,9,0.3
75681,30,432,20000,0.3,0.008,17725,19,0.7
21974085,58,96,77973,0.15,0.004,44519,8,0.3
20569742,46,240,300000,0.3,0.004,149876,16,0.5
1836876,35,372,73639,0.15,0.001,50207,6,0.5
11457922,45,252,127505,0.05,0.001,79040,4,0.7
484056,51,180,44216,0.15,0.001,40695,8,0.5
510551,37,348,43249,0.15,0.004,40223,7,0.3
332824,38,336,32611,0.15,0.001,29005,7,0.5
896928,39,324,106681,0.05,0.001,104322,7,0.5
156882,26,480,30219,0.3,0.004,23055,14,0.5
29384,25,492,20426,0.15,0.004,18183,8,0.3
5431796,52,168,69728,0.05,0.001,49916,6,0.5
11284239,53,156,65615,0.05,0.001,34130,7,0.3
40349,23,516,67727,0.15,0.004,34832,7,0.5
12178297,52,168,75362,0.05,0.001,55067,4,0.3
4270368,59,84,55470,0.15,0.001,47563,8,0.3
5047748,36,360,112912,0.15,0.004,71780,8,0.5
7190197,49,204,86568,0.15,0.001,54842,8,0.3
26043370,52,168,79494,0.15,0.001,52898,6,0.3
6526468,37,348,127506,0.05,0.001,59980,7,0.5
4652143,47,228,89568,0.05,0.001,56658,5,0.7
7587970,36,360,117694,0.05,0.001,69490,6,0.5
3779682,27,468,300000,0.05,0.001,170346,4,0.7
3210593,53,156,79714,0.05,0.001,52070,6,0.3
139670477,53,156,200458,0.05,0.001,92274,6,0.3
16864188,59,84,75131,0.05,0.001,47429,4,0.5
86224046,59,84,136325,0.05,0.001,59854,5,0.3
3193587,32,408,71407,0.05,0.001,39490,4,0.7
14137803,51,180,99748,0.05,0.001,58317,4,0.5
215077,27,468,41418,0.3,0.004,33505,19,0.5
6119809,38,336,180714,0.05,0.001,98996,5,0.3
185465,33,396,38884,0.3,0.008,32413,12,0.5
245703,30,432,43406,0.15,0.001,38843,7,0.5
1701010,35,372,92990,0.05,0.001,55493,6,0.3
10045765,30,432,166251,0.05,0.001,72414,4,0.5
90229917,52,168,139875,0.15,0.004,61838,9,0.5
793543,31,420,59578,0.05,0.001,43571,4,0.7
22155279,51,180,50988,0.3,0.004,36863,17,0.5
2638798,59,84,49302,0.3,0.004,41047,12,0.3
3731446,43,276,51564,0.15,0.004,42193,9,0.5
150318892,58,96,237591,0.05,0.001,102995,6,0.5
43992152,55,132,166684,0.05,0.001,105446,4,0.3
394124,35,372,37992,0.15,0.001,30377,6,0.5
3053162,59,84,25972,0.3,0.008,23818,10,0.5
680453,27,468,50577,0.15,0.001,33304,7,0.5
8825356,45,252,73193,0.15,0.004,45325,9,0.7
438195,28,456,38198,0.15,0.001,31819,9,0.7
26749060,54,144,129940,0.05,0.001,77504,6,0.3
287950,28,456,45929,0.3,0.004,34920,20,0.3
741646,26,480,112495,0.05,0.001,73698,4,0.7
138216098,58,96,140344,0.05,0.001,75757,5,0.3
97437,29,444,39314,0.15,0.001,41290,8,0.7
2857286,43,276,79417,0.05,0.001,57020,5,0.7
4095107,58,96,52331,0.15,0.001,38850,6,0.3
628464,35,372,63643,0.05,0.001,55367,7,0.5
10444722,56,120,59626,0.15,0.001,31065,9,0.3
20211205,52,168,94562,0.3,0.004,48228,19,0.3
38022,24,504,50018,0.3,0.004,29819,23,0.7
462259,36,360,45690,0.15,0.001,41668,8,0.5
36116006,51,180,116524,0.15,0.004,78828,8,0.3
21684063,58,96,72877,0.3,0.008,36824,12,0.5
57563,27,468,39163,0.3,0.004,36179,9,0.3
450926,44,264,42539,0.15,0.004,40473,9,0.3
62445303,47,228,300000,0.05,0.001,129781,5,0.3
29493137,50,192,140218,0.05,0.001,91152,7,0.5
5020284,52,168,97317,0.15,0.004,76106,7,0.5
796733,28,456,60307,0.05,0.001,37640,7,0.5
1009270,59,84,34123,0.15,0.001,34813,7,0.5
3109095,49,204,30660,0.15,0.001,25159,9,0.3
90318039,44,264,300000,0.05,0.001,157780,7,0.5
34188863,42,288,191599,0.05,0.001,115807,6,0.7
272312,33,396,33732,0.15,0.004,26797,6,0.5
162311,33,396,20000,0.3,0.004,16006,22,0.5
39743,24,504,28011,0.15,0.001,24367,8,0.5
16782375,52,168,102391,0.05,0.001,68185,4,0.3
2848851,34,384,85842,0.15,0.001,43988,9,0.7
101860748,55,132,186393,0.15,0.004,114598,7,0.3
20511255,59,84,95932,0.15,0.004,56180,8,0.5
52462,30,432,20000,0.15,0.004,17135,6,0.3
325413,30,432,36615,0.15,0.001,30695,8,0.7
5084847,42,288,51093,0.15,0.001,36418,7,0.5
26375590,42,288,300000,0.05,0.001,158551,5,0.7
19324480,56,120,60666,0.15,0.004,31176,6,0.3
6805417,58,96,58415,0.15,0.001,42826,8,0.5
2480674,47,228,71871,0.05,0.001,55731,5,0.7
51734,32,408,20000,0.15,0.004,19487,8,0.5
1580503,37,348,45580,0.05,0.001,36931,6,0.5
26788681,53,156,114148,0.15,0.001,66971,9,0.3
85756271,54,144,300000,0.05,0.001,123124,7,0.5
14835298,42,288,67774,0.05,0.001,41188,6,0.7
23333276,54,144,114063,0.05,0.001,65730,5,0.3
11680582,49,204,86620,0.15,0.001,53323,7,0.3
105007712,53,156,300000,0.3,0.004,135780,17,0.3
3846381,28,456,122303,0.15,0.001,60489,7,0.5
1870989,57,108,29858,0.15,0.004,29584,8,0.5
3191763,56,120,36899,0.15,0.001,28287,6,0.5
33214938,40,312,256873,0.05,0.001,153732,5,0.3
9093864,41,300,144660,0.15,0.004,84908,7,0.5
649996,27,468,72040,0.05,0.001,50231,5,0.7
562476,39,324,48012,0.3,0.008,40678,15,0.5
1916572,33,396,76595,0.15,0.004,49106,6,0.7
56877,26,480,22840,0.15,0.004,19697,7,0.5
30547464,43,276,204378,0.05,0.001,109847,7,0.5
1768850,54,144,49651,0.15,0.004,40553,6,0.3
1703684,34,384,86133,0.05,0.001,65369,4,0.5
3386980,42,288,70358,0.3,0.004,50733,14,0.5
1202403,34,384,87893,0.15,0.004,75399,9,0.7
11009889,59,84,77283,0.15,0.004,60345,7,0.3
38370,36,360,22053,0.15,0.004,22199,9,0.5
5232548,58,96,59307,0.15,0.004,37902,8,0.3
23396564,45,252,165934,0.05,0.001,79461,6,0.3
4893677,46,240,66775,0.3,0.004,44857,16,0.3
2626909,25,492,151637,0.05,0.001,87212,5,0.5
990985,31,420,50263,0.05,0.001,36355,6,0.7
95034442,43,276,300000,0.05,0.001,180369,6,0.5
344663,30,432,39370,0.15,0.001,35188,9,0.3
13640502,46,240,87893,0.15,0.001,54951,8,0.5
3350751,32,408,99563,0.05,0.001,53372,7,0.7
9776708,35,372,207628,0.05,0.001,124235,5,0.5
8362875,58,96,63563,0.15,0.001,40347,9,0.3
29054111,58,96,98602,0.15,0.001,47789,9,0.3
265350,31,420,52071,0.15,0.001,41917,7,0.5
599481,36,360,38933,0.15,0.004,33996,8,0.7
7345930,36,360,156191,0.05,0.001,67021,7,0.3
2566564,58,96,45922,0.15,0.004,41495,7,0.3
381095,28,456,73419,0.05,0.001,53451,4,0.7
265800,28,456,55999,0.15,0.004,41324,6,0.5
1826838,28,456,58541,0.15,0.004,37441,7,0.7
236374161,54,144,245651,0.05,0.001,103954,5,0.3
1414532,40,312,41180,0.3,0.004,30980,22,0.5
76485,30,432,38076,0.15,0.001,34855,9,0.5
9743482,58,96,80646,0.15,0.004,47964,8,0.5
3044148,26,480,300000,0.3,0.004,143519,13,0.7
10322673,52,168,90831,0.05,0.001,58882,7,0.3
1437983,30,432,82264,0.05,0.001,51602,5,0.5
5518779,54,144,86435,0.15,0.004,54012,8,0.5
169503724,58,96,300000,0.05,0.001,146889,6,0.5
1166906,25,492,123320,0.05,0.001,46718,6,0.7
4591449,47,228,70950,0.3,0.008,40641,9,0.7
3188235,43,276,52284,0.3,0.008,37089,13,0.3
9349387,37,348,102598,0.05,0.001,63290,4,0.5
105098928,52,168,300000,0.15,0.004,124626,6,0.5
758576,56,120,32548,0.15,0.004,35699,8,0.3
15110089,52,168,83680,0.15,0.001,63576,9,0.3
60077,35,372,21274,0.15,0.004,22489,9,0.5
2883732,28,456,103405,0.05,0.001,49116,7,0.7
22640466,48,216,77405,0.05,0.001,46219,7,0.5
5269085,59,84,63862,0.15,0.004,44713,8,0.5
9678540,49,204,85300,0.05,0.001,63488,5,0.5
493381,58,96,40033,0.15,0.004,41315,6,0.3
310211,33,396,25465,0.15,0.004,20058,8,0.5
8944320,52,168,60396,0.3,0.004,42809,20,0.3
7867014,48,216,65148,0.15,0.004,39352,9,0.3
288297,31,420,23441,0.15,0.001,15429,7,0.5
27901,24,504,35714,0.15,0.001,33665,8,0.7
71375,23,516,84770,0.05,0.001,55717,4,0.3
1864436,43,276,94231,0.05,0.001,85321,6,0.7
1046112,41,300,37323,0.3,0.004,35217,13,0.3
18052498,44,264,121074,0.05,0.001,59365,5,0.5
2184642,37,348,89038,0.3,0.004,59958,17,0.5
39767965,51,180,189916,0.05,0.001,98365,4,0.5
17800047,46,240,98928,0.05,0.001,69207,5,0.7
1452646,49,204,30604,0.15,0.004,24797,9,0.5
72562,23,516,50878,0.05,0.001,33256,7,0.3
384764,25,492,93847,0.15,0.001,61182,9,0.3
6266890,59,84,78866,0.15,0.004,47285,7,0.3
4910015,42,288,97937,0.05,0.001,70787,7,0.7
5364395,43,276,81708,0.05,0.001,58921,7,0.7
2391950,51,180,33430,0.3,0.004,28942,18,0.3
19027962,45,252,129830,0.05,0.001,82365,6,0.7
2197440,40,312,59953,0.15,0.001,37760,7,0.7
283506,41,300,39566,0.15,0.004,37491,6,0.3
6525021,53,156,60109,0.3,0.008,36489,21,0.3
1055913,37,348,74243,0.3,0.008,58113,23,0.5
11751436,50,192,73948,0.3,0.008,48101,23,0.3
106779645,53,156,300000,0.05,0.001,183251,7,0.3
1562393,51,180,27604,0.15,0.001,22333,6,0.3
490933,35,372,45546,0.15,0.004,41029,7,0.5
11926097,43,276,300000,0.15,0.001,176386,8,0.3
16241220,34,384,300000,0.15,0.004,157708,8,0.5
18145609,48,216,125981,0.15,0.004,55089,7,0.5
45383790,48,216,161496,0.05,0.001,84318,6,0.5
25457215,54,144,166466,0.05,0.001,87145,4,0.5
74619539,52,168,142464,0.05,0.001,74741,5,0.3
391336,41,300,20000,0.3,0.008,18285,18,0.5
0,22,528,29655,0.15,0.001,29731,6,0.5
11943455,40,312,121762,0.15,0.004,63930,8,0.3
670814,29,444,61588,0.05,0.001,42809,7,0.7
8394,26,480,20000,0.3,0.004,19233,14,0.5
9809552,59,84,63612,0.15,0.004,45269,8,0.3
35673071,59,84,80291,0.15,0.004,57839,9,0.5
13357943,53,156,91198,0.15,0.004,59207,8,0.3
18734419,48,216,163524,0.05,0.001,97377,6,0.7
10040095,43,276,100366,0.05,0.001,57855,5,0.3
3123969,44,264,81782,0.3,0.004,48231,17,0.5
2155635,28,456,93032,0.05,0.001,55118,4,0.7
36158097,52,168,204916,0.15,0.004,125202,8,0.3
560864,35,372,50001,0.15,0.001,32499,8,0.3
101655487,48,216,300000,0.15,0.001,164027,7,0.3
23953587,56,120,81182,0.15,0.004,48556,7,0.3
9078184,49,204,114180,0.05,0.001,81424,7,0.5
9773536,59,84,62776,0.3,0.008,37583,22,0.3
65930,23,516,71481,0.15,0.004,43573,7,0.3
27673275,44,264,110788,0.05,0.001,54775,5,0.7
42718871,59,84,74193,0.15,0.004,38984,8,0.5
37967947,55,132,109859,0.05,0.001,58880,4,0.3
22035815,48,216,176393,0.05,0.001,110688,4,0.3
12869696,48,216,81633,0.05,0.001,50990,5,0.7
747267,26,480,89178,0.05,0.001,58752,4,0.5
6515363,41,300,58672,0.15,0.001,39080,6,0.3
26927287,58,96,140067,0.15,0.004,64336,9,0.5
2157044,43,276,61087,0.3,0.008,41766,16,0.7
6741799,50,192,96480,0.15,0.004,64002,9,0.3
1567445,29,444,51151,0.15,0.004,28201,7,0.7
2185930,41,300,53434,0.15,0.001,42986,7,0.5
3428468,33,396,77102,0.3,0.004,45835,17,0.5
25124268,56,120,132603,0.15,0.001,73889,8,0.3
30213889,49,204,154813,0.05,0.001,72094,7,0.3
24727141,32,408,300000,0.05,0.001,132109,7,0.5
305624885,59,84,172347,0.05,0.001,90020,5,0.3
20512,25,492,33176,0.15,0.004,32374,6,0.5
1346019,34,384,105442,0.05,0.001,75521,6,0.5
31028377,50,192,123106,0.15,0.004,52791,8,0.5
16093647,52,168,116102,0.15,0.004,85946,6,0.3
11954726,57,108,69508,0.15,0.004,50093,7,0.3
6578651,54,144,86434,0.15,0.001,63737,9,0.3
15532635,52,168,108637,0.05,0.001,53129,5,0.3
7379919,55,132,73949,0.05,0.001,45712,6,0.3
1999955,47,228,45674,0.15,0.004,40002,7,0.7
137457,26,480,40091,0.15,0.004,31594,8,0.5
214196193,54,144,278905,0.05,0.001,124103,6,0.3
1888005,29,444,81302,0.3,0.008,54063,12,0.7
3010211,28,456,113822,0.05,0.001,76461,4,0.7
9834,23,516,47819,0.05,0.001,40820,6,0.3
12976414,49,204,60365,0.15,0.001,36313,6,0.3
74413,28,456,22106,0.3,0.004,18649,20,0.5
557607,32,408,27445,0.3,0.004,19835,23,0.7
215706,23,516,134849,0.05,0.001,87695,5,0.7
7094810,43,276,85893,0.15,0.004,53048,8,0.7
1197649,43,276,65046,0.3,0.008,55248,22,0.5
1861497,56,120,51507,0.3,0.004,41284,9,0.3
2405872,36,360,59297,0.3,0.008,42770,15,0.3
1453984,35,372,64283,0.3,0.008,42413,19,0.3
40515,23,516,56083,0.05,0.001,42271,7,0.5
9034170,30,432,244797,0.05,0.001,158026,7,0.5
3601697,59,84,55287,0.15,0.004,29824,8,0.3
2302046,32,408,54024,0.15,0.004,36446,6,0.7
1532357,31,420,90413,0.15,0.004,58739,9,0.5
95733,24,504,73049,0.15,0.004,55494,7,0.3
1755706,52,168,45291,0.15,0.001,43077,8,0.5
0,22,528,26746,0.15,0.004,17819,7,0.7
5583700,55,132,70150,0.05,0.001,63806,7,0.3
47599,26,480,20000,0.15,0.004,15802,6,0.3
2250273,31,420,64242,0.05,0.001,34981,4,0.7
0,22,528,30260,0.15,0.001,19950,6,0.5
9367910,48,216,99566,0.15,0.004,60487,7,0.5
896785,29,444,64516,0.15,0.004,40002,9,0.5
193416,35,372,24311,0.15,0.004,21378,6,0.5
24090748,48,216,124739,0.05,0.001,80588,5,0.5
5326869,33,396,131118,0.05,0.001,57680,7,0.7
31423396,52,168,148900,0.15,0.001,73641,8,0.5
13065320,30,432,300000,0.05,0.001,154468,4,0.7
42139952,41,300,300000,0.05,0.001,126018,7,0.3
54629921,55,132,126625,0.15,0.001,85180,8,0.5
10692340,49,204,81755,0.15,0.001,51147,7,0.5
7448311,52,168,79211,0.05,0.001,54596,4,0.5
18845998,55,132,75752,0.3,0.004,42536,19,0.3
4406481,29,444,202660,0.05,0.001,114311,7,0.5
0,22,528,79991,0.05,0.001,43275,4,0.5
10743000,57,108,54029,0.05,0.001,30629,7,0.5
4476380,36,360,54270,0.15,0.004,28215,7,0.5
171905,48,216,35397,0.15,0.001,36374,7,0.7
46965979,54,144,172668,0.05,0.001,82220,6,0.3
4735118,42,288,81181,0.05,0.001,66478,7,0.3
624853,43,276,44550,0.3,0.008,43312,15,0.5
10278500,39,324,155908,0.05,0.001,83607,6,0.5
35493,29,444,20000,0.15,0.004,19139,8,0.5
12015811,44,264,86845,0.05,0.001,54172,4,0.5
19376472,51,180,85486,0.15,0.001,58416,6,0.3
3006017,55,132,46434,0.05,0.001,36119,4,0.3
361133,26,480,71433,0.05,0.001,47335,7,0.3
29926353,35,372,217413,0.05,0.001,114163,6,0.5
109030114,49,204,300000,0.05,0.001,127996,5,0.3
8317847,51,180,50439,0.05,0.001,35427,4,0.3
16761868,39,324,83543,0.05,0.001,50657,4,0.5
25461125,44,264,148256,0.05,0.001,91161,4,0.7
7488345,47,228,53497,0.05,0.001,35786,4,0.7
8299594,56,120,96257,0.05,0.001,74370,7,0.3
10518001,46,240,78360,0.15,0.001,48865,9,0.3
1750348,33,396,107956,0.15,0.001,63120,9,0.7
111736,29,444,21098,0.15,0.001,16612,6,0.3
2312247,54,144,32344,0.15,0.001,27068,8,0.3
21254656,53,156,98874,0.05,0.001,62984,7,0.3
83030617,44,264,229869,0.05,0.001,128931,6,0.5
2838939,42,288,56670,0.05,0.001,36403,5,0.3
1284827,26,480,75211,0.15,0.004,35908,7,0.7
4821354,33,396,86525,0.15,0.001,53265,8,0.5
20809708,42,288,135696,0.05,0.001,79076,7,0.3
186700,29,444,37762,0.3,0.004,34019,20,0.7
34875656,52,168,105117,0.15,0.001,60887,6,0.3
1576691,36,360,53087,0.15,0.004,32581,6,0.5
70181,36,360,23555,0.3,0.008,22566,23,0.5
319182,26,480,59227,0.15,0.001,39848,9,0.3
68731020,40,312,230400,0.05,0.001,139603,5,0.7
9850962,51,180,65432,0.3,0.004,47968,23,0.3
9168790,58,96,64093,0.15,0.004,41720,6,0.3
285515,26,480,71521,0.3,0.008,53533,23,0.5
30255217,57,108,59522,0.3,0.004,45808,22,0.3
110425658,59,84,150130,0.05,0.001,77726,4,0.5
75517225,57,108,95863,0.15,0.004,63692,8,0.3
1215536,25,492,169888,0.05,0.001,105315,6,0.7
82379,25,492,27284,0.3,0.008,21633,23,0.5
1074063,33,396,61597,0.15,0.001,45736,9,0.5
44042489,55,132,136994,0.15,0.001,77415,7,0.5
5182150,38,336,89617,0.15,0.001,48913,9,0.7
13032863,52,168,97751,0.05,0.001,68746,6,0.3
838990,32,408,83161,0.15,0.001,59134,7,0.5
1813712,37,348,62200,0.15,0.004,47558,6,0.5
83376776,53,156,215300,0.05,0.001,114099,7,0.5
10145568,43,276,103575,0.05,0.001,65591,5,0.7
0,22,528,37889,0.15,0.004,32107,6,0.3
140498,28,456,42946,0.05,0.001,39017,6,0.5
508862,25,492,95815,0.15,0.004,58301,8,0.7
4275084,48,216,55836,0.15,0.001,35699,7,0.5
4100341,36,360,64304,0.05,0.001,36417,6,0.5
11952780,52,168,158522,0.15,0.001,71435,8,0.3
1136024,23,516,300000,0.05,0.001,129533,7,0.7
42551,26,480,38962,0.15,0.001,37659,8,0.3
23786995,45,252,120974,0.15,0.001,46358,9,0.7
9009102,43,276,174480,0.05,0.001,91111,6,0.7
2117287,34,384,85189,0.15,0.001,57964,6,0.7
670970,26,480,85655,0.15,0.004,49850,7,0.7
1573188,34,384,77171,0.05,0.001,58702,6,0.7
28195000,52,168,93246,0.05,0.001,53713,6,0.3
1502186,31,420,63429,0.05,0.001,40137,5,0.7
6848525,54,144,62087,0.15,0.004,39874,8,0.3
33469609,41,300,300000,0.05,0.001,127878,6,0.3
2791,23,516,48596,0.3,0.008,47097,9,0.3
364272,33,396,29613,0.15,0.001,30602,6,0.5
1052287,32,408,58073,0.15,0.001,48276,9,0.7
1858176,39,324,69059,0.05,0.001,50957,4,0.3
1427859,28,456,83084,0.05,0.001,60157,4,0.5
9566799,42,288,90824,0.15,0.004,54969,7,0.5
178137133,59,84,266815,0.15,0.004,145983,8,0.3
36669698,49,204,194416,0.05,0.001,125068,7,0.7
4447,24,504,29323,0.3,0.004,23732,10,0.3
214022,30,432,39521,0.05,0.001,33744,7,0.5
423648,30,432,33793,0.05,0.001,28170,4,0.7
63389,29,444,42676,0.15,0.004,45784,9,0.5
14518951,50,192,126149,0.05,0.001,64951,6,0.5
67338018,50,192,148341,0.15,0.004,89824,9,0.5
17881575,47,228,71071,0.15,0.001,46961,7,0.7
5393325,45,252,71700,0.05,0.001,57526,7,0.3
11265854,49,204,131639,0.3,0.008,89148,22,0.5
259356,33,396,32341,0.15,0.004,29594,7,0.3
83409744,56,120,181050,0.05,0.001,97352,5,0.3
1049957,26,480,300000,0.15,0.004,176692,7,0.5
96577,28,456,24186,0.15,0.004,17497,8,0.3
13065225,59,84,73527,0.3,0.008,47204,18,0.3
9470267,58,96,78372,0.15,0.001,57142,8,0.3
19720386,50,192,84747,0.15,0.004,56518,6,0.5
716121,47,228,31530,0.15,0.004,29540,7,0.3
1428,23,516,20000,0.3,0.008,21711,18,0.7
3016217,43,276,108525,0.15,0.004,57571,6,0.7
1903121,29,444,74129,0.15,0.004,47395,6,0.7
22923308,59,84,69665,0.15,0.004,50244,7,0.3
123892,30,432,20000,0.15,0.001,17288,8,0.5
280815,35,372,26984,0.15,0.004,21885,6,0.5
4852537,44,264,51225,0.3,0.008,26867,11,0.5
1371555,30,432,116799,0.05,0.001,94505,4,0.5
117969527,47,228,128505,0.05,0.001,56178,5,0.7
241319,33,396,47760,0.05,0.001,45621,5,0.5
154199,24,504,60148,0.15,0.004,41204,7,0.5
93799,30,432,40185,0.15,0.004,37292,6,0.3
9166359,40,312,75119,0.15,0.004,46492,6,0.3
380850,25,492,76336,0.15,0.004,48002,8,0.7
12330861,56,120,106184,0.05,0.001,77753,5,0.3
5228409,26,480,200028,0.05,0.001,132941,7,0.7
60457,32,408,20000,0.3,0.008,19353,11,0.5
7442506,51,180,112920,0.15,0.001,61598,8,0.3
537326,32,408,48009,0.15,0.004,33937,9,0.7
45676082,57,108,94309,0.15,0.001,56623,6,0.5
2971469,51,180,91011,0.05,0.001,65783,6,0.3
150584,31,420,20000,0.15,0.001,15087,6,0.3
1959386,29,444,112825,0.05,0.001,57660,6,0.5
3224962,50,192,64349,0.15,0.001,43098,6,0.3
9239975,43,276,96822,0.15,0.004,62307,7,0.7
3363005,40,312,104889,0.15,0.001,70204,9,0.7
301242,35,372,34818,0.05,0.001,32278,7,0.5
1378006,26,480,150272,0.15,0.001,81641,7,0.5
36794765,43,276,185069,0.05,0.001,90798,5,0.7
12609427,44,264,62226,0.15,0.004,35192,8,0.3
634408,34,384,73613,0.05,0.001,56590,6,0.7
42679894,51,180,151366,0.05,0.001,74944,4,0.3
0,22,528,60984,0.3,0.008,38667,19,0.5
8042468,40,312,95670,0.15,0.001,65641,6,0.5
549764,31,420,64567,0.05,0.001,39247,4,0.7
23144876,45,252,158211,0.15,0.004,82184,8,0.7
93770002,54,144,166840,0.05,0.001,90876,6,0.5
116723,36,360,30142,0.15,0.004,27637,7,0.3
17200138,54,144,58465,0.3,0.008,28736,20,0.3
45940944,54,144,116977,0.05,0.001,92156,7,0.5
573149,59,84,40850,0.3,0.008,34952,15,0.3
93716264,58,96,163804,0.05,0.001,72627,5,0.3
13964371,38,336,159860,0.15,0.004,77976,9,0.5
19756895,53,156,134020,0.05,0.001,79916,6,0.3
30107937,34,384,300000,0.05,0.001,145321,6,0.7
1213220,35,372,82785,0.05,0.001,50976,4,0.7
7389476,49,204,125779,0.05,0.001,73427,7,0.3
1672479,55,132,48529,0.15,0.004,45587,9,0.3
23756448,42,288,170159,0.05,0.001,64777,4,0.5
24438653,49,204,128017,0.15,0.004,47563,9,0.3
5206953,44,264,79817,0.05,0.001,51086,7,0.3
772792,24,504,175665,0.05,0.001,61949,5,0.7
124255,36,360,22131,0.3,0.004,19600,18,0.5
268757,25,492,61056,0.15,0.004,40032,9,0.7
23725750,46,240,145708,0.05,0.001,92412,5,0.7
21522552,50,192,121677,0.15,0.004,49512,7,0.3
5396723,38,336,64230,0.15,0.001,51033,8,0.5
2065189,36,360,83871,0.15,0.001,45809,7,0.7
996346,47,228,20000,0.15,0.004,15541,8,0.5
28742570,39,324,201229,0.05,0.001,90127,6,0.3
967589,38,336,24179,0.3,0.004,20485,17,0.7
1735353,30,432,86064,0.15,0.001,57511,9,0.7
10850073,41,300,119853,0.05,0.001,75476,6,0.7
1737607,29,444,72390,0.15,0.001,39020,7,0.5
9281268,34,384,145049,0.05,0.001,95244,4,0.7
0,22,528,300000,0.05,0.001,161432,4,0.5
682243,33,396,65494,0.3,0.004,50226,21,0.7
663270,29,444,36808,0.3,0.008,28887,15,0.7
33256879,39,324,300000,0.05,0.001,113923,6,0.3
77113654,54,144,142863,0.05,0.001,59957,7,0.3
10678181,48,216,162008,0.05,0.001,67506,6,0.5
2680296,38,336,58494,0.3,0.008,36981,22,0.3
53126,30,432,25708,0.3,0.008,26792,11,0.7
2813157,41,300,35334,0.15,0.004,27545,7,0.5
3627929,44,264,72060,0.3,0.008,50995,20,0.5
1565457,34,384,98276,0.15,0.004,75080,9,0.7
744124,31,420,36927,0.3,0.004,27325,10,0.7
19725,28,456,23573,0.3,0.004,22335,8,0.3
648288,41,300,47176,0.15,0.001,42710,8,0.5
14844275,39,324,116836,0.05,0.001,80430,7,0.7
14253,23,516,21477,0.3,0.008,15719,14,0.5
5203849,41,300,127901,0.15,0.004,96713,9,0.5
261257,37,348,49282,0.3,0.004,54386,20,0.3
33472483,59,84,147203,0.05,0.001,88806,4,0.5
2074867,36,360,51130,0.15,0.004,33653,8,0.3
559890,28,456,65852,0.3,0.008,48346,21,0.7
69622714,41,300,211697,0.05,0.001,101845,7,0.7
62142,25,492,20000,0.15,0.004,18167,9,0.5
5847,23,516,28798,0.15,0.004,20123,6,0.7
30511240,38,336,300000,0.05,0.001,127127,7,0.7
18650329,42,288,133534,0.05,0.001,78314,6,0.5
20102972,47,228,108516,0.05,0.001,58436,4,0.5
3184064,38,336,67837,0.3,0.008,47215,8,0.3
2617126,36,360,77688,0.15,0.004,58366,8,0.3
383949,30,432,43999,0.15,0.004,30733,9,0.7
2692328,54,144,67367,0.05,0.001,60025,4,0.3
2019793,52,168,43898,0.05,0.001,43216,4,0.5
13610888,57,108,101202,0.15,0.004,73515,9,0.3
334339,25,492,57519,0.3,0.008,33410,19,0.5
30429530,49,204,131032,0.05,0.001,67346,7,0.5
6573586,43,276,138009,0.05,0.001,91684,7,0.5
856096,51,180,28459,0.15,0.001,24028,9,0.3
19824798,50,192,90946,0.05,0.001,67064,5,0.5
1450424,38,336,53553,0.3,0.004,39796,8,0.5
25794982,56,120,142793,0.05,0.001,53121,7,0.3
13323945,51,180,129639,0.05,0.001,90295,4,0.5
954570,27,468,68948,0.05,0.001,47563,4,0.7
22503525,55,132,54198,0.3,0.004,33326,20,0.5
16164,25,492,30500,0.15,0.001,27864,6,0.7
39085564,56,120,188475,0.05,0.001,103424,4,0.3
2817702,46,240,47215,0.15,0.004,40925,8,0.5
22667,23,516,57480,0.15,0.001,46209,8,0.3
2319280,33,396,77277,0.15,0.004,51596,7,0.7
8624,23,516,31802,0.15,0.004,23454,8,0.5
85586706,57,108,92776,0.15,0.004,68799,9,0.5
0,22,528,59805,0.05,0.001,38952,7,0.5
11636860,52,168,88865,0.15,0.004,54465,7,0.3
4176940,37,348,99266,0.15,0.004,76388,6,0.7
3795675,37,348,87970,0.15,0.001,59009,6,0.5
5480113,40,312,61796,0.3,0.008,39494,22,0.7
7940515,45,252,59346,0.15,0.004,36287,6,0.5
0,22,528,23760,0.3,0.004,16135,19,0.3
1135283,47,228,36319,0.3,0.004,32079,21,0.7
16148965,46,240,70817,0.15,0.004,42537,7,0.7
13739515,36,360,77084,0.05,0.001,43767,6,0.5
282010,36,360,34355,0.3,0.008,34300,19,0.3
25133188,36,360,300000,0.15,0.001,138975,9,0.7
72483519,55,132,300000,0.15,0.004,156492,7,0.3
596200,46,240,41040,0.15,0.001,42970,9,0.7
32128206,56,120,170262,0.05,0.001,98782,4,0.3
1080783,38,336,35026,0.3,0.008,27652,10,0.5
26690314,38,336,178915,0.05,0.001,73885,5,0.5
3486968,47,228,46559,0.15,0.001,30884,7,0.5
1255634,33,396,52004,0.15,0.004,36030,7,0.7
0,22,528,48215,0.3,0.008,46200,16,0.3
11788745,42,288,96453,0.05,0.001,66010,7,0.5
39533637,53,156,186190,0.05,0.001,118126,7,0.3
3780282,42,288,62574,0.3,0.008,36536,18,0.5
3574061,29,444,300000,0.15,0.004,151146,7,0.7
12759362,51,180,96562,0.15,0.004,60235,8,0.3
49627,28,456,41772,0.3,0.004,42604,17,0.3
7288982,33,396,122117,0.15,0.001,55477,7,0.5
0,22,528,31200,0.15,0.004,28860,6,0.5
17759696,54,144,84775,0.3,0.004,48177,14,0.5
971319,41,300,26050,0.15,0.004,21464,9,0.7
2614651,39,324,96985,0.15,0.001,70545,8,0.5
86971,33,396,27596,0.3,0.004,27065,12,0.5
0,22,528,35623,0.05,0.001,27170,6,0.5
7781285,53,156,62771,0.15,0.004,39834,6,0.3
30645497,54,144,150655,0.15,0.004,80391,7,0.5
11788621,49,204,77804,0.3,0.004,42565,10,0.5
2870153,37,348,94366,0.15,0.004,66916,7,0.5
19464998,49,204,119103,0.15,0.004,73966,7,0.5
1382070,38,336,110770,0.05,0.001,96058,6,0.3
14407960,54,144,97120,0.15,0.004,69229,7,0.3
10766725,57,108,103434,0.05,0.001,80406,4,0.5
22160435,55,132,64438,0.05,0.001,36440,6,0.5
4779812,37,348,69697,0.15,0.001,42824,8,0.3
336387,26,480,43322,0.3,0.004,32854,14,0.5
184690,23,516,108446,0.05,0.001,59275,5,0.7
1576451,35,372,85166,0.05,0.001,67777,7,0.3
10450731,36,360,300000,0.15,0.004,174573,9,0.5
34503262,56,120,158235,0.05,0.001,84147,4,0.3
26457818,54,144,57672,0.3,0.008,29448,18,0.3
3598009,42,288,93625,0.05,0.001,62717,4,0.5
301674,24,504,242215,0.05,0.001,128074,5,0.5
2110,23,516,39966,0.05,0.001,37544,4,0.5
20015280,44,264,105074,0.05,0.001,79105,5,0.7
18489133,48,216,118745,0.05,0.001,72960,4,0.5
520008,38,336,43958,0.15,0.004,34159,9,0.5
10752256,36,360,93323,0.05,0.001,61524,6,0.5
21123469,57,108,116843,0.15,0.004,67897,7,0.3
759657,31,420,118240,0.05,0.001,100787,7,0.7
12164841,48,216,137047,0.15,0.004,82401,6,0.3
4916748,48,216,50525,0.05,0.001,29476,6,0.3
7471837,42,288,103339,0.15,0.004,63670,7,0.5
91057724,56,120,156335,0.05,0.001,110238,6,0.3
1489566,33,396,74661,0.15,0.004,50381,9,0.7
190233,27,468,20000,0.3,0.004,14346,17,0.5
1719678,34,384,100981,0.15,0.004,52502,7,0.5
267626,25,492,65762,0.3,0.004,51183,15,0.5
7789402,34,384,139856,0.15,0.001,77099,9,0.7
951919,28,456,59263,0.3,0.004,36663,16,0.7
3803153,39,324,86717,0.05,0.001,49688,6,0.7
38637727,59,84,89246,0.05,0.001,53917,5,0.3
61287,24,504,61063,0.05,0.001,31545,6,0.5
6660536,42,288,66528,0.15,0.001,41911,8,0.5
44588687,55,132,89238,0.05,0.001,58161,4,0.3
28138217,59,84,108784,0.05,0.001,81093,6,0.5
511870,31,420,49992,0.3,0.008,40521,12,0.7
19744680,36,360,204468,0.05,0.001,100681,4,0.7
7752393,30,432,132988,0.05,0.001,77498,6,0.7
67517969,59,84,150386,0.15,0.004,96183,7,0.3
10504092,33,396,300000,0.15,0.004,120534,9,0.7
3883590,26,480,300000,0.15,0.001,178313,9,0.7
69906113,54,144,75032,0.15,0.004,42408,6,0.3
771137,31,420,36445,0.05,0.001,25756,5,0.7
566394,32,408,26998,0.15,0.004,21405,9,0.7
2076400,27,468,76380,0.15,0.004,36455,8,0.7
19927362,58,96,52801,0.15,0.001,31208,6,0.3
39208,24,504,34582,0.15,0.001,29187,9,0.5
28565190,44,264,239732,0.05,0.001,146126,5,0.7
2685616,38,336,46455,0.15,0.004,34853,9,0.7
1050651,38,336,36627,0.15,0.001,28914,9,0.5
6373664,32,408,181206,0.05,0.001,110494,5,0.7
253816,23,516,158826,0.05,0.001,94701,6,0.3
669599,32,408,49342,0.15,0.004,35462,9,0.7
3007782,46,240,71273,0.3,0.004,58504,17,0.7
17657351,43,276,164775,0.15,0.004,83927,7,0.5
364638,55,132,31743,0.15,0.001,30764,8,0.3
1549498,32,408,66814,0.3,0.008,40325,11,0.7
1698524,29,444,92214,0.05,0.001,72550,6,0.7
87814,27,468,49850,0.15,0.004,50698,7,0.5
566086,30,432,47431,0.15,0.001,33193,7,0.7
3484487,48,216,59524,0.15,0.001,42675,7,0.3
2605269,42,288,64190,0.3,0.008,44473,22,0.7
1401407,35,372,47651,0.15,0.004,30496,9,0.5
15877099,58,96,100342,0.15,0.004,67957,9,0.3
5784646,41,300,150984,0.05,0.001,82143,5,0.3
17458164,56,120,97157,0.15,0.004,72686,9,0.3
39895,23,516,75123,0.05,0.001,40965,6,0.5
7381720,55,132,58303,0.15,0.001,39447,9,0.3
107038823,59,84,149063,0.05,0.001,88645,7,0.3
5252497,44,264,91037,0.15,0.004,62149,8,0.3
24246107,57,108,93672,0.05,0.001,63765,6,0.3
1761449,44,264,36340,0.15,0.001,33548,9,0.5
1405123,38,336,61346,0.05,0.001,49709,7,0.5
1786578,35,372,89108,0.15,0.001,68028,7,0.7
172315,25,492,111442,0.15,0.004,80956,7,0.3
110361,30,432,31590,0.05,0.001,31560,6,0.5
31945449,45,252,300000,0.05,0.001,148026,7,0.5
8660781,34,384,219814,0.05,0.001,112242,7,0.7
18247425,52,168,91106,0.05,0.001,57666,7,0.3
8934094,46,240,107247,0.05,0.001,70420,4,0.5
17654,24,504,34821,0.05,0.001,29855,5,0.5
89434,34,384,20000,0.15,0.001,18781,9,0.5
8556470,39,324,70092,0.05,0.001,41068,5,0.3
4143534,37,348,75844,0.05,0.001,47685,6,0.5
3299610,57,108,47487,0.3,0.008,40667,10,0.5
97622160,56,120,148981,0.05,0.001,91074,5,0.3
3055448,29,444,131746,0.05,0.001,66496,7,0.7
2115871,32,408,102190,0.05,0.001,70922,6,0.7
9235516,29,444,300000,0.05,0.001,140636,7,0.7
728717,36,360,62152,0.15,0.004,40145,7,0.5
13817732,47,228,98493,0.15,0.001,54232,7,0.3
109619178,55,132,121119,0.05,0.001,61660,6,0.3
5351747,52,168,58588,0.15,0.004,41534,8,0.5
723032,36,360,23607,0.15,0.001,18389,8,0.5
1415012,40,312,50004,0.15,0.004,28255,6,0.7
5679303,57,108,46482,0.15,0.004,41458,7,0.5
1896415,36,360,69375,0.15,0.001,44611,6,0.5
3735816,57,108,41776,0.3,0.004,33863,21,0.3
22621,23,516,70864,0.05,0.001,50851,5,0.3
4385438,55,132,84138,0.05,0.001,58349,6,0.5
24961866,59,84,119373,0.05,0.001,70548,6,0.3
11521067,34,384,300000,0.15,0.001,143193,8,0.7
5764930,27,468,300000,0.3,0.008,143050,18,0.7
17645669,53,156,73760,0.3,0.008,45459,15,0.3
4651,23,516,37778,0.05,0.001,35910,6,0.5
552219,37,348,27293,0.3,0.004,22153,23,0.5
2788128,29,444,81884,0.05,0.001,52201,4,0.7
18576,24,504,41027,0.15,0.004,35683,8,0.3
5154713,30,432,81987,0.05,0.001,42367,5,0.7
2328798,32,408,45303,0.3,0.004,32647,23,0.5
107451767,52,168,138666,0.05,0.001,62139,5,0.3
7019812,44,264,176032,0.15,0.004,85699,7,0.3
7518596,48,216,143816,0.05,0.001,78018,6,0.3
2977437,47,228,60466,0.3,0.008,40824,13,0.5
11655458,46,240,138467,0.05,0.001,79359,6,0.5
1278735,29,444,60592,0.15,0.001,44823,8,0.7
53393,24,504,108890,0.15,0.001,62763,6,0.7
5341440,38,336,57995,0.05,0.001,36227,6,0.7
24897822,41,300,145523,0.05,0.001,70077,4,0.3
4854783,53,156,64687,0.3,0.008,47474,14,0.3
9131737,54,144,86722,0.05,0.001,71653,7,0.3
1747619,39,324,49660,0.05,0.001,36197,5,0.5
103316731,45,252,300000,0.15,0.001,142113,6,0.5
15245897,59,84,78213,0.15,0.001,44545,9,0.3
1393414,52,168,70400,0.3,0.004,53267,23,0.5
9624942,48,216,85711,0.3,0.008,47559,8,0.3
13773352,33,396,136888,0.05,0.001,65053,7,0.5
3321134,38,336,57546,0.3,0.008,39500,13,0.5
96150306,50,192,300000,0.15,0.001,166255,6,0.5
399160,40,312,51973,0.3,0.008,47026,13,0.5
909314,29,444,61410,0.15,0.004,38306,6,0.7
4395046,40,312,87326,0.15,0.004,48886,9,0.5
6301214,44,264,163264,0.05,0.001,105315,6,0.7
119879,23,516,105911,0.15,0.001,77003,6,0.7
4312240,33,396,101901,0.05,0.001,62636,5,0.7
13206112,37,348,83002,0.15,0.001,47097,9,0.5
74452,27,468,24404,0.15,0.004,22741,7,0.3
14140936,35,372,160291,0.05,0.001,87815,4,0.3
27535989,49,204,150489,0.15,0.004,59784,9,0.5
618557,43,276,39474,0.15,0.001,35659,8,0.7
3136799,46,240,72123,0.3,0.004,60329,23,0.5
13675681,57,108,63133,0.15,0.004,45937,8,0.5
16255211,53,156,114286,0.05,0.001,76926,5,0.5
24682021,52,168,294714,0.05,0.001,178151,6,0.5
32774186,48,216,121461,0.05,0.001,47654,5,0.3
418490,30,432,52064,0.3,0.004,32190,21,0.3
0,22,528,34528,0.3,0.008,36427,10,0.3
2028,23,516,20000,0.15,0.004,18488,9,0.5
3498015,54,144,64466,0.3,0.008,48726,11,0.3
6874942,46,240,71765,0.15,0.001,48618,9,0.5
788101,39,324,46998,0.15,0.001,41409,7,0.5
1967253,38,336,73207,0.05,0.001,45454,7,0.3
5301445,39,324,75265,0.15,0.004,45336,7,0.5
15854,24,504,40843,0.05,0.001,40178,4,0.5
19289171,53,156,100958,0.15,0.004,61652,8,0.5
168774,25,492,49831,0.15,0.004,35107,9,0.7
3466893,33,396,123642,0.05,0.001,60369,6,0.7
18632316,47,228,83371,0.05,0.001,42568,4,0.5
49334322,52,168,143861,0.15,0.004,63280,8,0.3
2766995,29,444,131335,0.15,0.004,73121,7,0.7
392593,32,408,37063,0.15,0.004,29311,7,0.7
17191791,40,312,198946,0.15,0.001,118508,7,0.5
0,22,528,206012,0.05,0.001,114641,5,0.5
8834752,39,324,105606,0.15,0.004,65828,9,0.5
17435925,41,300,225948,0.05,0.001,107651,6,0.5
98465,23,516,68044,0.05,0.001,36769,6,0.3
12219,24,504,37721,0.15,0.001,35892,9,0.5
126790,25,492,24562,0.15,0.004,17929,9,0.7
10978509,50,192,61544,0.05,0.001,42158,7,0.3
13131290,57,108,85954,0.15,0.001,54517,8,0.3
158901912,55,132,198768,0.15,0.004,115447,7,0.5
414227,26,480,54077,0.15,0.004,31122,7,0.3
1535927,31,420,61635,0.05,0.001,37416,5,0.7
5383098,49,204,71744,0.05,0.001,39995,4,0.7
6480669,54,144,98258,0.15,0.004,70044,8,0.3
13271782,55,132,113171,0.15,0.004,87658,6,0.3
44821952,56,120,122283,0.15,0.004,48583,6,0.5
1600481,58,96,38836,0.3,0.008,34478,10,0.3
1965157,45,252,67323,0.15,0.004,42310,7,0.3
11710732,38,336,130810,0.05,0.001,57997,6,0.3
16753676,41,300,167968,0.05,0.001,116051,7,0.5
14954678,54,144,119865,0.15,0.001,80405,7,0.3
18792909,46,240,156914,0.05,0.001,83133,6,0.3
67849,24,504,39924,0.05,0.001,33925,7,0.5
163068073,59,84,300000,0.05,0.001,192320,5,0.3
23589442,50,192,222162,0.05,0.001,122460,6,0.3
160228,30,432,25774,0.15,0.001,22774,7,0.5
1139634,28,456,100988,0.05,0.001,84031,7,0.7
439147,26,480,79736,0.3,0.004,57741,12,0.3
4855464,36,360,86913,0.05,0.001,57606,6,0.7
1310447,42,288,43445,0.15,0.004,35097,7,0.7
1664140,26,480,107478,0.15,0.004,61352,6,0.7
1552850,29,444,57579,0.15,0.004,38981,8,0.7
1153959,26,480,70085,0.05,0.001,41195,6,0.5
6311508,39,324,76836,0.05,0.001,33384,4,0.3
38464,28,456,32345,0.3,0.004,29911,20,0.5
1231246,30,432,85836,0.15,0.004,55168,7,0.5
13916622,32,408,300000,0.05,0.001,131904,6,0.7
5257796,56,120,51491,0.15,0.001,26371,7,0.5
2641015,36,360,98336,0.15,0.004,70164,8,0.3
41016707,47,228,108888,0.05,0.001,55973,7,0.5
9952495,46,240,77870,0.15,0.004,57897,9,0.7
30308245,51,180,129716,0.15,0.004,70556,9,0.3
29093333,49,204,191478,0.05,0.001,112085,5,0.3
8629738,35,372,124514,0.05,0.001,66119,5,0.3
12329670,51,180,57370,0.15,0.001,34630,8,0.3
19197,24,504,25465,0.15,0.001,20010,6,0.5
8827373,38,336,131848,0.15,0.004,76744,7,0.3
771666,26,480,77034,0.15,0.001,35982,8,0.7
42805232,56,120,183822,0.05,0.001,85921,4,0.3
4294770,53,156,47140,0.15,0.004,39867,8,0.3
4295969,35,372,91996,0.15,0.001,45766,7,0.7
0,22,528,105323,0.15,0.004,75059,9,0.5
8645187,33,396,122160,0.15,0.004,62548,8,0.5
4134373,54,144,66438,0.15,0.001,45646,8,0.3
2110308,33,396,54198,0.05,0.001,31505,6,0.5
5625805,57,108,80649,0.15,0.001,64092,8,0.3
102030604,57,108,191190,0.05,0.001,95864,6,0.3
7306969,41,300,131967,0.15,0.004,63283,8,0.3
18334604,45,252,89854,0.15,0.001,46068,8,0.3
9195828,47,228,46509,0.15,0.004,36145,6,0.5
37358,27,468,27967,0.3,0.008,28233,20,0.3
123536,26,480,62377,0.15,0.004,44661,6,0.7
11102,23,516,20000,0.3,0.008,15920,18,0.5
4361797,36,360,31561,0.15,0.001,24853,7,0.5
5996549,35,372,134980,0.15,0.004,78318,8,0.5
3481238,52,168,72280,0.15,0.004,52018,6,0.5
31476364,55,132,71117,0.15,0.004,41591,7,0.5
801478,42,288,41253,0.15,0.004,33909,9,0.5
0,22,528,45918,0.15,0.001,39752,6,0.3
2289153,43,276,61896,0.05,0.001,41508,7,0.5
1922273,34,384,52499,0.05,0.001,40032,5,0.7
2293102,42,288,46339,0.15,0.004,36311,7,0.5
0,22,528,23331,0.3,0.008,17526,14,0.3
6468792,49,204,69139,0.05,0.001,47459,7,0.5
23712,24,504,41816,0.15,0.001,41401,7,0.3
6853331,48,216,81874,0.3,0.008,55041,22,0.3
5182715,50,192,78209,0.15,0.001,59554,8,0.7
375535,26,480,74465,0.15,0.001,39726,6,0.3
271957,31,420,26645,0.3,0.004,20185,23,0.7
1090377,29,444,43785,0.15,0.001,32747,7,0.7
3120277,36,360,95449,0.15,0.004,80003,6,0.5
4119234,54,144,30694,0.15,0.004,21339,6,0.3
21604906,58,96,88270,0.05,0.001,62096,6,0.3
3942715,32,408,57506,0.15,0.004,38045,7,0.7
2077075,50,192,22806,0.15,0.004,20764,7,0.7
2568112,53,156,69765,0.15,0.001,52989,7,0.5
23343124,43,276,127243,0.05,0.001,51796,7,0.5
6849715,45,252,61581,0.05,0.001,43291,6,0.5
4039049,50,192,73786,0.15,0.004,62080,7,0.5
13454205,50,192,123422,0.05,0.001,71561,7,0.7
88513,24,504,57355,0.15,0.004,33975,7,0.5
64746,27,468,21205,0.15,0.004,17346,7,0.5
0,22,528,39453,0.15,0.004,33113,6,0.5
17406354,55,132,145837,0.05,0.001,97351,5,0.5
133377,24,504,82994,0.05,0.001,47393,5,0.3
344045,27,468,50874,0.05,0.001,38132,6,0.5
7140585,54,144,66372,0.3,0.004,52220,20,0.3
48657082,57,108,157383,0.05,0.001,77258,4,0.3
9442186,45,252,111108,0.15,0.004,60519,6,0.5
1812438,47,228,82430,0.05,0.001,70848,7,0.3
1115484,32,408,82042,0.3,0.008,50762,22,0.7
23430,25,492,22871,0.3,0.008,20249,17,0.3
1950964,33,396,52165,0.15,0.001,26293,7,0.7
14639203,50,192,99318,0.15,0.001,61874,7,0.3
597076,39,324,64860,0.3,0.004,50565,18,0.5
2924619,35,372,67495,0.05,0.001,48634,5,0.5
12640466,49,204,83601,0.3,0.008,42008,23,0.5
0,22,528,95820,0.15,0.004,56952,7,0.5
39468196,58,96,54723,0.15,0.001,37017,6,0.3
11399131,42,288,63753,0.05,0.001,37681,7,0.5
594310,42,288,41510,0.15,0.004,35013,7,0.5
1070096,27,468,97906,0.15,0.004,79294,6,0.5
5532533,42,288,68811,0.15,0.001,44356,8,0.7
3889136,37,348,64104,0.05,0.001,34960,4,0.5
951909,43,276,26291,0.3,0.008,19395,19,0.5
452931,28,456,51366,0.15,0.004,33141,9,0.3
1000324,39,324,29908,0.3,0.008,22275,14,0.5
16284972,51,180,143801,0.15,0.004,67116,8,0.3
101817553,51,180,158038,0.05,0.001,48401,7,0.5
14740970,39,324,139767,0.05,0.001,76671,4,0.5
1420577,43,276,33112,0.15,0.004,26844,6,0.5
219891,33,396,45807,0.3,0.004,41766,9,0.5
3480333,42,288,51991,0.05,0.001,26851,7,0.5
4703900,54,144,70882,0.05,0.001,62197,7,0.3
1137265,28,456,68119,0.15,0.001,54205,6,0.7
21089346,37,348,189646,0.05,0.001,110230,4,0.3
7138581,35,372,119643,0.05,0.001,68770,4,0.7
896127,50,192,35686,0.15,0.004,31697,6,0.3
163386451,57,108,300000,0.05,0.001,153778,6,0.3
359571,46,240,28292,0.15,0.004,23233,9,0.5
3324088,27,468,115199,0.15,0.001,59381,8,0.7
14274752,42,288,153185,0.05,0.001,88150,5,0.5
4613496,32,408,96216,0.15,0.001,62972,8,0.7
241348,25,492,102128,0.05,0.001,87234,7,0.7
95127780,42,288,283504,0.05,0.001,149540,6,0.3
4281646,57,108,47886,0.15,0.004,40228,6,0.3
78543962,50,192,176413,0.05,0.001,91212,7,0.3
2584350,35,372,56321,0.3,0.004,33523,20,0.3
6457802,47,228,90735,0.15,0.001,63988,6,0.7
10035399,38,336,145944,0.05,0.001,83991,7,0.3
5902532,51,180,69090,0.05,0.001,45922,7,0.5
5800248,53,156,58769,0.3,0.008,32653,21,0.5
1648887,31,420,81279,0.05,0.001,51491,6,0.7
66637413,59,84,173445,0.15,0.001,71589,8,0.5
4709513,59,84,62356,0.15,0.001,41348,9,0.5
10668943,57,108,121091,0.05,0.001,54934,5,0.3
49635576,40,312,300000,0.15,0.004,125689,6,0.5
6538873,49,204,63851,0.15,0.001,41800,9,0.5
298413,30,432,40873,0.3,0.004,30873,23,0.3
6264,23,516,22830,0.15,0.004,17724,6,0.5
6609479,52,168,76719,0.15,0.001,52526,6,0.3
5365666,44,264,54107,0.15,0.004,33658,6,0.7
1200379,35,372,69835,0.15,0.001,43523,9,0.5
213910,23,516,80221,0.05,0.001,51590,5,0.5
5165648,43,276,41236,0.3,0.004,33273,20,0.3
3093104,41,300,115291,0.15,0.001,104835,9,0.5
0,22,528,61342,0.05,0.001,40904,5,0.3
97594472,49,204,300000,0.05,0.001,144275,5,0.5
2084175,36,360,75149,0.05,0.001,47486,4,0.3
3242269,38,336,76183,0.15,0.001,45048,8,0.5
1231154,33,396,78176,0.15,0.004,62417,6,0.5
14307776,32,408,300000,0.15,0.001,133001,8,0.7
0,22,528,177220,0.05,0.001,99592,6,0.5
1162313,37,348,69313,0.3,0.004,51853,15,0.5
45619349,42,288,179671,0.05,0.001,61234,7,0.5
6008692,48,216,136028,0.05,0.001,99010,6,0.3
279169,36,360,38065,0.3,0.004,32701,23,0.5
162419,25,492,74294,0.05,0.001,60653,7,0.7
77860,24,504,37645,0.15,0.004,26502,6,0.5
0,22,528,208580,0.05,0.001,141843,4,0.3
5837686,32,408,69417,0.05,0.001,41859,5,0.7
3324738,39,324,110074,0.15,0.001,76132,7,0.7
33381680,57,108,57641,0.05,0.001,35116,5,0.5
9227707,38,336,300000,0.05,0.001,162862,7,0.3
918787,32,408,40784,0.15,0.004,29315,9,0.5
1566105,39,324,72849,0.3,0.008,57042,20,0.5
35026320,42,288,171306,0.05,0.001,63297,4,0.5
17540425,34,384,159830,0.15,0.001,84497,6,0.7
23147,24,504,28048,0.3,0.008,23872,21,0.5
258362,41,300,47766,0.3,0.004,44105,18,0.5
2366495,31,420,70344,0.05,0.001,42989,7,0.7
1863566,49,204,59231,0.3,0.008,40210,14,0.5
65190894,59,84,154077,0.05,0.001,99868,7,0.5
12673522,39,324,300000,0.05,0.001,155619,6,0.5
3589031,55,132,48265,0.15,0.004,37728,8,0.3
55586,24,504,35160,0.15,0.004,24752,9,0.3
7197642,40,312,54952,0.05,0.001,33153,7,0.7
139027,24,504,54744,0.05,0.001,36045,7,0.5
1295689,43,276,41226,0.15,0.001,34208,9,0.5
9034869,52,168,125403,0.15,0.004,70110,9,0.3
7434909,55,132,58047,0.3,0.004,32090,17,0.3
400123,31,420,42199,0.05,0.001,38148,6,0.5
6959361,49,204,73431,0.15,0.004,44948,9,0.5
4308196,47,228,109378,0.05,0.001,74517,7,0.3
15829479,39,324,209817,0.05,0.001,133320,7,0.5
378718,24,504,300000,0.15,0.004,194599,6,0.5
23114451,54,144,77546,0.15,0.001,43996,9,0.3
838583,43,276,30784,0.3,0.004,24029,8,0.7
35892990,48,216,133783,0.15,0.001,58467,8,0.5
302507,33,396,26692,0.15,0.004,21632,6,0.7
355805,24,504,91581,0.15,0.004,56353,9,0.3
14937951,55,132,68802,0.15,0.004,42878,9,0.5
3464719,43,276,88001,0.15,0.004,43983,8,0.5
4621699,33,396,64769,0.15,0.001,42863,9,0.7
18020398,57,108,54909,0.3,0.004,31079,23,0.3
161142020,55,132,300000,0.05,0.001,153789,4,0.3
35548071,57,108,149082,0.05,0.001,71622,7,0.5
299680,39,324,46609,0.05,0.001,44241,4,0.5
6612199,41,300,61214,0.15,0.004,45155,6,0.3
11615026,55,132,88541,0.15,0.004,58749,7,0.3
1439177,54,144,28997,0.3,0.004,26688,10,0.3
11052868,34,384,94505,0.05,0.001,65644,6,0.5
434789,37,348,42854,0.3,0.008,43168,21,0.5
67273430,50,192,300000,0.05,0.001,211928,7,0.5
360808,25,492,57417,0.15,0.001,34867,9,0.5
264041,45,252,40272,0.15,0.004,37741,6,0.5
18076263,51,180,112794,0.05,0.001,80093,6,0.3
1856760,35,372,75722,0.05,0.001,55602,4,0.7
46330,27,468,20318,0.15,0.001,16797,7,0.7
3774420,56,120,43325,0.15,0.004,34790,7,0.3
1302858,32,408,56406,0.15,0.004,40392,9,0.7
2195196,46,240,47966,0.05,0.001,37663,5,0.3
33967800,57,108,173643,0.15,0.004,75790,8,0.3
663968,27,468,67429,0.15,0.004,42846,9,0.7
3148748,31,420,98506,0.05,0.001,69049,4,0.7
179709,30,432,28528,0.3,0.004,24316,8,0.5
3496570,59,84,74994,0.3,0.004,61698,13,0.3
514268,27,468,70392,0.15,0.004,50950,8,0.7
836860,25,492,177535,0.15,0.001,129057,8,0.7
2117064,24,504,204889,0.05,0.001,105671,6,0.7
9896794,50,192,104314,0.05,0.001,82446,6,0.5
3777580,53,156,40479,0.15,0.001,31446,7,0.3
84437100,53,156,178787,0.15,0.004,72729,9,0.3
2043125,36,360,44019,0.15,0.004,31649,7,0.7
2337625,33,396,72874,0.05,0.001,48015,6,0.5
17074431,41,300,154167,0.05,0.001,99433,7,0.7
4950746,42,288,72270,0.05,0.001,35582,7,0.3
139929,31,420,37085,0.15,0.004,31170,9,0.3
2603892,31,420,75981,0.05,0.001,48801,6,0.7
109566366,49,204,234724,0.05,0.001,120146,7,0.7
8611,23,516,52797,0.3,0.004,37471,14,0.5
461648,31,420,36213,0.15,0.001,30467,7,0.3
0,22,528,300000,0.15,0.004,182816,7,0.3
18360718,45,252,124581,0.05,0.001,71403,5,0.7
111601623,46,240,261039,0.05,0.001,111667,7,0.7
948273,49,204,44802,0.3,0.008,40946,14,0.7
62634339,48,216,89830,0.05,0.001,59022,6,0.5
9825531,53,156,78614,0.15,0.001,45587,9,0.5
11025295,54,144,80906,0.15,0.004,53838,8,0.5
4515385,40,312,101743,0.15,0.001,75696,9,0.5
3850839,53,156,49042,0.15,0.004,35228,7,0.3
6406924,42,288,93018,0.05,0.001,67301,5,0.5
33133632,44,264,300000,0.15,0.004,152019,9,0.5
15740726,40,312,147867,0.15,0.004,74589,6,0.5
43636949,47,228,121377,0.15,0.001,55260,7,0.5
15425397,56,120,80263,0.05,0.001,65541,6,0.5
5046599,37,348,63775,0.05,0.001,42535,4,0.5
8361356,42,288,106110,0.05,0.001,67083,7,0.5
7676395,44,264,80261,0.05,0.001,51121,5,0.5
19587978,47,228,97496,0.05,0.001,67342,4,0.5
2848124,47,228,46080,0.15,0.004,38776,9,0.5
1402736,28,456,105830,0.15,0.001,68459,7,0.7
948662,28,456,55225,0.05,0.001,33292,6,0.7
5517748,48,216,61566,0.15,0.001,46940,7,0.7
2955419,31,420,119982,0.05,0.001,73362,6,0.5
1218685,32,408,66856,0.15,0.001,50171,6,0.7
1807288,45,252,40791,0.15,0.004,34285,6,0.3
378624,28,456,49254,0.15,0.001,37584,9,0.7
18507184,53,156,102242,0.05,0.001,52886,5,0.3
7594164,57,108,49752,0.15,0.001,38245,6,0.5
15716204,53,156,103822,0.05,0.001,66296,7,0.3
314878,30,432,43348,0.15,0.004,35553,7,0.7
9419248,34,384,196752,0.05,0.001,89501,7,0.7
5945606,58,96,34489,0.15,0.004,26039,9,0.3
9061168,36,360,88727,0.15,0.001,52010,6,0.5
4109,23,516,41143,0.15,0.001,35594,7,0.3
76932076,58,96,207839,0.05,0.001,113291,7,0.3
8332961,54,144,100020,0.05,0.001,59247,7,0.3
6804242,34,384,130598,0.15,0.004,54255,8,0.7
23393038,49,204,136521,0.15,0.004,71599,6,0.5
22890252,49,204,300000,0.05,0.001,176987,4,0.3
7492828,37,348,94896,0.05,0.001,48825,7,0.5
6881781,59,84,93953,0.15,0.001,57340,9,0.3
69384200,43,276,300000,0.15,0.001,170302,7,0.5
449081,48,216,36322,0.3,0.004,38665,17,0.7
6532083,45,252,100521,0.15,0.004,70039,7,0.5
16596965,45,252,100295,0.15,0.004,59669,6,0.5
54461,23,516,65923,0.05,0.001,38364,7,0.5
504827,25,492,111663,0.15,0.004,76643,7,0.7
1655557,34,384,51046,0.05,0.001,29432,4,0.5
166187,24,504,92049,0.05,0.001,60587,7,0.5
311446,32,408,52215,0.15,0.001,46121,7,0.7
4375030,43,276,74364,0.15,0.004,46918,7,0.5
5967106,54,144,51901,0.3,0.008,39752,22,0.3
32795568,54,144,90825,0.15,0.004,59844,6,0.3
17708349,46,240,82611,0.15,0.001,60040,6,0.3
1048280,37,348,71807,0.15,0.001,51831,9,0.5
12497286,49,204,109690,0.15,0.004,74860,7,0.5
134893,34,384,39382,0.3,0.004,37507,20,0.7
17764154,56,120,67467,0.15,0.004,42165,8,0.5
8093971,38,336,137543,0.05,0.001,58169,4,0.7
19837196,41,300,154992,0.05,0.001,71509,4,0.5
4753177,52,168,72165,0.15,0.004,51866,7,0.3
695477,28,456,76966,0.15,0.004,55928,7,0.7
10631246,43,276,97330,0.15,0.001,58643,7,0.3
1516264,39,324,39872,0.15,0.004,27880,7,0.7
45975440,39,324,300000,0.15,0.004,162195,8,0.5
5019688,42,288,79072,0.05,0.001,53484,4,0.5
17302930,46,240,208218,0.05,0.001,159578,6,0.7
339419,37,348,47170,0.3,0.008,42454,9,0.7
724593,41,300,28941,0.3,0.004,26940,13,0.3
27229608,42,288,300000,0.05,0.001,188375,5,0.5
426738,40,312,34674,0.15,0.001,33127,9,0.5
15666257,48,216,75151,0.3,0.004,42775,16,0.5
1274882,28,456,76337,0.05,0.001,50937,7,0.7
109901171,58,96,136906,0.05,0.001,68526,7,0.3
32259,24,504,26282,0.3,0.008,18485,16,0.3
120383,28,456,22246,0.15,0.004,16470,8,0.5
22438301,46,240,300000,0.05,0.001,223017,7,0.5
22828089,58,96,79087,0.15,0.004,45877,7,0.3
142907494,56,120,223859,0.05,0.001,85397,5,0.3
44334227,55,132,300000,0.05,0.001,137862,5,0.3
284750,26,480,60162,0.05,0.001,50210,6,0.3
8154404,35,372,98627,0.15,0.004,54320,6,0.3
12415684,52,168,60800,0.3,0.008,28433,20,0.3
11005695,35,372,171649,0.05,0.001,74973,4,0.5
949779,28,456,112567,0.15,0.004,86465,7,0.7
33204572,38,336,300000,0.05,0.001,156385,6,0.5
16262,26,480,28880,0.15,0.004,26806,6,0.5
5577858,50,192,91017,0.05,0.001,67442,7,0.5
775003,30,432,86883,0.15,0.004,68811,7,0.5
39061529,57,108,249965,0.05,0.001,136647,5,0.3
83022999,56,120,163061,0.15,0.004,74121,7,0.3
18263577,57,108,60535,0.05,0.001,43647,4,0.3
816824,35,372,60409,0.15,0.004,47395,9,0.3
29706779,59,84,154965,0.05,0.001,101716,4,0.3
3046357,36,360,76907,0.05,0.001,47666,5,0.3
295400,44,264,24092,0.05,0.001,25394,7,0.5
17232,23,516,49255,0.15,0.001,39834,7,0.5
2755401,48,216,40115,0.15,0.004,31579,9,0.3
6476291,40,312,78970,0.05,0.001,45038,7,0.3
0,22,528,244370,0.05,0.001,139421,6,0.5
4744387,36,360,112572,0.15,0.001,70894,8,0.7
234902,27,468,37958,0.15,0.004,31013,9,0.5
1781242,30,432,82495,0.05,0.001,51348,4,0.7
396245,37,348,48073,0.15,0.001,40370,9,0.5
72801,23,516,69830,0.15,0.004,51792,8,0.5
756901,31,420,33841,0.15,0.004,24353,6,0.7
3121045,42,288,68622,0.15,0.004,51120,9,0.3
140436970,54,144,277629,0.05,0.001,141172,5,0.3
9726955,55,132,69321,0.15,0.004,51654,7,0.5
2790328,31,420,89976,0.05,0.001,64930,6,0.7
338737,33,396,37350,0.3,0.004,33269,13,0.5
75280,26,480,32525,0.3,0.008,29618,19,0.5
311365,32,408,55244,0.3,0.004,28331,8,0.5
3188312,34,384,122673,0.15,0.004,55083,7,0.7
91452,30,432,34973,0.15,0.001,35094,9,0.3
12051861,34,384,149466,0.05,0.001,75887,5,0.7
6751594,45,252,60693,0.15,0.004,34814,8,0.5
87781,28,456,31467,0.15,0.004,28498,7,0.5
651391,35,372,40297,0.15,0.001,33388,9,0.5
9344489,42,288,132821,0.05,0.001,93377,7,0.5
3121974,47,228,62656,0.3,0.008,42745,15,0.5
20203997,55,132,300000,0.05,0.001,196057,5,0.3
836577,30,432,54317,0.15,0.004,34586,8,0.7
118848670,59,84,300000,0.3,0.004,112206,17,0.3
899629,40,312,20000,0.15,0.001,16438,8,0.7
414219,44,264,47639,0.15,0.004,44069,9,0.5
125013665,57,108,237274,0.05,0.001,119139,4,0.3
4520712,44,264,54449,0.3,0.004,34862,9,0.3
21957002,52,168,64059,0.15,0.001,42707,6,0.3
4366555,46,240,75897,0.15,0.004,50094,8,0.3
40449631,47,228,103971,0.05,0.001,63562,7,0.5
26020826,53,156,176661,0.05,0.001,119769,5,0.3
3779776,46,240,115837,0.15,0.001,81573,8,0.3
575732,36,360,25762,0.3,0.008,20359,16,0.3
178311,33,396,29781,0.15,0.004,26643,6,0.7
982125,27,468,74571,0.05,0.001,54081,4,0.7
617051,25,492,107972,0.05,0.001,76833,5,0.7
499962,27,468,109112,0.15,0.004,95823,7,0.7
904334,47,228,39356,0.3,0.008,35490,17,0.5
29615940,53,156,128350,0.15,0.004,51194,8,0.3
1306218,51,180,55082,0.15,0.001,35936,6,0.3
9267420,48,216,80667,0.15,0.001,39217,8,0.5
270059,25,492,64102,0.15,0.004,41053,9,0.5
8431053,51,180,118105,0.15,0.004,74469,6,0.5
9727688,53,156,76680,0.3,0.004,59583,9,0.3
11554765,44,264,87755,0.15,0.004,52676,7,0.7
943790,28,456,64057,0.05,0.001,44432,7,0.5
12100647,38,336,159114,0.05,0.001,122842,4,0.5
969547,33,396,57841,0.05,0.001,42456,5,0.7
1361865,44,264,43700,0.15,0.004,39838,7,0.5
13542122,46,240,93974,0.05,0.001,56139,5,0.3
6081245,30,432,100687,0.05,0.001,52481,7,0.7
7337901,59,84,70578,0.15,0.004,40285,6,0.3
2390895,47,228,50667,0.15,0.001,26024,6,0.5
5805677,42,288,75678,0.3,0.008,43827,20,0.5
158817,39,324,20000,0.15,0.004,18180,7,0.3
550234,28,456,86325,0.3,0.008,55881,14,0.7
41450103,56,120,121976,0.05,0.001,65866,7,0.5
2151876,49,204,60542,0.3,0.004,41655,19,0.3
1140178,38,336,57139,0.15,0.001,40447,7,0.5
0,22,528,29437,0.3,0.008,24489,8,0.7
7309,23,516,31450,0.3,0.004,23978,13,0.7
2603909,31,420,101434,0.15,0.004,74997,6,0.7
3526786,44,264,75181,0.05,0.001,50935,7,0.5
24223841,58,96,116610,0.05,0.001,67594,7,0.5
1164257,27,468,89845,0.15,0.004,53122,9,0.5
163192,23,516,134701,0.05,0.001,69986,5,0.5
160471016,59,84,300000,0.05,0.001,133007,6,0.3
3345177,33,396,300000,0.15,0.001,207234,8,0.5
9427836,56,120,71838,0.3,0.004,47282,11,0.3
22979604,48,216,135890,0.05,0.001,78844,4,0.5
79484507,50,192,300000,0.3,0.004,174922,11,0.3
7917590,50,192,58618,0.15,0.004,39384,8,0.3
913030,32,408,52738,0.3,0.004,37199,17,0.5
20561930,44,264,183103,0.05,0.001,67478,6,0.5
126983222,58,96,300000,0.05,0.001,123407,6,0.3
946296,27,468,84673,0.15,0.001,47139,6,0.7
23924885,51,180,148515,0.05,0.001,73505,4,0.5
968970,32,408,71234,0.15,0.001,53573,9,0.7
44164674,47,228,152879,0.05,0.001,76257,7,0.3
3072097,56,120,72888,0.3,0.008,56533,22,0.3
569197,27,468,112214,0.05,0.001,80101,6,0.7
22298935,56,120,96750,0.15,0.001,63651,6,0.3
1130320,47,228,39004,0.15,0.004,28519,8,0.7
763103,41,300,33216,0.15,0.004,30591,9,0.3
4618744,54,144,40308,0.3,0.008,32207,17,0.5
1396382,47,228,44335,0.15,0.001,34870,6,0.3
3989327,43,276,69607,0.05,0.001,50222,4,0.5
37794759,57,108,108973,0.15,0.001,64109,6,0.3
3648216,34,384,84631,0.05,0.001,44859,5,0.7
8101672,43,276,59597,0.15,0.004,29761,6,0.5
1447898,37,348,55545,0.15,0.001,42204,9,0.5
23560695,41,300,300000,0.05,0.001,139186,4,0.5
71342,25,492,41861,0.15,0.004,43957,6,0.3
19084666,56,120,78756,0.15,0.004,57151,6,0.5
1454644,32,408,53312,0.15,0.001,34882,7,0.7
9387451,54,144,76037,0.05,0.001,50764,5,0.3
0,22,528,27527,0.3,0.008,21842,22,0.3
97803809,55,132,185449,0.15,0.001,102321,7,0.5
9257985,34,384,170268,0.05,0.001,84343,5,0.5
1455152,54,144,35390,0.3,0.004,29275,11,0.3
4231815,43,276,97575,0.05,0.001,74381,6,0.3
1031240,30,432,32798,0.3,0.008,23342,15,0.5
664967,26,480,53514,0.05,0.001,32996,6,0.5
16286141,56,120,90507,0.05,0.001,56671,6,0.5
756599,29,444,62617,0.3,0.004,38019,11,0.5
33195386,50,192,133368,0.05,0.001,65637,6,0.3
7621455,49,204,64996,0.15,0.004,44874,8,0.3
10669443,58,96,61435,0.3,0.008,44325,17,0.3
10117897,52,168,195933,0.05,0.001,98365,4,0.3
6497967,45,252,65017,0.15,0.001,39333,9,0.3
11955967,37,348,183367,0.15,0.001,120466,9,0.5
26438280,48,216,300000,0.05,0.001,202587,7,0.7
43337631,59,84,115657,0.15,0.004,66752,6,0.3
10096,23,516,34244,0.15,0.004,27948,6,0.5
2308332,31,420,77113,0.05,0.001,46181,7,0.7
13582,23,516,34206,0.15,0.004,23066,8,0.5
896559,26,480,78010,0.05,0.001,55247,6,0.5
754456,48,216,33788,0.3,0.004,32080,12,0.5
29545934,56,120,102745,0.05,0.001,66113,4,0.5
1263612,34,384,58560,0.15,0.001,37916,6,0.7
470115,28,456,80139,0.05,0.001,66622,7,0.5
2264028,42,288,46284,0.15,0.004,37038,8,0.3
3094891,56,120,45068,0.3,0.008,41990,11,0.3
2521033,39,324,93175,0.05,0.001,66266,4,0.3
45067029,38,336,250365,0.05,0.001,119001,6,0.7
973456,31,420,60035,0.15,0.004,39407,6,0.7
118450,27,468,40174,0.3,0.008,32367,12,0.3
3173453,54,144,41473,0.15,0.004,32590,7,0.3
4787043,42,288,60668,0.05,0.001,37722,6,0.3
71687945,47,228,300000,0.05,0.001,174367,4,0.5
3604332,42,288,65596,0.3,0.004,41641,16,0.5
12380551,44,264,111563,0.05,0.001,56991,7,0.3
4320338,42,288,59131,0.05,0.001,37355,6,0.5
19644040,40,312,130712,0.15,0.004,86755,9,0.5
16962143,59,84,73743,0.15,0.001,55208,7,0.5
0,22,528,68505,0.15,0.004,47809,8,0.3
1445793,27,468,75909,0.05,0.001,44967,5,0.7
10934521,45,252,97409,0.15,0.004,64375,7,0.3
10652,24,504,30416,0.3,0.008,25544,16,0.5
1414112,28,456,143702,0.15,0.004,101801,7,0.5
49734049,46,240,157026,0.05,0.001,89742,7,0.3
114355,24,504,83743,0.05,0.001,52926,4,0.3
268042,33,396,34897,0.15,0.004,30956,8,0.5
881984,25,492,120370,0.05,0.001,70043,6,0.7
4813606,45,252,77142,0.05,0.001,51759,5,0.5
4954687,39,324,115793,0.05,0.001,91818,4,0.5
1917322,32,408,76611,0.15,0.004,38715,7,0.7
210925,26,480,41907,0.15,0.004,32106,7,0.3
20999960,39,324,300000,0.05,0.001,151926,5,0.3
16958696,46,240,150120,0.15,0.004,81207,6,0.3
14909280,45,252,194491,0.05,0.001,108706,7,0.5
3809447,39,324,124437,0.15,0.004,93910,8,0.7
6573653,48,216,79806,0.3,0.008,44963,9,0.5
9075535,39,324,136839,0.05,0.001,83753,6,0.7
3307838,30,432,236080,0.05,0.001,170952,4,0.7
695594,25,492,300000,0.15,0.001,142193,7,0.7
49457313,59,84,91939,0.15,0.004,67558,8,0.3
28132787,43,276,152693,0.05,0.001,75342,4,0.5
1045567,24,504,300000,0.05,0.001,139126,7,0.7
5545904,46,240,85515,0.05,0.001,60720,5,0.5
124420985,57,108,140062,0.05,0.001,74657,7,0.3
7383683,57,108,78845,0.15,0.004,62327,7,0.5
254495,28,456,49767,0.05,0.001,41023,4,0.3
427267,33,396,36172,0.15,0.004,30864,6,0.7
82647,38,336,26461,0.15,0.004,27853,7,0.5
15402128,38,336,242823,0.05,0.001,123977,6,0.3
312519,44,264,44781,0.3,0.004,43559,10,0.3
3618854,29,444,167072,0.05,0.001,79966,4,0.7
114663962,57,108,175697,0.15,0.001,82994,8,0.3
1688073,29,444,88676,0.15,0.004,54596,6,0.7
72309,23,516,89643,0.15,0.004,58670,8,0.5
7887579,38,336,300000,0.15,0.001,196168,9,0.5
1048981,39,324,46154,0.3,0.004,38838,21,0.3
8765,23,516,43877,0.15,0.004,31094,9,0.5
104334821,57,108,187469,0.15,0.004,110522,6,0.5
4968991,39,324,101167,0.15,0.004,74544,7,0.3
373769,29,444,66405,0.05,0.001,48026,6,0.7
2012635,45,252,98268,0.05,0.001,80138,6,0.7
31363256,48,216,300000,0.05,0.001,163597,7,0.5
5084715,59,84,32544,0.15,0.004,26336,8,0.3
4729142,31,420,86489,0.15,0.004,61538,7,0.5
32687547,52,168,105084,0.15,0.004,55612,7,0.3
439918,27,468,63703,0.15,0.004,46081,8,0.5
252710,32,408,48700,0.15,0.001,42072,7,0.7
45478618,57,108,96370,0.15,0.004,68669,6,0.3
997665,31,420,60663,0.05,0.001,42643,5,0.7
525996,32,408,46666,0.15,0.001,39176,9,0.7
576544,31,420,60826,0.15,0.001,45228,7,0.7
5632257,30,432,184854,0.15,0.004,93474,9,0.7
2689984,46,240,52929,0.3,0.004,28948,22,0.5
5463582,50,192,89652,0.15,0.004,66273,7,0.5
4494018,35,372,59582,0.15,0.004,30984,6,0.5
400378,25,492,92318,0.15,0.004,61895,9,0.3
33460881,59,84,122469,0.05,0.001,62354,7,0.3
0,22,528,209530,0.05,0.001,114927,7,0.5
99680,23,516,93775,0.3,0.004,56511,18,0.3
44218644,52,168,186627,0.05,0.001,82484,5,0.3
101435,33,396,37411,0.15,0.004,36272,6,0.7
452253,35,372,33007,0.3,0.004,29001,8,0.3
649386,53,156,32507,0.3,0.004,29342,15,0.3
3535256,51,180,44664,0.15,0.001,34993,6,0.5
13919,24,504,21153,0.15,0.004,18105,7,0.7
7309173,55,132,125817,0.15,0.001,69764,6,0.5
2856871,27,468,165810,0.05,0.001,112327,6,0.7
90290274,55,132,300000,0.15,0.001,189467,9,0.3
82340529,52,168,258436,0.05,0.001,146685,7,0.3
140095,24,504,96326,0.15,0.001,63676,8,0.5
1060851,29,444,67436,0.15,0.004,40620,9,0.7
2426649,42,288,86291,0.15,0.004,60253,7,0.7
2545671,25,492,300000,0.05,0.001,118502,7,0.7
16348843,55,132,77379,0.3,0.008,55368,23,0.3
66627920,53,156,112066,0.05,0.001,72849,7,0.3
3222537,43,276,99499,0.15,0.001,69389,8,0.3
21544526,37,348,271014,0.05,0.001,118286,5,0.7
139043750,52,168,300000,0.05,0.001,125152,7,0.3
821272,46,240,47880,0.15,0.001,48438,8,0.5
16435776,33,396,300000,0.05,0.001,179074,7,0.7
294285,43,276,49291,0.15,0.001,54211,6,0.5
2590320,52,168,45369,0.15,0.004,37082,9,0.3
4103486,58,96,79627,0.3,0.008,61189,16,0.3
3114207,43,276,35510,0.3,0.008,23922,8,0.5
31185179,47,228,144419,0.05,0.001,83957,5,0.3
3621693,33,396,96178,0.05,0.001,61241,4,0.7
1733912,30,432,61247,0.15,0.004,33443,9,0.5
364043,28,456,74972,0.15,0.001,61250,9,0.5
124395603,52,168,183762,0.05,0.001,87589,7,0.3
0,22,528,67313,0.05,0.001,50650,6,0.3
10230,24,504,46580,0.15,0.004,41068,9,0.7
7397202,40,312,71864,0.15,0.004,42458,6,0.3
42229408,56,120,218902,0.05,0.001,78311,7,0.5
4018071,31,420,132278,0.05,0.001,52486,7,0.7
1802696,45,252,101204,0.15,0.004,70907,8,0.5
3249,24,504,40403,0.15,0.004,46857,6,0.5
79340,34,384,20000,0.15,0.001,20328,9,0.3
19660593,47,228,300000,0.15,0.004,145500,6,0.7
8886347,38,336,186123,0.05,0.001,87627,7,0.7
2396661,38,336,81425,0.15,0.001,52658,6,0.5
24931092,51,180,141646,0.15,0.004,82713,7,0.5
1564,23,516,25901,0.05,0.001,25192,4,0.5
1164319,33,396,83329,0.3,0.004,53268,10,0.5
1142081,25,492,68018,0.15,0.004,41110,6,0.7
2452595,44,264,44119,0.3,0.008,36112,19,0.5
2144052,36,360,105720,0.05,0.001,73137,6,0.3
106461017,51,180,151997,0.05,0.001,88167,7,0.3
41670765,48,216,300000,0.15,0.001,156229,7,0.3
0,22,528,31755,0.3,0.008,29641,8,0.3
28057933,53,156,156657,0.05,0.001,77339,6,0.3
17269339,52,168,67671,0.05,0.001,40533,5,0.3
8142653,47,228,88351,0.15,0.004,56743,7,0.5
37055001,49,204,143665,0.05,0.001,54694,5,0.5
25998,23,516,58954,0.05,0.001,38217,4,0.7
3286875,26,480,144769,0.05,0.001,64805,5,0.5
177808,36,360,43980,0.15,0.004,49798,9,0.7
2821669,31,420,102575,0.05,0.001,73002,4,0.5
326621,31,420,48025,0.3,0.004,36000,23,0.3
121294834,58,96,267099,0.05,0.001,143344,7,0.3
13199153,43,276,131908,0.05,0.001,77291,4,0.3
15690613,34,384,300000,0.15,0.001,195898,8,0.7
13637272,44,264,97386,0.05,0.001,70424,7,0.5
0,22,528,77144,0.15,0.004,53812,9,0.5
13531855,48,216,88188,0.05,0.001,58933,7,0.7
2767869,39,324,93432,0.15,0.001,68173,6,0.5
956622,46,240,38849,0.15,0.004,29510,8,0.3
14201199,49,204,124910,0.15,0.004,56966,7,0.5
2584341,59,84,57510,0.15,0.004,38893,9,0.3
413671,47,228,34003,0.3,0.008,37196,12,0.5
14489811,46,240,98571,0.05,0.001,60415,7,0.5
712296,28,456,71199,0.05,0.001,50723,4,0.7
5312228,42,288,34150,0.3,0.008,25435,13,0.7
27661878,35,372,300000,0.05,0.001,139404,7,0.5
17477670,57,108,64162,0.15,0.004,33233,9,0.3
24589163,59,84,85552,0.05,0.001,59807,4,0.5
1325725,42,288,49762,0.3,0.004,42952,16,0.3
1915094,29,444,103675,0.05,0.001,67341,7,0.7
12213564,35,372,247700,0.05,0.001,145034,7,0.5
33116987,50,192,75994,0.3,0.008,39349,19,0.5
963620,31,420,45634,0.15,0.004,37522,7,0.5
3422462,59,84,36949,0.15,0.001,29655,9,0.3
26176142,55,132,99143,0.3,0.004,69361,19,0.3
4542085,38,336,56487,0.15,0.004,36194,8,0.7
24243,24,504,30847,0.3,0.008,25690,18,0.3
2228737,36,360,72911,0.05,0.001,56192,7,0.5
10516579,53,156,52464,0.3,0.008,31186,21,0.3
4091598,32,408,111586,0.05,0.001,68945,5,0.5
6756799,46,240,98263,0.15,0.004,65093,7,0.3
5669540,59,84,69946,0.15,0.004,42057,6,0.5
34732577,55,132,103553,0.15,0.001,55356,8,0.3
26254053,55,132,103106,0.15,0.004,62208,9,0.5
17137713,47,228,88425,0.15,0.004,52167,7,0.5
24087688,53,156,73384,0.05,0.001,43431,6,0.5
41158545,53,156,203905,0.05,0.001,95851,6,0.3
2159745,38,336,44706,0.05,0.001,37035,5,0.5
4368836,33,396,104655,0.15,0.001,75562,7,0.5
533293,26,480,51981,0.15,0.004,31428,8,0.5
7210133,50,192,89261,0.15,0.004,66527,7,0.3
4721272,29,444,300000,0.15,0.004,129535,7,0.7
5112471,40,312,52749,0.05,0.001,32715,5,0.3
5051824,50,192,84827,0.3,0.008,58009,18,0.5
1848249,26,480,96880,0.05,0.001,49637,7,0.7
44299459,59,84,161473,0.15,0.001,96168,6,0.3
6195213,48,216,74987,0.15,0.004,51302,9,0.3
16123329,40,312,100331,0.15,0.004,54544,9,0.5
20577194,42,288,205353,0.05,0.001,112857,5,0.5
795550,36,360,60581,0.15,0.004,41415,8,0.7
750833,40,312,41399,0.15,0.004,37630,6,0.5
58655,23,516,59278,0.05,0.001,43866,4,0.3
565959,26,480,79453,0.05,0.001,62258,4,0.5
3257445,51,180,52370,0.15,0.001,39347,8,0.3
2095789,40,312,62171,0.05,0.001,37530,4,0.3
9951729,41,300,131305,0.05,0.001,59453,5,0.5
1902997,53,156,36645,0.15,0.001,27903,7,0.3
15946,24,504,46338,0.05,0.001,50465,7,0.5
3315901,50,192,51831,0.15,0.001,34426,6,0.3
0,22,528,83940,0.05,0.001,61683,6,0.5
18132337,58,96,71079,0.05,0.001,56136,7,0.3
3038218,41,300,80790,0.15,0.004,53448,7,0.5
22535973,40,312,85766,0.15,0.004,50634,6,0.5
25419862,39,324,159840,0.05,0.001,84020,5,0.5
5411286,39,324,85805,0.15,0.004,44697,9,0.3
537674,25,492,103127,0.05,0.001,67300,6,0.7
8711891,29,444,252089,0.05,0.001,144465,6,0.7
4492360,35,372,112764,0.15,0.001,74948,9,0.3
119363,24,504,55813,0.05,0.001,31086,5,0.7
5837881,39,324,103374,0.05,0.001,50530,6,0.5
2446731,33,396,109254,0.05,0.001,68226,6,0.7
6203988,40,312,99062,0.3,0.008,69817,14,0.5
980037,37,348,91851,0.05,0.001,79332,6,0.5
14919252,54,144,75128,0.15,0.001,44085,9,0.3
3214213,40,312,70646,0.15,0.004,56387,9,0.5
1327945,40,312,62850,0.15,0.004,53131,8,0.7
21073722,53,156,141654,0.15,0.001,80134,6,0.3
2615352,31,420,84662,0.05,0.001,56284,7,0.7
92329157,41,300,300000,0.05,0.001,150287,5,0.5
4251518,38,336,66459,0.05,0.001,33764,7,0.5
16651754,41,300,150297,0.05,0.001,61309,4,0.3
355187,31,420,64850,0.05,0.001,41529,7,0.5
5986665,47,228,69990,0.05,0.001,42429,7,0.5
9874342,32,408,300000,0.15,0.004,155825,9,0.7
453395,27,468,83203,0.05,0.001,63084,6,0.3
11768231,34,384,300000,0.15,0.001,148210,9,0.7
8905249,39,324,75862,0.15,0.004,48941,8,0.7
1174243,28,456,112875,0.05,0.001,72483,7,0.7
711273,43,276,38729,0.15,0.004,32322,7,0.5
4831684,34,384,157837,0.05,0.001,71888,7,0.5
267066,32,408,37859,0.15,0.004,27236,6,0.5
14923209,57,108,88760,0.3,0.008,65411,10,0.3
8260297,36,360,112498,0.05,0.001,68160,4,0.7
952931,26,480,68436,0.3,0.004,40026,19,0.7
7441,24,504,27605,0.3,0.008,23267,15,0.5
69981,32,408,44647,0.3,0.004,44495,20,0.7
5332270,41,300,84015,0.05,0.001,48893,4,0.5
278054,28,456,49828,0.3,0.004,39832,12,0.7
5535121,50,192,71948,0.15,0.004,44544,8,0.7
527108,53,156,41759,0.3,0.004,39967,15,0.5
5841722,46,240,57359,0.15,0.004,42788,8,0.7
874754,31,420,70446,0.3,0.004,46364,17,0.7
59204,27,468,38338,0.3,0.008,36404,22,0.5
166115,36,360,38902,0.3,0.008,43837,21,0.5
846604,27,468,116646,0.15,0.004,83390,8,0.7
36837488,57,108,49795,0.15,0.004,32565,8,0.3
431052,31,420,39721,0.15,0.004,31336,6,0.3
1716807,31,420,71091,0.05,0.001,39960,5,0.7
92774,30,432,26407,0.15,0.004,24133,9,0.5
7914086,49,204,68481,0.3,0.004,43838,18,0.7
462021,40,312,46304,0.15,0.004,41244,7,0.5
14273826,38,336,136056,0.05,0.001,57580,6,0.5
1784768,39,324,60998,0.3,0.008,41081,14,0.3
4926241,40,312,67048,0.05,0.001,48831,5,0.3
682774,40,312,20000,0.15,0.004,16937,7,0.7
921735,37,348,29982,0.15,0.001,19431,9,0.7
5292932,43,276,87261,0.05,0.001,67530,4,0.7
2448449,37,348,69472,0.15,0.001,40267,8,0.3
3093644,43,276,53325,0.15,0.001,40076,8,0.3
1301989,38,336,28900,0.15,0.001,21854,6,0.3
2502868,36,360,60511,0.15,0.004,40175,6,0.3
7616513,32,408,168148,0.05,0.001,68164,7,0.7
97853,25,492,37914,0.05,0.001,30864,6,0.7
14420,23,516,49765,0.15,0.001,48493,6,0.5
1848084,36,360,60427,0.15,0.004,46087,8,0.5
2896,23,516,34870,0.3,0.004,30839,18,0.5
814114,47,228,32527,0.15,0.001,30784,8,0.5
42840,24,504,51527,0.3,0.004,29610,23,0.5
2532080,55,132,61447,0.15,0.004,55573,6,0.3
804814,26,480,64124,0.3,0.004,43367,15,0.7
869402,35,372,34804,0.3,0.004,28930,15,0.5
34782297,48,216,300000,0.05,0.001,131584,6,0.7
1870546,51,180,76845,0.15,0.001,59743,7,0.5
43570596,40,312,300000,0.05,0.001,129805,4,0.5
301002,36,360,39643,0.3,0.008,30559,20,0.5
27175,24,504,58396,0.05,0.001,40890,6,0.3
1066507,49,204,36187,0.15,0.001,28577,8,0.7
5475888,52,168,73673,0.15,0.004,52711,7,0.3
2716576,31,420,109891,0.15,0.004,65539,7,0.7
110043,25,492,35838,0.05,0.001,25963,4,0.3
73575201,45,252,300000,0.15,0.001,148114,8,0.5
22853988,59,84,89107,0.15,0.001,57279,6,0.3
362167,26,480,63598,0.05,0.001,42086,4,0.5
10150294,55,132,86357,0.3,0.008,52992,12,0.5
6709586,42,288,117162,0.05,0.001,75238,5,0.3
545603,36,360,46059,0.05,0.001,39667,4,0.3
13078,23,516,31554,0.15,0.004,23396,9,0.3
154521998,58,96,260558,0.05,0.001,98728,5,0.5
423563,40,312,44942,0.15,0.004,48486,6,0.7
23243975,46,240,146265,0.05,0.001,80102,5,0.5
389140,51,180,44852,0.15,0.004,42251,6,0.3
1085655,41,300,29897,0.15,0.004,26943,6,0.7
48945,25,492,48970,0.05,0.001,44899,5,0.5
23674664,55,132,105678,0.15,0.001,87433,8,0.3
4078715,56,120,55513,0.3,0.008,29729,13,0.3
102579979,45,252,300000,0.3,0.008,137409,22,0.5
12464130,33,396,300000,0.15,0.004,166193,6,0.5
694591,26,480,87624,0.05,0.001,56207,5,0.5
8706540,39,324,80236,0.05,0.001,47673,6,0.5
534126,32,408,34376,0.15,0.001,24981,6,0.5
0,22,528,129764,0.15,0.004,52774,9,0.5
1694092,28,456,67500,0.05,0.001,39424,6,0.7
262075,31,420,40030,0.3,0.004,34362,15,0.3
120269,29,444,25376,0.15,0.004,22654,8,0.7
2628329,39,324,112058,0.05,0.001,80135,5,0.5
3031948,47,228,41717,0.3,0.008,31552,16,0.3
9844554,55,132,79967,0.15,0.004,57350,8,0.5
11036310,55,132,109953,0.15,0.004,88737,9,0.3
6701488,47,228,52275,0.3,0.008,25775,15,0.7
67146770,55,132,159896,0.05,0.001,81305,7,0.3
586706,54,144,37807,0.3,0.008,35788,17,0.3
9071454,52,168,53628,0.3,0.008,39605,14,0.5
110707877,50,192,150467,0.05,0.001,52532,5,0.3
286829752,59,84,300000,0.05,0.001,164327,4,0.3
27038462,49,204,144796,0.05,0.001,67030,4,0.5
1281304,35,372,41578,0.15,0.004,37535,9,0.5
87682303,45,252,145516,0.05,0.001,74014,4,0.3
3623885,51,180,66425,0.15,0.004,55704,6,0.3
1196501,39,324,39186,0.15,0.004,31473,6,0.5
0,22,528,88657,0.05,0.001,62328,5,0.5
1055428,50,192,48891,0.15,0.004,51741,7,0.7
14822002,41,300,90729,0.05,0.001,58005,5,0.3
59542,24,504,69220,0.15,0.004,54367,8,0.7
10928052,59,84,102049,0.05,0.001,89343,6,0.3
7147434,48,216,71646,0.05,0.001,49268,6,0.7
176677,23,516,300000,0.3,0.004,178193,19,0.5
164512884,56,120,253055,0.05,0.001,131766,4,0.5
20845889,58,96,78374,0.15,0.004,60680,6,0.5
270282,44,264,41787,0.3,0.004,34590,17,0.5
21820398,58,96,98450,0.05,0.001,75466,4,0.5
242122,32,408,40906,0.15,0.004,34306,8,0.5
30718037,51,180,216895,0.05,0.001,155004,5,0.5
4279980,29,444,142832,0.05,0.001,73877,7,0.7
1834449,28,456,61568,0.05,0.001,44001,6,0.7
30636710,58,96,112665,0.15,0.004,72175,9,0.3
1953374,40,312,63232,0.05,0.001,45469,4,0.5
10454182,35,372,120354,0.05,0.001,60376,7,0.5
858716,54,144,44256,0.3,0.008,39357,17,0.3
17037540,45,252,125571,0.15,0.004,56136,9,0.3
1500105,30,432,94278,0.15,0.001,66926,8,0.5
1379180,48,216,36794,0.3,0.004,32211,9,0.5
45154320,37,348,300000,0.15,0.004,155997,8,0.5
115507,33,396,24876,0.3,0.004,22896,10,0.5
8380503,49,204,63135,0.05,0.001,38284,7,0.3
172357215,55,132,300000,0.05,0.001,163676,5,0.5
5958081,37,348,122411,0.15,0.001,64329,8,0.3
0,22,528,44153,0.15,0.001,33854,6,0.5
3626312,26,480,212184,0.05,0.001,113358,4,0.7
243073,41,300,40072,0.3,0.004,41886,13,0.5
12320409,52,168,126276,0.15,0.004,60971,8,0.3
11003949,41,300,130456,0.15,0.001,71386,9,0.3
1543680,26,480,68621,0.15,0.001,50786,6,0.7
429580,44,264,24940,0.3,0.008,17723,20,0.3
448563,34,384,46371,0.3,0.008,37072,14,0.5
4440529,33,396,89024,0.15,0.004,56428,7,0.7
3786449,31,420,68324,0.15,0.004,47912,9,0.5
22409708,49,204,107213,0.05,0.001,56012,6,0.5
1872643,32,408,85132,0.05,0.001,63228,7,0.7
25099589,37,348,201338,0.05,0.001,86422,6,0.7
3305769,36,360,67979,0.05,0.001,50614,7,0.3
4285012,45,252,82642,0.05,0.001,62746,4,0.5
47937557,59,84,78366,0.3,0.004,49173,14,0.5
1270187,31,420,106186,0.05,0.001,80769,7,0.7
951916,33,396,49238,0.15,0.001,38636,7,0.7
238178,29,444,48149,0.15,0.004,36752,6,0.3
15689620,52,168,105215,0.15,0.004,74157,9,0.3
2660052,39,324,53941,0.15,0.004,40572,7,0.5
289469570,57,108,300000,0.05,0.001,137440,5,0.3
6225386,44,264,101922,0.15,0.004,72954,7,0.3
13096127,55,132,87300,0.05,0.001,63233,4,0.3
2429862,51,180,47491,0.3,0.008,36399,22,0.3
91130656,59,84,228461,0.15,0.001,164918,8,0.5
2962345,58,96,45517,0.15,0.004,44052,9,0.3
4950789,49,204,63227,0.05,0.001,45368,4,0.3
2076051,47,228,63303,0.15,0.004,44580,8,0.3
819274,35,372,37287,0.3,0.004,31308,8,0.5
10882097,58,96,63195,0.15,0.001,53520,6,0.3
5938485,55,132,36744,0.05,0.001,44609,4,0.3
675545,33,396,35628,0.15,0.004,26694,9,0.7
72404230,51,180,300000,0.05,0.001,156694,6,0.5
17259648,50,192,114736,0.05,0.001,69068,4,0.3
8291696,33,396,300000,0.05,0.001,142025,4,0.5
0,22,528,38065,0.15,0.004,33645,9,0.5
1413530,30,432,91478,0.05,0.001,66691,5,0.5
2701060,35,372,79071,0.15,0.004,54373,8,0.5
3825,23,516,21425,0.15,0.004,18377,9,0.3
51516,24,504,68150,0.15,0.004,46976,7,0.3
3843058,55,132,36973,0.15,0.004,31795,7,0.3
17448844,38,336,146343,0.05,0.001,62614,7,0.3
785093,30,432,52060,0.05,0.001,31310,5,0.7
3656582,47,228,102141,0.05,0.001,84743,4,0.3
18884349,56,120,62379,0.15,0.001,34010,7,0.5
6113833,32,408,118115,0.05,0.001,70822,4,0.7
16651664,50,192,161596,0.05,0.001,102409,5,0.3
479808,30,432,59201,0.05,0.001,49461,4,0.3
38619,26,480,23762,0.05,0.001,20698,5,0.7
394398,47,228,37188,0.3,0.004,30977,21,0.3
266883,33,396,25943,0.15,0.004,26091,9,0.5
263369520,59,84,300000,0.05,0.001,133706,6,0.3
10516591,48,216,64874,0.05,0.001,40631,4,0.5
196137446,57,108,300000,0.05,0.001,125296,7,0.3
97620848,51,180,149362,0.05,0.001,69217,4,0.3
17758677,45,252,300000,0.15,0.004,144111,7,0.5
810614,31,420,68264,0.05,0.001,42427,5,0.5
7485653,40,312,79997,0.15,0.004,51211,8,0.5
205203625,59,84,273288,0.05,0.001,156813,5,0.3
2072839,29,444,63731,0.15,0.004,30970,8,0.7
7120130,45,252,63377,0.3,0.004,42429,11,0.5
158371,25,492,33545,0.05,0.001,25089,6,0.5
12152415,53,156,102736,0.05,0.001,77695,5,0.3
1232633,29,444,62161,0.05,0.001,43194,7,0.7
26403989,55,132,131602,0.15,0.001,70129,7,0.3
22887870,56,120,121004,0.15,0.004,68173,9,0.3
2716784,45,252,51787,0.15,0.004,39715,8,0.5
105625177,55,132,300000,0.3,0.008,185974,20,0.5
14298911,34,384,300000,0.05,0.001,192833,7,0.7
11464758,49,204,65176,0.3,0.008,41076,13,0.5
49146307,48,216,158993,0.05,0.001,94979,6,0.5
89479,26,480,32739,0.3,0.004,27812,15,0.3
15022042,42,288,112528,0.15,0.004,77366,9,0.5
14655660,39,324,191514,0.05,0.001,97367,6,0.3
14997771,33,396,94032,0.05,0.001,51048,7,0.7
10380416,38,336,300000,0.15,0.001,191278,6,0.7
399316,35,372,44884,0.3,0.008,36010,17,0.5
12834690,36,360,207158,0.05,0.001,102189,5,0.5
10075267,52,168,56874,0.3,0.004,34692,18,0.3
15804911,50,192,130654,0.05,0.001,86049,6,0.5
1240110,42,288,47410,0.15,0.004,42041,8,0.3
64573127,51,180,195817,0.05,0.001,98835,4,0.3
1478841,44,264,43422,0.15,0.004,38107,7,0.5
4440960,47,228,79156,0.05,0.001,48669,5,0.7
18259572,51,180,100967,0.05,0.001,69508,7,0.5
1559079,37,348,60710,0.05,0.001,49046,6,0.3
29152720,40,312,300000,0.05,0.001,159818,4,0.3
2104301,33,396,91843,0.05,0.001,64136,7,0.7
8508233,46,240,74844,0.05,0.001,33949,5,0.5
1404542,39,324,71529,0.15,0.004,59856,6,0.5
0,22,528,20000,0.15,0.001,17344,8,0.7
1454949,54,144,36073,0.15,0.001,31493,9,0.5
234566,25,492,66288,0.15,0.004,45607,9,0.5
1190720,39,324,36473,0.15,0.001,27726,7,0.7
101337976,55,132,242737,0.05,0.001,123605,5,0.3
15917,23,516,24840,0.15,0.001,19620,6,0.5
1415567,36,360,53390,0.15,0.004,31539,6,0.3
1419507,27,468,133011,0.15,0.004,90521,6,0.5
4628537,26,480,270930,0.05,0.001,141666,7,0.7
1373917,32,408,82947,0.15,0.004,54571,9,0.7
27737454,45,252,150318,0.05,0.001,85598,6,0.7
342181,36,360,39528,0.15,0.004,33480,7,0.7
5077304,59,84,54002,0.15,0.004,44311,8,0.3
932329,27,468,81125,0.05,0.001,59581,7,0.7
128179827,57,108,168999,0.05,0.001,83674,4,0.3
125376210,55,132,300000,0.05,0.001,210665,7,0.5
37032538,52,168,142223,0.15,0.001,48933,6,0.3
451701,26,480,47856,0.05,0.001,33805,5,0.3
578183,35,372,37964,0.05,0.001,32219,4,0.7
4997154,36,360,84745,0.15,0.004,38416,6,0.5
2822181,41,300,60411,0.05,0.001,40952,6,0.5
461020,52,168,34955,0.15,0.004,33043,6,0.5
19682801,55,132,112236,0.15,0.001,73143,9,0.3
5902896,43,276,90619,0.05,0.001,57511,5,0.5
386949,44,264,47489,0.15,0.004,49055,9,0.5
4148779,33,396,132987,0.05,0.001,81649,6,0.7
180488,32,408,24934,0.3,0.004,21746,15,0.7
4775895,45,252,50182,0.15,0.004,31058,6,0.5
17675171,42,288,102996,0.15,0.004,49680,7,0.5
205101,32,408,20382,0.15,0.004,18240,7,0.5
1759856,37,348,48534,0.15,0.004,40159,8,0.7
5690985,55,132,47862,0.15,0.004,37899,8,0.3
641355,32,408,49108,0.3,0.004,35257,13,0.7
18955,24,504,36325,0.15,0.004,31609,7,0.5
3702,23,516,30096,0.15,0.004,25653,6,0.5
159818339,56,120,300000,0.05,0.001,131563,6,0.5
23597680,37,348,300000,0.3,0.008,125613,10,0.5
5621229,41,300,56442,0.3,0.004,28030,15,0.5
18317529,38,336,213111,0.05,0.001,122766,7,0.5
1419983,30,432,93572,0.05,0.001,65026,5,0.5
41811836,59,84,142513,0.05,0.001,77623,7,0.5
11811025,44,264,128047,0.15,0.001,93214,6,0.7
1353078,57,108,21907,0.15,0.004,19170,6,0.5
958473,28,456,49271,0.05,0.001,37724,7,0.7
62628,26,480,48019,0.15,0.001,45936,9,0.3
502976,27,468,68352,0.05,0.001,53816,7,0.7
250122,30,432,45756,0.15,0.004,39861,8,0.3
7356824,40,312,88932,0.05,0.001,52709,7,0.3
22558825,45,252,155648,0.05,0.001,80895,7,0.3
9052524,54,144,78358,0.05,0.001,45602,4,0.3
857752,53,156,32681,0.3,0.004,30323,13,0.3
39204521,56,120,113379,0.05,0.001,57683,4,0.3
252247,31,420,43581,0.15,0.004,34404,8,0.3
175980,26,480,23525,0.3,0.004,19431,14,0.5
4326,23,516,46451,0.15,0.001,45567,8,0.5
1270193,32,408,120303,0.3,0.008,92712,18,0.7
1854487,47,228,44178,0.15,0.004,37931,7,0.3
6383097,32,408,300000,0.15,0.001,147596,9,0.7
1529922,57,108,31384,0.15,0.001,23543,6,0.5
7921954,45,252,80616,0.05,0.001,40368,6,0.5
3828488,46,240,58940,0.3,0.008,36621,9,0.5
12251792,48,216,156837,0.05,0.001,62976,6,0.3
25992806,47,228,300000,0.3,0.004,184835,13,0.5
5123806,36,360,150153,0.05,0.001,83034,4,0.5
12979034,56,120,125981,0.05,0.001,84078,6,0.3
4464332,37,348,79534,0.15,0.004,55111,8,0.5
195103816,59,84,300000,0.05,0.001,178717,7,0.5
3785163,40,312,60895,0.15,0.004,34011,7,0.5
292829,42,288,38267,0.3,0.004,38586,12,0.3
49082811,57,108,117113,0.05,0.001,57783,4,0.5
233374,32,408,46759,0.15,0.001,46281,8,0.3
1453595,35,372,42945,0.15,0.001,30816,8,0.7
6840217,42,288,77893,0.3,0.004,59542,9,0.3
151094023,56,120,196096,0.05,0.001,84082,7,0.3
1736517,36,360,66206,0.15,0.001,38034,6,0.5
70495729,59,84,114676,0.05,0.001,74405,4,0.3
87277,35,372,36895,0.15,0.001,36350,9,0.3
815132,26,480,102372,0.05,0.001,76814,4,0.7
26744260,57,108,66185,0.15,0.001,41299,6,0.3
3542179,46,240,101161,0.15,0.004,69532,6,0.3
541683,34,384,47464,0.15,0.001,41263,8,0.7
5114978,40,312,118831,0.05,0.001,84241,4,0.5
4014920,32,408,104405,0.15,0.001,74640,9,0.5
3131910,38,336,62628,0.05,0.001,37422,4,0.5
1386900,27,468,97579,0.05,0.001,59444,4,0.7
7261837,49,204,50387,0.15,0.004,36990,6,0.5
1548586,38,336,53440,0.15,0.001,36942,8,0.5
2137115,34,384,71951,0.05,0.001,46457,5,0.7
725422,29,444,52682,0.15,0.004,32200,7,0.5
355190,27,468,62869,0.3,0.004,39787,18,0.5
538616,26,480,62709,0.15,0.001,34400,6,0.7
4018322,27,468,127217,0.05,0.001,59987,5,0.7
61270,26,480,43241,0.15,0.001,39597,8,0.5
3214755,45,252,63902,0.15,0.004,44508,8,0.7
373675,30,432,46050,0.15,0.004,38653,6,0.3
2699743,31,420,74941,0.05,0.001,46523,4,0.7
6662699,39,324,87205,0.15,0.004,50081,9,0.7
595196,45,252,27366,0.15,0.004,23270,8,0.5
0,22,528,65557,0.15,0.001,49356,9,0.5
383417,39,324,43705,0.3,0.008,39667,14,0.7
7006707,43,276,157263,0.05,0.001,78190,6,0.5
6420014,44,264,87336,0.05,0.001,65036,6,0.3
8706273,54,144,50994,0.15,0.004,28874,6,0.3
153200,37,348,31389,0.15,0.004,31638,9,0.5
685717,39,324,44739,0.15,0.004,39109,7,0.5
0,22,528,40573,0.15,0.004,32529,7,0.7
38248646,54,144,126750,0.15,0.004,63574,7,0.3
8860927,44,264,70980,0.15,0.004,37811,8,0.5
2108379,37,348,80216,0.15,0.004,65722,7,0.7
6315027,40,312,90219,0.15,0.004,50324,7,0.5
25509896,48,216,300000,0.3,0.004,145808,8,0.7
2210841,31,420,94747,0.15,0.004,51115,8,0.7
132645190,58,96,210371,0.05,0.001,146868,7,0.3
7641979,40,312,101588,0.05,0.001,72085,5,0.5
5143325,42,288,77318,0.15,0.001,46062,6,0.5
351714,44,264,26447,0.15,0.001,21796,7,0.3
782652,38,336,38926,0.15,0.004,34431,9,0.5
58511,30,432,25111,0.3,0.004,27611,23,0.3
7934537,31,420,124581,0.05,0.001,73210,7,0.7
43213298,43,276,225567,0.05,0.001,117393,7,0.3
10256577,50,192,90739,0.05,0.001,61322,4,0.3
0,22,528,61372,0.05,0.001,52102,5,0.7
2206539,49,204,99940,0.15,0.001,60824,6,0.5
746714,32,408,76590,0.15,0.004,56308,6,0.5
5758639,57,108,89778,0.3,0.004,56618,20,0.3
247913,23,516,300000,0.3,0.004,149008,8,0.5
1154988,33,396,95979,0.05,0.001,72927,6,0.7
8791371,43,276,134116,0.15,0.004,80835,7,0.5
4178919,33,396,63066,0.15,0.001,39666,6,0.7
5391424,38,336,74649,0.3,0.004,44869,22,0.3
10675870,31,420,209718,0.05,0.001,153444,4,0.7
5092405,37,348,70824,0.05,0.001,45794,7,0.5
45783275,56,120,295077,0.05,0.001,197538,5,0.3
2914494,41,300,56490,0.15,0.004,42784,8,0.5
108317216,56,120,221173,0.05,0.001,136043,5,0.3
156971393,53,156,300000,0.05,0.001,119090,6,0.3
0,22,528,22142,0.3,0.008,18867,9,0.5
10106665,42,288,100893,0.15,0.004,50516,9,0.3
8680698,40,312,151015,0.15,0.004,76366,7,0.5
44623158,58,96,127689,0.15,0.004,58521,8,0.3
641293,41,300,70366,0.3,0.004,59172,15,0.5
4713754,41,300,61900,0.3,0.008,37587,23,0.5
94301897,59,84,163758,0.05,0.001,76118,6,0.5
25369213,59,84,184571,0.05,0.001,87422,7,0.3
19471375,53,156,124511,0.15,0.004,49410,9,0.3
5079669,43,276,101496,0.05,0.001,76148,7,0.5
5334466,47,228,83078,0.3,0.008,58732,13,0.5
6166093,52,168,106887,0.05,0.001,63816,5,0.3
1075068,34,384,56054,0.15,0.001,36590,7,0.7
11116297,42,288,112252,0.05,0.001,73322,5,0.3
85111,30,432,34293,0.15,0.004,37048,7,0.5
5606027,35,372,169412,0.05,0.001,122895,6,0.7
5234117,48,216,90810,0.05,0.001,60664,4,0.5
10788166,51,180,97681,0.15,0.001,62948,9,0.3
8044897,32,408,104187,0.05,0.001,60427,6,0.5
259518,26,480,47262,0.15,0.004,39130,6,0.7
115388,29,444,29816,0.3,0.008,25150,10,0.3
71171678,48,216,115367,0.05,0.001,69636,4,0.5
10609558,42,288,111238,0.05,0.001,69762,6,0.3
692911,44,264,46150,0.15,0.001,38918,7,0.5
24138,25,492,20000,0.15,0.001,17911,7,0.5
20237994,46,240,138906,0.05,0.001,80145,4,0.7
9587194,57,108,80057,0.15,0.004,49540,6,0.3
7227,23,516,37726,0.15,0.001,32021,9,0.3
18914470,41,300,157296,0.05,0.001,71049,6,0.3
9542596,56,120,86525,0.15,0.001,60073,8,0.5
502671,23,516,176957,0.05,0.001,100542,7,0.7
4691911,42,288,72520,0.15,0.004,45826,8,0.5
21913701,35,372,300000,0.15,0.004,176699,9,0.5
7179881,30,432,139017,0.05,0.001,74796,6,0.7
100954,31,420,34244,0.15,0.004,32308,9,0.7
3712046,47,228,60102,0.05,0.001,45683,6,0.7
216492,37,348,34184,0.05,0.001,35096,7,0.5
1864174,34,384,95783,0.05,0.001,74290,7,0.7
5554534,37,348,122703,0.15,0.004,76494,9,0.7
6176654,32,408,99484,0.05,0.001,60638,4,0.5
4384876,41,300,99997,0.15,0.001,78715,6,0.3
86140,37,348,35168,0.15,0.001,32983,9,0.3
1314946,52,168,39665,0.15,0.004,35744,8,0.5
86456,37,348,31467,0.15,0.004,34293,8,0.5
14775692,51,180,79000,0.15,0.004,48696,8,0.3
7795538,39,324,124984,0.05,0.001,66655,4,0.3
13883787,34,384,185089,0.15,0.004,89319,9,0.7
42974,28,456,29595,0.15,0.004,28460,7,0.3
3798131,34,384,118136,0.05,0.001,75766,4,0.5
42292,31,420,20000,0.3,0.008,19868,19,0.3
17905069,54,144,61859,0.3,0.004,32164,19,0.3
15925931,50,192,300000,0.15,0.004,182226,8,0.5
2197268,51,180,36060,0.15,0.001,31634,7,0.5
13118778,52,168,66741,0.15,0.004,45427,9,0.5
30689483,59,84,80858,0.05,0.001,49890,7,0.5
808850,43,276,31412,0.15,0.004,24491,7,0.5
0,22,528,185496,0.05,0.001,74978,4,0.5
1903562,33,396,81773,0.05,0.001,55235,5,0.7
774671,24,504,300000,0.15,0.004,161573,7,0.7
6410243,31,420,134709,0.15,0.004,47267,9,0.5
5524212,49,204,52090,0.3,0.008,31082,16,0.3
14751,24,504,46069,0.15,0.004,48269,8,0.3
571032,50,192,44433,0.15,0.004,36957,8,0.5
21571677,36,360,255145,0.05,0.001,113973,4,0.5
6247664,44,264,115274,0.05,0.001,81752,4,0.5
30832237,44,264,300000,0.05,0.001,106877,6,0.3
24234739,59,84,107505,0.15,0.001,57657,8,0.3
5149396,55,132,60404,0.15,0.001,40570,8,0.5
21812254,40,312,300000,0.3,0.004,183966,8,0.3
14489725,52,168,89933,0.3,0.008,45064,22,0.3
10518309,40,312,153185,0.15,0.004,79351,7,0.3
245569,24,504,100548,0.15,0.004,70304,7,0.5
217340,27,468,35491,0.15,0.004,25362,7,0.3
76835941,48,216,141565,0.05,0.001,63155,5,0.5
10934313,35,372,173793,0.05,0.001,64077,5,0.3
64747,28,456,20602,0.3,0.008,18784,15,0.3
3315020,52,168,56663,0.15,0.004,53650,8,0.3
550608,35,372,55007,0.15,0.001,43995,8,0.5
8312295,40,312,71905,0.15,0.004,40612,8,0.5
7477888,49,204,62767,0.05,0.001,41625,6,0.5
114263,27,468,34944,0.05,0.001,29304,4,0.5
1116387,30,432,78262,0.15,0.004,61322,8,0.7
4852119,31,420,143975,0.05,0.001,100405,4,0.7
629747,31,420,36463,0.3,0.004,28534,22,0.7
89230896,47,228,300000,0.05,0.001,196219,6,0.3
14861969,55,132,52957,0.05,0.001,31632,4,0.3
23575871,37,348,300000,0.15,0.001,194887,9,0.5
49090,26,480,41223,0.15,0.004,38006,9,0.5
150197028,45,252,300000,0.05,0.001,129094,7,0.3
546656,27,468,76734,0.3,0.008,44462,14,0.7
2919936,58,96,47980,0.15,0.004,41276,7,0.3
203771,29,444,46987,0.05,0.001,40240,6,0.3
0,22,528,48176,0.15,0.004,41209,6,0.3
17590428,56,120,55149,0.05,0.001,23982,5,0.5
41015525,57,108,61588,0.15,0.004,34984,6,0.5
10794405,56,120,130830,0.05,0.001,77062,7,0.3
11192471,48,216,77931,0.15,0.001,57684,7,0.3
24210229,50,192,68340,0.05,0.001,41153,5,0.5
433575,26,480,83601,0.15,0.004,58035,9,0.5
1610535,33,396,66630,0.3,0.004,42143,10,0.5
86157289,53,156,240911,0.05,0.001,103019,5,0.3
9574565,58,96,122666,0.3,0.008,73210,17,0.3
220891,24,504,120764,0.05,0.001,68313,5,0.5
5598632,42,288,111041,0.15,0.004,86133,7,0.5
787956,26,480,78412,0.15,0.001,47832,9,0.5
906220,39,324,44232,0.15,0.001,37318,9,0.5
2094146,34,384,76415,0.15,0.004,50619,7,0.7
3796,23,516,39850,0.15,0.001,36812,6,0.5
36993,23,516,34145,0.05,0.001,25386,7,0.5
140572409,54,144,227015,0.05,0.001,87246,7,0.5
5316022,35,372,95611,0.15,0.001,52111,8,0.7
152254,23,516,148308,0.05,0.001,88317,7,0.5
7860106,40,312,157451,0.05,0.001,99351,4,0.5
341515,29,444,45007,0.15,0.004,33857,8,0.3
4707710,47,228,47224,0.3,0.004,35759,9,0.3
4646423,49,204,39244,0.15,0.004,26867,6,0.3
36846497,58,96,142779,0.05,0.001,68020,6,0.5
7938534,56,120,80596,0.15,0.001,64336,8,0.3
2847879,31,420,64151,0.15,0.004,49924,9,0.7
44270935,50,192,159419,0.05,0.001,97312,5,0.5
1099040,39,324,50639,0.3,0.008,43169,17,0.5
280729,30,432,38118,0.15,0.001,32677,8,0.5
2732,24,504,31376,0.15,0.004,30181,6,0.7
2992970,28,456,184024,0.05,0.001,107394,7,0.5
2002514,36,360,59969,0.15,0.004,36844,7,0.3
15957152,57,108,105833,0.15,0.004,80986,7,0.3
108659642,55,132,213294,0.05,0.001,102762,5,0.3
4440486,34,384,300000,0.3,0.008,184438,20,0.7
17038022,51,180,195403,0.05,0.001,108288,6,0.3
15646257,48,216,66344,0.15,0.004,33530,8,0.5
7691022,59,84,49378,0.15,0.001,42336,6,0.3
729845,37,348,56096,0.3,0.004,40151,22,0.5
148775117,58,96,300000,0.15,0.001,179456,8,0.3
3713229,33,396,176343,0.05,0.001,81796,4,0.7
18521213,55,132,100996,0.15,0.001,58795,6,0.3
679726,33,396,29565,0.15,0.004,18747,6,0.5
3009656,40,312,66364,0.3,0.008,38480,8,0.3
2169244,44,264,44846,0.15,0.004,38177,7,0.3
121000523,54,144,154025,0.05,0.001,83533,5,0.3
1957326,34,384,68797,0.15,0.001,45458,9,0.5
22178664,44,264,205322,0.15,0.001,117056,9,0.5
752633,26,480,56067,0.05,0.001,25880,6,0.7
538248,42,288,38987,0.15,0.001,30257,6,0.3
6307237,56,120,62585,0.15,0.001,48874,7,0.3
11032114,38,336,174056,0.05,0.001,95925,4,0.3
6040342,49,204,59644,0.15,0.001,38697,9,0.7
334116,52,168,38447,0.3,0.004,36941,22,0.5
15401570,56,120,120164,0.15,0.004,54255,7,0.3
8959592,51,180,56962,0.3,0.008,35253,23,0.3
972087,35,372,57322,0.3,0.008,36667,13,0.5
6920959,35,372,112802,0.05,0.001,68352,7,0.7
2714797,43,276,71867,0.3,0.004,54332,21,0.3
7087454,30,432,209397,0.05,0.001,119210,7,0.7
28362,23,516,100342,0.15,0.004,65322,8,0.3
152196114,57,108,277456,0.05,0.001,127278,6,0.3
3567181,39,324,80682,0.05,0.001,47425,4,0.5
1139253,46,240,28513,0.15,0.004,24057,9,0.7
4142062,49,204,85164,0.15,0.004,60986,7,0.5
88840,24,504,71807,0.3,0.004,47815,17,0.5
181376795,55,132,273239,0.05,0.001,156597,4,0.5
27986361,54,144,70657,0.15,0.004,49856,8,0.3
16755752,57,108,81837,0.3,0.004,44068,14,0.5
1428458,30,432,69638,0.15,0.004,44560,8,0.7
6238744,50,192,39861,0.15,0.004,32338,8,0.3
383275,40,312,29983,0.3,0.004,24300,21,0.3
1200301,44,264,38508,0.05,0.001,32014,6,0.5
33566091,48,216,134083,0.05,0.001,68591,7,0.5
8933377,46,240,71493,0.05,0.001,42709,6,0.3
3605222,49,204,55579,0.15,0.004,35560,6,0.5
150644,24,504,75876,0.15,0.001,54556,8,0.5
1458190,50,192,48940,0.15,0.004,38070,6,0.3
24340672,39,324,300000,0.05,0.001,157136,7,0.5
19518907,43,276,103883,0.05,0.001,67818,4,0.5
3900297,48,216,53112,0.3,0.004,29284,14,0.5
13829657,50,192,97421,0.05,0.001,62711,5,0.5
141367,32,408,39812,0.15,0.004,35755,8,0.5
20048695,38,336,221231,0.05,0.001,140393,5,0.3
1376269,36,360,44774,0.15,0.001,32900,6,0.3
29787,24,504,43231,0.15,0.001,37277,9,0.3
3379535,54,144,40955,0.15,0.001,32521,8,0.3
9222963,43,276,171394,0.05,0.001,118038,7,0.3
33003018,54,144,140302,0.05,0.001,75259,5,0.3
1496816,31,420,58296,0.15,0.001,35469,6,0.7
19004365,38,336,213930,0.05,0.001,130983,5,0.5
3476665,33,396,86749,0.05,0.001,66582,5,0.7
1772755,51,180,54541,0.15,0.001,46358,6,0.5
1930729,46,240,49986,0.05,0.001,45309,7,0.3
459576,23,516,153487,0.05,0.001,96922,4,0.7
192902,39,324,41092,0.15,0.001,39281,6,0.3
101536195,45,252,209743,0.05,0.001,126792,6,0.5
6096396,44,264,118940,0.15,0.004,80079,9,0.5
24069224,53,156,83794,0.05,0.001,56426,6,0.3
26312393,42,288,163548,0.05,0.001,73402,5,0.3
2495257,32,408,65145,0.05,0.001,34343,5,0.7
21608437,50,192,300000,0.3,0.008,174117,13,0.5
291733,32,408,59041,0.3,0.008,50765,20,0.3
15003188,54,144,75128,0.15,0.004,50176,6,0.3
0,22,528,22526,0.3,0.004,18305,8,0.3
2060680,31,420,105774,0.05,0.001,70484,6,0.7
17729603,53,156,149779,0.05,0.001,67476,7,0.5
0,22,528,49685,0.3,0.004,49309,20,0.3
465012,27,468,43852,0.15,0.004,35111,8,0.5
317934,25,492,39327,0.05,0.001,30057,6,0.5
487745,38,336,35172,0.15,0.004,29924,6,0.5
16386,23,516,48401,0.15,0.004,34978,9,0.5
6174802,42,288,115263,0.15,0.001,86152,7,0.3
480168,36,360,43685,0.3,0.008,40601,15,0.7
1843530,31,420,81740,0.3,0.008,57202,10,0.5
2120599,42,288,52462,0.15,0.004,38057,9,0.5
617444,27,468,110775,0.15,0.001,67976,6,0.7
490532,24,504,76674,0.15,0.004,46895,7,0.3
10099918,41,300,125334,0.05,0.001,64852,4,0.3
470523,27,468,81289,0.05,0.001,60506,6,0.5
0,22,528,20000,0.15,0.001,19002,8,0.5
75909829,52,168,282158,0.05,0.001,118134,6,0.3
36887552,58,96,113381,0.15,0.004,63865,9,0.3
5985692,43,276,108463,0.05,0.001,73290,7,0.7
842901,40,312,45623,0.15,0.004,36717,8,0.5
82721213,48,216,218126,0.05,0.001,150853,7,0.3
9869925,38,336,207941,0.15,0.004,102213,7,0.7
57788,23,516,75913,0.3,0.008,46598,12,0.5
15695911,41,300,300000,0.15,0.004,123776,6,0.3
24162,24,504,48872,0.15,0.004,43714,8,0.5
2740167,40,312,51575,0.15,0.004,29285,6,0.7
98507259,57,108,187200,0.05,0.001,80122,7,0.5
84583569,57,108,178751,0.05,0.001,74550,6,0.3
3320241,30,432,85677,0.05,0.001,55175,5,0.5
4172953,47,228,63866,0.15,0.001,55443,9,0.5
3867411,53,156,78781,0.15,0.004,63646,9,0.5
129705,25,492,54228,0.05,0.001,39847,7,0.7
1303623,39,324,49032,0.15,0.004,36692,6,0.7
7978169,42,288,91601,0.05,0.001,57872,6,0.3
2616622,34,384,44988,0.15,0.004,33468,9,0.7
12388812,32,408,300000,0.05,0.001,132792,5,0.7
73643,23,516,73481,0.05,0.001,51473,4,0.5
120197706,57,108,69039,0.15,0.004,39373,8,0.3
27391054,59,84,82484,0.15,0.001,45218,6,0.5
36849,29,444,28028,0.15,0.001,27076,7,0.3
3000549,41,300,49465,0.15,0.001,40407,8,0.5
9414744,37,348,144893,0.05,0.001,59840,4,0.7
177654,25,492,40034,0.05,0.001,32549,6,0.3
78431,23,516,64703,0.15,0.004,41907,6,0.3
72930130,47,228,254562,0.05,0.001,132885,6,0.5
1876623,35,372,93579,0.05,0.001,66211,7,0.3
101110,30,432,42081,0.15,0.004,41804,9,0.3
8302513,41,300,136055,0.15,0.004,57852,9,0.5
3198346,43,276,57253,0.3,0.008,36171,15,0.7
3384760,54,144,43513,0.3,0.004,30845,22,0.5
176668,46,240,39302,0.15,0.001,36399,8,0.3
358241,31,420,39899,0.15,0.004,30627,6,0.3
94258689,48,216,300000,0.15,0.001,193052,6,0.7
2897832,33,396,66935,0.15,0.001,38953,7,0.5
8233003,45,252,107601,0.05,0.001,72697,7,0.3
13548425,50,192,100219,0.3,0.008,75617,19,0.5
1654766,37,348,38978,0.15,0.001,29917,6,0.7
979697,51,180,38916,0.15,0.004,33201,6,0.3
6670954,45,252,174504,0.05,0.001,107708,4,0.7
1347012,31,420,55172,0.15,0.001,38713,7,0.5
2675731,42,288,79387,0.05,0.001,53072,6,0.3
859861,26,480,90957,0.15,0.004,63167,9,0.5
10262881,45,252,198742,0.15,0.001,124323,8,0.5
8794917,42,288,138085,0.05,0.001,67082,4,0.5
66402,25,492,22616,0.15,0.001,18281,6,0.5
403592,26,480,52111,0.15,0.001,28538,9,0.3
4536423,45,252,31381,0.15,0.004,25364,9,0.3
110973,25,492,36893,0.15,0.004,24524,6,0.7
2410158,41,300,57778,0.15,0.004,32471,9,0.3
13466295,33,396,241261,0.05,0.001,165794,4,0.7
39295048,58,96,110462,0.05,0.001,73124,5,0.5
40356322,53,156,184867,0.05,0.001,118449,7,0.3
3574566,34,384,54243,0.15,0.001,38457,7,0.7
96462093,56,120,171412,0.05,0.001,75245,6,0.3
33927839,43,276,300000,0.15,0.001,178074,8,0.5
36762585,54,144,142674,0.05,0.001,62444,6,0.5
116576,24,504,83184,0.05,0.001,54553,6,0.3
16444261,56,120,50596,0.15,0.001,31002,9,0.5
9592236,44,264,79022,0.15,0.004,51625,8,0.5
1209330,27,468,82000,0.05,0.001,58723,7,0.7
97580823,53,156,253394,0.05,0.001,148137,5,0.3
39176864,36,360,300000,0.15,0.004,120383,7,0.3
423462,32,408,61596,0.3,0.008,35906,20,0.7
36208196,58,96,89739,0.15,0.001,57663,8,0.3
5591116,45,252,86411,0.05,0.001,60305,6,0.5
259004,29,444,47480,0.3,0.004,37560,22,0.7
143479,27,468,20000,0.3,0.008,16904,23,0.7
2630907,31,420,75617,0.05,0.001,47394,4,0.7
17819168,53,156,94716,0.05,0.001,60699,4,0.3
2008169,38,336,70678,0.15,0.004,49212,7,0.3
2738361,32,408,103750,0.15,0.004,62890,9,0.5
49451680,54,144,300000,0.3,0.008,137014,10,0.3
2127665,32,408,59950,0.3,0.004,33917,17,0.5
702102,42,288,31689,0.15,0.004,27971,8,0.7
4485249,33,396,184439,0.05,0.001,124694,4,0.7
2455688,41,300,57503,0.15,0.004,45549,6,0.7
380659,26,480,61306,0.3,0.004,43703,8,0.5
152104,34,384,34670,0.05,0.001,34535,7,0.5
516311,36,360,24328,0.3,0.008,17581,16,0.5
122767721,59,84,251114,0.05,0.001,107740,4,0.3
3371296,42,288,53845,0.15,0.004,38936,7,0.5
28312082,52,168,69612,0.15,0.001,36796,6,0.3
133905,26,480,22479,0.15,0.001,16028,6,0.7
133661336,57,108,273229,0.05,0.001,134327,4,0.3
13736526,54,144,74287,0.05,0.001,56385,6,0.5
1339376,37,348,62606,0.15,0.004,41588,6,0.7
24109589,48,216,74165,0.05,0.001,38997,5,0.7
144044,23,516,300000,0.05,0.001,208987,6,0.5
1218602,28,456,99284,0.05,0.001,51624,6,0.7
29288900,45,252,141179,0.05,0.001,75334,4,0.5
36730351,57,108,119244,0.05,0.001,93108,7,0.3
37584533,56,120,148717,0.15,0.004,78027,9,0.5
35195921,58,96,188422,0.15,0.001,103329,6,0.5
132505924,54,144,488849,0.05,0.001,286121,5,0.3
11780341,44,264,68033,0.15,0.001,44649,6,0.5
3025988,33,396,110722,0.05,0.001,85868,6,0.5
1773309,47,228,45823,0.15,0.001,35107,9,0.3
24106268,55,132,95565,0.3,0.004,57070,17,0.5
3122559,40,312,56935,0.3,0.004,46625,22,0.5
4857970,49,204,52093,0.15,0.004,38005,9,0.7
4572505,46,240,52426,0.3,0.008,31330,12,0.5
177374,34,384,33344,0.15,0.001,32606,6,0.3
172760195,58,96,187901,0.05,0.001,115407,7,0.3
387290,37,348,46017,0.15,0.004,42410,6,0.5
1329576,49,204,26655,0.15,0.004,23361,7,0.3
6528351,43,276,90415,0.05,0.001,63901,7,0.5
34102155,57,108,119748,0.15,0.004,74519,7,0.3
825442,29,444,85669,0.15,0.004,50725,6,0.7
828677,25,492,83111,0.15,0.001,51868,6,0.7
1508729,43,276,32337,0.15,0.004,27162,8,0.3
154539328,47,228,300000,0.05,0.001,163030,4,0.5
36877800,53,156,72671,0.05,0.001,45655,4,0.3
271330,28,456,44601,0.15,0.004,34228,7,0.7
9782169,40,312,172837,0.05,0.001,123288,5,0.5
35418380,58,96,150900,0.15,0.004,93373,9,0.3
18657,24,504,33248,0.15,0.004,29673,9,0.5
124842413,57,108,300000,0.05,0.001,153583,7,0.3
163843,28,456,29335,0.3,0.004,24635,17,0.3
23585499,57,108,127617,0.15,0.001,78237,7,0.3
1136182,25,492,121371,0.05,0.001,70678,5,0.7
3077081,32,408,59835,0.05,0.001,43454,5,0.5
15976456,48,216,131120,0.05,0.001,74874,7,0.5
585170,35,372,66243,0.15,0.001,55092,8,0.5
20910234,34,384,240478,0.05,0.001,142732,5,0.5
5920960,37,348,138743,0.15,0.004,55124,7,0.3
679041,32,408,55727,0.15,0.004,37493,6,0.7
38071,32,408,20000,0.15,0.004,19668,9,0.5
6236678,28,456,300000,0.05,0.001,201663,6,0.7
11021998,51,180,54981,0.3,0.008,33488,16,0.3
7365588,52,168,116221,0.15,0.001,76321,7,0.3
985550,26,480,109057,0.15,0.001,58418,8,0.7
24481644,57,108,175395,0.05,0.001,107519,4,0.5
4137674,40,312,80949,0.15,0.004,42796,6,0.7
704294,34,384,49816,0.3,0.004,43406,8,0.5
1916723,47,228,29372,0.15,0.001,20825,8,0.5
377139,32,408,49131,0.05,0.001,59189,6,0.3
2500775,42,288,86373,0.15,0.004,57738,9,0.7
453993,26,480,107064,0.05,0.001,66595,5,0.3
3143337,59,84,54609,0.3,0.004,45877,22,0.3
1351801,26,480,204717,0.05,0.001,131785,6,0.7
65587245,39,324,262581,0.05,0.001,108401,7,0.3
32924262,59,84,94709,0.15,0.004,66118,7,0.5
2700588,35,372,54724,0.15,0.001,35644,7,0.5
6100046,54,144,40262,0.3,0.004,33065,10,0.3
837891,40,312,31823,0.3,0.004,25801,14,0.3
1129165,25,492,116891,0.05,0.001,67794,7,0.7
1447689,33,396,71709,0.05,0.001,54425,5,0.5
1432838,53,156,29835,0.3,0.004,25553,23,0.3
41841839,41,300,215483,0.05,0.001,95495,7,0.5
11135879,59,84,52947,0.15,0.004,39324,6,0.3
17407620,43,276,202223,0.05,0.001,99487,5,0.5
7009005,37,348,105793,0.05,0.001,50748,6,0.3
18262453,56,120,90480,0.15,0.001,51637,9,0.3
1074580,28,456,59215,0.15,0.004,34748,7,0.5
949230,29,444,38640,0.15,0.004,27604,6,0.7
6067020,45,252,56464,0.15,0.001,35472,9,0.3
33129107,47,228,118809,0.05,0.001,65419,4,0.7
10645610,47,228,89385,0.15,0.004,63180,8,0.5
21139,23,516,54160,0.05,0.001,45206,5,0.3
2224059,35,372,69235,0.15,0.001,46071,7,0.5
492632,41,300,46899,0.05,0.001,50187,5,0.5
7096346,40,312,60996,0.3,0.008,37215,16,0.3
3516720,42,288,84445,0.05,0.001,60677,4,0.7
13971848,33,396,193495,0.05,0.001,84310,6,0.7
0,22,528,83224,0.15,0.004,58971,6,0.5
31649204,50,192,123883,0.15,0.001,69446,6,0.3
192416,37,348,37082,0.3,0.008,28686,21,0.3
3218559,53,156,112975,0.05,0.001,95987,7,0.3
4854935,45,252,75527,0.05,0.001,40902,4,0.3
6990363,39,324,84308,0.05,0.001,63547,5,0.5
264359,42,288,44886,0.3,0.008,48744,19,0.5
10437076,50,192,84524,0.05,0.001,58418,7,0.7
134362666,54,144,300000,0.05,0.001,169799,5,0.3
2256941,41,300,45200,0.15,0.004,33030,7,0.5
1792992,30,432,61383,0.05,0.001,28987,4,0.7
104358,26,480,38567,0.3,0.004,30825,19,0.3
5356495,40,312,73278,0.15,0.004,48329,7,0.3
914936,37,348,45305,0.3,0.004,33816,17,0.7
16465660,37,348,300000,0.05,0.001,166691,7,0.3
4418151,53,156,82932,0.3,0.004,68193,17,0.5
3048849,35,372,64218,0.15,0.004,42607,8,0.5
0,22,528,49549,0.15,0.004,38227,8,0.5
27093,23,516,39135,0.05,0.001,32120,7,0.7
24341823,56,120,91225,0.15,0.004,61675,9,0.3
2469020,33,396,56285,0.15,0.004,38344,8,0.7
20696532,45,252,83065,0.05,0.001,40031,7,0.5
19256413,51,180,103028,0.15,0.004,84622,6,0.5
2589,23,516,25650,0.15,0.001,22234,6,0.5
14648454,50,192,65466,0.05,0.001,42978,4,0.7
9217806,57,108,94312,0.05,0.001,55662,5,0.5
505363,40,312,20000,0.15,0.001,15323,7,0.7
31655963,46,240,159330,0.05,0.001,95391,6,0.3
1748169,26,480,300000,0.3,0.008,216054,11,0.7
43886239,59,84,97180,0.15,0.004,48324,9,0.5
3437856,35,372,92541,0.15,0.004,66624,9,0.3
959569,34,384,51043,0.3,0.004,31634,22,0.7
878794,24,504,300000,0.05,0.001,186720,7,0.5
2267765,47,228,38557,0.15,0.001,33428,8,0.5
34496237,53,156,197818,0.05,0.001,118170,4,0.3
1774754,34,384,72413,0.05,0.001,54838,7,0.5
4031333,39,324,113711,0.05,0.001,88173,7,0.5
19023577,38,336,148314,0.05,0.001,90494,4,0.5
87956,31,420,46399,0.15,0.004,42141,7,0.3
33512351,57,108,214959,0.05,0.001,112075,5,0.3
5603494,41,300,62767,0.05,0.001,35853,6,0.5
158060521,59,84,270104,0.05,0.001,133668,5,0.5
19749388,57,108,107730,0.3,0.008,61242,17,0.3
13476693,49,204,87451,0.15,0.004,45436,7,0.3
6087503,33,396,151402,0.05,0.001,86137,5,0.7
14222051,51,180,58456,0.15,0.004,30210,6,0.3
60381,25,492,45236,0.05,0.001,41554,5,0.3
104362,32,408,29062,0.3,0.004,24246,17,0.5
14316,27,468,25895,0.15,0.004,25477,7,0.3
3299965,40,312,52051,0.15,0.004,28152,9,0.5
3815715,29,444,114818,0.05,0.001,73447,7,0.7
103429329,55,132,146063,0.05,0.001,72896,5,0.3
1483004,40,312,37154,0.15,0.004,26674,8,0.7
4105131,46,240,59632,0.05,0.001,40775,4,0.7
6777467,52,168,92826,0.05,0.001,67219,7,0.3
2430,23,516,22386,0.15,0.004,19732,6,0.3
421404,46,240,34492,0.15,0.004,32260,6,0.5
41343581,39,324,300000,0.05,0.001,161656,4,0.5
31658925,48,216,150716,0.15,0.004,73444,7,0.3
165897,31,420,33827,0.15,0.001,32779,6,0.3
18506554,44,264,91173,0.05,0.001,63469,6,0.5
16611392,37,348,300000,0.15,0.004,195198,9,0.7
5246412,49,204,71146,0.05,0.001,41206,5,0.3
1046080,30,432,76197,0.15,0.004,43344,6,0.7
236456,31,420,45703,0.3,0.004,42242,10,0.7
5827773,42,288,86530,0.05,0.001,60016,6,0.7
676334,30,432,60689,0.05,0.001,42342,6,0.7
13256757,51,180,128843,0.15,0.001,77083,6,0.5
535909,36,360,31484,0.15,0.001,28531,7,0.3
31545345,58,96,81623,0.15,0.001,49499,7,0.3
13925436,57,108,93733,0.05,0.001,55647,5,0.5
4337,24,504,22854,0.15,0.004,21013,6,0.7
2333381,43,276,96622,0.05,0.001,63405,4,0.5
92404365,56,120,142199,0.15,0.001,69088,7,0.5
8472,23,516,44013,0.15,0.001,43002,7,0.3
23217466,39,324,200844,0.05,0.001,101067,6,0.3
25036348,50,192,183846,0.05,0.001,91067,7,0.5
933812,40,312,24239,0.15,0.001,15725,9,0.7
649039,27,468,62787,0.15,0.004,43355,7,0.7
2245995,30,432,149689,0.05,0.001,88174,6,0.5
10168,25,492,22767,0.15,0.004,22036,6,0.5
944625,26,480,58640,0.05,0.001,28918,6,0.7
10557584,58,96,75302,0.15,0.004,59767,9,0.3
176318,25,492,45219,0.15,0.004,32749,8,0.5
12218922,37,348,228856,0.05,0.001,102216,7,0.7
5742117,41,300,119902,0.15,0.004,84151,7,0.5
25702,24,504,27007,0.15,0.004,19455,6,0.5
23429664,45,252,121574,0.15,0.004,48505,7,0.5
36656415,44,264,107145,0.05,0.001,54150,7,0.5
414586,42,288,40890,0.15,0.004,33980,9,0.3
486567,24,504,203043,0.05,0.001,155484,4,0.7
1328236,33,396,92691,0.05,0.001,73708,5,0.7
3074647,27,468,215632,0.05,0.001,126186,5,0.5
9454409,33,396,99931,0.05,0.001,55962,4,0.7
202142141,57,108,156311,0.15,0.004,81868,6,0.3
27826957,40,312,176159,0.15,0.001,104195,9,0.5
8201179,58,96,51719,0.15,0.004,38697,8,0.3
35410947,39,324,202336,0.05,0.001,100187,7,0.3
24211427,47,228,119280,0.15,0.001,70133,6,0.5
43456016,51,180,154093,0.05,0.001,78712,4,0.3
1745977,41,300,50973,0.15,0.004,37194,9,0.5
4100540,45,252,59048,0.3,0.008,37908,10,0.5
14527494,43,276,55610,0.15,0.004,32492,7,0.3
7325416,42,288,108624,0.15,0.004,69595,9,0.3
3433027,42,288,42964,0.3,0.004,29337,21,0.7
14675661,52,168,74537,0.15,0.001,42069,8,0.5
0,22,528,57483,0.3,0.008,41001,12,0.5
5740967,53,156,36260,0.3,0.004,29306,17,0.5
1816265,33,396,75201,0.05,0.001,47682,4,0.5
193259,24,504,96223,0.15,0.004,59964,7,0.3
44153304,54,144,103941,0.15,0.004,57785,6,0.3
14645153,38,336,170455,0.05,0.001,102699,5,0.3
315281,37,348,46543,0.15,0.001,41517,9,0.5
124416840,47,228,300000,0.05,0.001,153257,7,0.3
1102353,26,480,56337,0.15,0.004,35646,6,0.7
337786,32,408,39759,0.3,0.004,32806,19,0.5
2920980,40,312,85804,0.05,0.001,67224,5,0.3
124751119,54,144,225442,0.05,0.001,93073,4,0.3
13300778,59,84,57048,0.05,0.001,41303,6,0.3
100645393,58,96,145415,0.15,0.004,55047,9,0.3
42377243,41,300,191318,0.05,0.001,69608,6,0.5
864315,27,468,61288,0.15,0.004,37041,7,0.7
258670,33,396,40209,0.15,0.004,33397,9,0.3
16765719,57,108,87277,0.15,0.001,45854,8,0.3
7857326,47,228,92793,0.15,0.001,71136,6,0.5
179299,23,516,300000,0.3,0.008,187757,17,0.3
5641535,59,84,31647,0.15,0.004,26092,7,0.3
152652,23,516,82458,0.15,0.004,46801,6,0.3
0,22,528,26774,0.3,0.004,24966,13,0.7
105975418,55,132,267022,0.05,0.001,143670,6,0.3
5272537,52,168,61038,0.15,0.001,46891,8,0.3
147390689,59,84,300000,0.05,0.001,164608,6,0.5
42540549,44,264,275921,0.05,0.001,120294,6,0.3
346310,40,312,38751,0.15,0.001,31087,8,0.7
97002,32,408,47355,0.15,0.004,44833,7,0.5
20840884,58,96,300000,0.15,0.001,168519,7,0.3
10173759,43,276,124141,0.05,0.001,61669,4,0.5
12608078,46,240,128214,0.05,0.001,84331,6,0.3
16168808,43,276,300000,0.05,0.001,199261,7,0.7
1189392,35,372,44149,0.05,0.001,29749,5,0.3
360011,29,444,44167,0.3,0.004,33776,23,0.3
105236062,52,168,187047,0.05,0.001,106865,4,0.3
16009243,44,264,100955,0.05,0.001,61751,6,0.5
31088791,43,276,137493,0.15,0.001,54346,8,0.3
754520,32,408,50898,0.15,0.004,39953,9,0.7
1110555,47,228,33415,0.15,0.004,22492,8,0.3
292283,23,516,87769,0.05,0.001,52426,5,0.5
3262159,40,312,66651,0.15,0.004,50550,9,0.7
60451,28,456,20830,0.15,0.004,18053,6,0.5
1099759,51,180,61357,0.15,0.001,56029,9,0.3
26761411,46,240,300000,0.15,0.001,154154,8,0.3
1876327,25,492,142120,0.05,0.001,68558,6,0.7
131310,25,492,38516,0.15,0.004,25197,8,0.5
919546,46,240,49407,0.15,0.004,46204,9,0.7
6047442,36,360,131889,0.05,0.001,70031,5,0.5
45350748,51,180,122590,0.05,0.001,47164,5,0.3
7299318,45,252,68607,0.05,0.001,52341,7,0.5
26418736,57,108,87195,0.15,0.001,51580,9,0.3
7890679,42,288,72426,0.05,0.001,39422,6,0.3
205214123,59,84,300000,0.05,0.001,127259,6,0.3
26353,29,444,33303,0.3,0.008,30627,13,0.5
0,22,528,34272,0.15,0.004,35052,6,0.3
44248148,51,180,146424,0.15,0.004,68525,7,0.5
27210216,56,120,205011,0.05,0.001,124718,7,0.3
7206589,50,192,53304,0.15,0.001,31730,9,0.5
200628,26,480,49901,0.15,0.004,39804,8,0.3
3340461,39,324,96429,0.05,0.001,54803,6,0.3
1870168,32,408,84394,0.05,0.001,52117,7,0.7
2171703,25,492,138458,0.05,0.001,99560,7,0.7
20298776,55,132,95400,0.15,0.001,68873,7,0.3
7571556,47,228,61752,0.05,0.001,45713,7,0.5
78944286,44,264,178217,0.05,0.001,74909,4,0.5
3704634,31,420,167562,0.05,0.001,110236,7,0.7
206042,28,456,24434,0.15,0.004,18970,9,0.3
31911594,48,216,151645,0.05,0.001,69659,4,0.5
131619721,44,264,300000,0.05,0.001,139326,4,0.3
4324314,39,324,54949,0.05,0.001,35762,5,0.3
4587789,38,336,61415,0.05,0.001,32822,6,0.7
20018,23,516,35054,0.15,0.001,29141,7,0.5
862498,27,468,60132,0.15,0.001,34797,6,0.7
0,22,528,47075,0.05,0.001,41995,5,0.5
878118,28,456,118623,0.05,0.001,85441,7,0.5
5608836,44,264,107520,0.05,0.001,86341,7,0.5
88488621,57,108,160501,0.05,0.001,116720,7,0.3
152619,26,480,39274,0.3,0.004,29006,21,0.5
28618690,51,180,111515,0.05,0.001,68922,7,0.3
1276765,37,348,53525,0.15,0.001,30877,7,0.3
5575784,51,180,61682,0.15,0.004,34285,8,0.3
0,22,528,61992,0.05,0.001,39636,4,0.5
37702349,48,216,87668,0.05,0.001,52593,4,0.3
141111386,54,144,194196,0.05,0.001,92924,6,0.5
8426735,41,300,118707,0.15,0.001,70363,8,0.3
127904,24,504,98089,0.15,0.004,61802,9,0.3
2078878,40,312,50577,0.05,0.001,30371,7,0.3
466337,25,492,78500,0.05,0.001,45990,4,0.5
5959849,40,312,64483,0.15,0.001,37981,8,0.3
571209,37,348,29227,0.15,0.001,26619,8,0.5
3382042,38,336,59988,0.15,0.004,38062,7,0.5
77216841,54,144,300000,0.15,0.004,108061,6,0.3
7269059,56,120,75762,0.3,0.008,44824,16,0.3
11276752,55,132,93447,0.15,0.004,74116,9,0.3
424188,29,444,41347,0.3,0.008,35628,17,0.3
28947766,54,144,152156,0.05,0.001,60495,5,0.3
238032,31,420,44412,0.15,0.004,36358,9,0.3
24572262,49,204,180792,0.15,0.004,103693,9,0.3
219911,35,372,28553,0.3,0.004,25435,12,0.3
45225402,57,108,59144,0.15,0.001,40859,6,0.5
46381081,57,108,130075,0.15,0.004,79550,8,0.5
2014525,33,396,56689,0.05,0.001,41175,5,0.5
7441,27,468,28833,0.3,0.008,27036,8,0.3
211707,36,360,31779,0.05,0.001,30090,4,0.7
2627264,49,204,61037,0.15,0.004,36571,7,0.5
99502246,59,84,112017,0.15,0.001,76357,9,0.5
16135588,49,204,89921,0.15,0.004,50256,8,0.3
4605712,59,84,37723,0.3,0.008,34563,10,0.3
3937967,41,300,94580,0.15,0.004,59233,7,0.7
14583240,53,156,57842,0.3,0.004,37744,12,0.3
1021286,33,396,97747,0.15,0.001,53494,9,0.7
4553854,50,192,102876,0.15,0.004,70287,7,0.5
1532153,32,408,58906,0.05,0.001,32899,4,0.7
6529528,49,204,80418,0.15,0.001,51602,7,0.3
11708320,47,228,173256,0.05,0.001,95552,7,0.3
4964115,40,312,92194,0.15,0.001,64978,7,0.5
1550985,30,432,134414,0.05,0.001,88377,6,0.7
1892481,43,276,51269,0.15,0.001,34819,6,0.3
36662899,51,180,145136,0.15,0.004,108245,9,0.3
1154189,49,204,27038,0.15,0.001,22407,6,0.5
17736112,57,108,66206,0.05,0.001,52964,7,0.3
15630461,57,108,36119,0.15,0.004,28571,9,0.3
4086838,49,204,83454,0.05,0.001,64649,5,0.7
921764,52,168,37618,0.15,0.004,31800,7,0.3
3811623,38,336,59245,0.3,0.004,28933,22,0.5
1068342,27,468,54242,0.15,0.004,30288,7,0.7
24274140,56,120,65977,0.15,0.001,32986,8,0.3
8918136,48,216,136708,0.05,0.001,92678,4,0.5
30356399,59,84,125944,0.05,0.001,44718,6,0.3
1008964,43,276,20132,0.3,0.004,17181,13,0.3
10702615,56,120,56093,0.15,0.001,31776,7,0.3
17390266,40,312,173354,0.05,0.001,93581,4,0.5
4380340,37,348,67772,0.15,0.004,40669,8,0.7
16974011,58,96,132219,0.05,0.001,82247,4,0.3
2000206,53,156,25799,0.3,0.008,21564,8,0.5
16457,24,504,37620,0.3,0.004,30724,9,0.5
85849,25,492,20000,0.3,0.004,15438,19,0.5
3588694,37,348,121729,0.15,0.001,79339,9,0.5
1546966,29,444,59971,0.05,0.001,33155,4,0.7
8577,24,504,47785,0.15,0.001,52431,7,0.3
570673,32,408,46017,0.15,0.004,42019,7,0.7
103220,26,480,20000,0.15,0.004,15081,7,0.3
1949145,43,276,98004,0.3,0.008,63420,23,0.7
129792233,59,84,300000,0.15,0.001,149847,8,0.5
7568519,51,180,82948,0.3,0.004,50273,8,0.3
1536676,30,432,72179,0.05,0.001,51562,7,0.5
53204,27,468,28673,0.15,0.004,30508,7,0.5
78812,25,492,29853,0.3,0.004,25257,15,0.7
171852,34,384,49221,0.3,0.004,50134,8,0.5
7149060,48,216,55947,0.3,0.004,35014,15,0.3
120927,24,504,109357,0.05,0.001,80651,6,0.5
12721388,38,336,300000,0.15,0.004,178808,7,0.5
13203278,36,360,235385,0.05,0.001,178193,5,0.3
24951967,39,324,136692,0.05,0.001,57254,7,0.5
3288020,51,180,58150,0.3,0.008,38793,16,0.3
1188890,44,264,21479,0.3,0.004,18367,18,0.5
1474087,39,324,57688,0.15,0.004,42291,9,0.5
23663428,46,240,115207,0.05,0.001,75967,4,0.3
2249636,34,384,101358,0.15,0.001,59304,9,0.5
2811480,50,192,39118,0.15,0.004,32098,8,0.5
1337322,46,240,66322,0.15,0.004,53324,9,0.3
53818218,54,144,185478,0.15,0.001,98241,9,0.3
451715,32,408,45195,0.15,0.004,31966,6,0.3
1143998,36,360,49217,0.15,0.004,41416,8,0.3
25686049,47,228,169346,0.05,0.001,70221,5,0.7
346967,28,456,48608,0.3,0.008,41661,16,0.3
795295,26,480,64105,0.05,0.001,40410,4,0.7
3168952,41,300,60720,0.15,0.004,35117,8,0.3
573302,39,324,33376,0.15,0.004,27704,8,0.5
25705,26,480,38488,0.3,0.008,38772,22,0.7
36928898,49,204,86162,0.15,0.004,43713,8,0.5
13644068,34,384,203625,0.05,0.001,107627,5,0.5
5945604,46,240,84527,0.05,0.001,74096,5,0.5
2305481,50,192,45644,0.3,0.004,39277,13,0.5
48576,23,516,54983,0.15,0.004,32120,8,0.3
11097844,49,204,75629,0.15,0.001,43337,8,0.5
545279,25,492,98217,0.15,0.001,55360,8,0.5
11543425,35,372,139953,0.05,0.001,74044,7,0.3
862099,26,480,58397,0.05,0.001,36487,4,0.7
55521,23,516,61663,0.15,0.004,38396,9,0.5
4530158,33,396,132357,0.15,0.001,77709,8,0.7
622707,23,516,188985,0.05,0.001,74141,5,0.7
6648892,29,444,300000,0.15,0.001,186855,6,0.7
21380930,51,180,54415,0.3,0.004,25412,20,0.3
345136,26,480,66506,0.15,0.004,42262,9,0.7
303565,38,336,41681,0.3,0.008,41666,12,0.5
1622938,42,288,59139,0.3,0.004,44904,14,0.3
5760712,57,108,44643,0.3,0.004,35376,16,0.5
4311657,55,132,88633,0.15,0.001,57876,7,0.3
3551997,33,396,103585,0.05,0.001,67452,7,0.7
1401487,43,276,31375,0.3,0.004,26747,16,0.7
208995,25,492,54981,0.15,0.001,35821,9,0.5
10753094,33,396,251667,0.05,0.001,158515,6,0.7
9765716,41,300,75964,0.15,0.004,50300,7,0.3
861741,33,396,39725,0.3,0.004,27054,15,0.7
3322059,47,228,60136,0.3,0.004,33913,11,0.5
8986369,54,144,95027,0.05,0.001,67427,6,0.3
9897981,34,384,300000,0.15,0.001,148609,6,0.7
3560205,33,396,93315,0.05,0.001,60903,4,0.7
13636647,42,288,151993,0.05,0.001,85511,6,0.5
23892398,57,108,106871,0.15,0.001,61064,9,0.3
22639811,56,120,102533,0.05,0.001,76228,7,0.3
3547635,29,444,144675,0.05,0.001,87812,5,0.7
7475749,56,120,91096,0.3,0.004,60099,8,0.3
225355,25,492,59997,0.3,0.004,38899,12,0.5
42247,25,492,28273,0.15,0.004,23112,6,0.5
0,22,528,21190,0.15,0.004,18027,9,0.5
25341547,55,132,146758,0.15,0.004,76502,7,0.5
126374381,46,240,272248,0.15,0.001,150088,8,0.5
35896227,54,144,122468,0.15,0.004,56159,9,0.3
454827,26,480,50662,0.15,0.004,29351,9,0.3
29262136,52,168,128914,0.05,0.001,70622,7,0.3
1998640,39,324,42546,0.3,0.008,29230,21,0.5
5276788,41,300,86585,0.05,0.001,61306,7,0.5
108556432,48,216,125404,0.15,0.004,67917,9,0.7
109490,26,480,20000,0.15,0.001,16192,7,0.7
131119,33,396,21679,0.3,0.004,20453,13,0.7
3442937,32,408,68090,0.05,0.001,43662,7,0.7
91506410,51,180,149174,0.05,0.001,75811,6,0.3
378345,30,432,50160,0.15,0.004,35009,8,0.3
18220997,48,216,74706,0.15,0.004,47343,8,0.3
1264120,29,444,82400,0.05,0.001,54070,6,0.7
10796002,41,300,153537,0.05,0.001,96434,6,0.3
45937847,49,204,300000,0.05,0.001,191962,6,0.3
111244059,52,168,186532,0.05,0.001,117792,7,0.3
11004526,52,168,61286,0.15,0.001,31160,6,0.5
2216074,33,396,95638,0.15,0.004,68266,6,0.7
0,22,528,300000,0.15,0.001,157441,6,0.3
10339656,46,240,108322,0.15,0.004,60919,9,0.3
6662202,40,312,96815,0.05,0.001,71303,5,0.3
108143912,58,96,300000,0.05,0.001,124870,7,0.3
1002285,35,372,54027,0.3,0.008,33999,19,0.3
48100,24,504,71409,0.3,0.008,48516,16,0.5
813703,44,264,31015,0.15,0.004,26844,6,0.5
32975062,57,108,300000,0.15,0.001,161395,9,0.3
1055017,45,252,39851,0.3,0.004,34612,19,0.3
278828,26,480,31451,0.15,0.001,22914,6,0.3
0,22,528,37086,0.15,0.004,34833,8,0.3
15728664,32,408,300000,0.05,0.001,140694,5,0.7
9639122,45,252,120433,0.15,0.001,76519,8,0.5
62554,27,468,31124,0.3,0.004,28607,12,0.5
3519994,33,396,108236,0.05,0.001,70572,6,0.7
516859,49,204,33402,0.3,0.004,32485,22,0.7
14141134,56,120,76237,0.15,0.004,56488,6,0.3
4940627,41,300,70959,0.15,0.001,39326,8,0.7
5762838,52,168,43530,0.15,0.001,36894,9,0.3
32600,25,492,43340,0.3,0.008,35796,23,0.5
1768671,42,288,67416,0.3,0.004,53993,9,0.5
934213,40,312,34477,0.3,0.008,25639,11,0.3
0,22,528,64531,0.3,0.008,34282,13,0.5
26656,23,516,96074,0.05,0.001,58196,7,0.3
22410369,56,120,153146,0.05,0.001,93842,7,0.5
1811491,30,432,62038,0.15,0.001,34450,9,0.7
0,22,528,136129,0.05,0.001,78974,4,0.5
4795230,48,216,57973,0.05,0.001,34696,4,0.5
1422230,38,336,56226,0.15,0.001,41471,8,0.3
6186820,38,336,75400,0.05,0.001,53745,6,0.3
11158447,47,228,69780,0.15,0.004,42026,9,0.5
107319849,59,84,121426,0.15,0.004,58723,6,0.3
89287904,58,96,161703,0.15,0.001,71960,7,0.3
1640091,30,432,53764,0.15,0.001,37256,6,0.7
553939,25,492,73547,0.15,0.004,51235,6,0.7
9013533,42,288,80877,0.05,0.001,48714,4,0.3
38825695,39,324,300000,0.05,0.001,182734,6,0.5
4464710,40,312,82406,0.05,0.001,53802,7,0.5
8493538,49,204,106547,0.15,0.001,72631,7,0.5
6227170,27,468,300000,0.05,0.001,195787,5,0.7
4085182,40,312,83702,0.05,0.001,48705,6,0.5
30509465,59,84,116913,0.15,0.004,52748,6,0.3
7321781,46,240,81417,0.3,0.004,48691,15,0.5
2227282,36,360,72531,0.15,0.004,54471,7,0.5
5334476,46,240,54688,0.15,0.004,35199,6,0.5
5020006,46,240,60610,0.3,0.008,37032,10,0.5
3754325,38,336,55897,0.15,0.001,32762,8,0.5
33935991,55,132,99686,0.15,0.004,58565,7,0.3
461419,26,480,46282,0.15,0.001,37348,8,0.5
2517013,52,168,110614,0.15,0.004,93801,7,0.5
13332890,55,132,55323,0.15,0.004,36669,8,0.5
3526356,33,396,110222,0.15,0.004,69397,7,0.5
13002730,48,216,111252,0.15,0.001,73719,8,0.3
167602,36,360,26443,0.15,0.004,23701,9,0.3
44031085,40,312,141926,0.15,0.001,65371,8,0.5
1268955,29,444,72919,0.15,0.001,46079,9,0.7
81880348,50,192,121737,0.15,0.004,69900,9,0.5
11693861,49,204,71917,0.05,0.001,43387,7,0.3
844224,32,408,43630,0.15,0.004,33412,7,0.7
12174975,57,108,50463,0.15,0.004,26548,7,0.5
563274,26,480,80372,0.05,0.001,50177,7,0.7
2215991,39,324,42179,0.15,0.001,29187,8,0.5
1066490,58,96,59412,0.15,0.001,50170,8,0.3
127420158,52,168,300000,0.15,0.004,169172,7,0.5
97833,30,432,22209,0.15,0.001,20373,9,0.7
9996788,42,288,86778,0.15,0.004,46800,9,0.3
21763906,58,96,133760,0.05,0.001,61645,5,0.3
301557,28,456,59910,0.15,0.004,44406,6,0.3
8474559,46,240,88638,0.15,0.004,62983,9,0.5
5652925,54,144,49287,0.3,0.004,38020,17,0.3
577185,34,384,66239,0.15,0.004,53071,8,0.7
100260693,53,156,268749,0.05,0.001,154366,6,0.5
79005623,57,108,114879,0.15,0.001,90917,7,0.5
237262,25,492,52500,0.05,0.001,34584,5,0.3
622323,30,432,50461,0.15,0.001,33233,9,0.7
1721687,30,432,75126,0.15,0.004,39305,7,0.7
550723,43,276,37194,0.15,0.004,33259,8,0.7
1104319,49,204,42945,0.15,0.004,36154,9,0.3
27595166,58,96,195435,0.15,0.001,134473,9,0.3
3974419,43,276,106006,0.05,0.001,76968,6,0.5
1427304,29,444,103400,0.15,0.004,42743,8,0.7
40679,25,492,36248,0.3,0.008,30687,21,0.5
7000335,53,156,66294,0.15,0.001,56173,7,0.3
8656114,47,228,129284,0.05,0.001,60674,6,0.5
132179,30,432,20072,0.15,0.001,16050,8,0.7
199247,25,492,48340,0.3,0.004,32430,9,0.7
6099707,56,120,78540,0.3,0.004,48204,21,0.5
31855219,38,336,200177,0.05,0.001,123280,4,0.5
1567708,32,408,57922,0.3,0.008,41760,14,0.5
6672610,50,192,86652,0.3,0.008,60160,10,0.5
1260407,35,372,51961,0.15,0.001,28563,9,0.3
1453865,36,360,20573,0.3,0.008,14381,21,0.5
34280540,59,84,119664,0.05,0.001,81815,4,0.5
1010089,42,288,42216,0.15,0.001,37968,7,0.3
27386418,58,96,146895,0.05,0.001,82287,6,0.3
42423103,58,96,184985,0.05,0.001,101510,7,0.3
10620498,55,132,110426,0.3,0.004,66692,18,0.3
365389,30,432,73384,0.15,0.001,47755,6,0.7
5849490,47,228,91140,0.15,0.001,53148,7,0.7
0,22,528,39514,0.15,0.004,37060,6,0.5
6253845,36,360,87350,0.15,0.004,42197,9,0.3
31420277,43,276,151397,0.05,0.001,84684,6,0.5
3661624,46,240,70790,0.15,0.004,45136,6,0.7
192452,24,504,56250,0.15,0.001,37331,8,0.5
105185150,45,252,203865,0.05,0.001,92142,7,0.3
17900036,50,192,100458,0.05,0.001,57823,7,0.3
960193,27,468,76232,0.05,0.001,51302,4,0.7
13492160,59,84,106479,0.15,0.004,73837,6,0.3
8920508,38,336,300000,0.15,0.004,128539,8,0.7
54220,23,516,58299,0.05,0.001,44789,7,0.5
2514394,52,168,50193,0.15,0.004,43043,8,0.3
70920,30,432,21712,0.15,0.004,17839,6,0.5
59633,23,516,72235,0.15,0.004,50746,9,0.7
11713489,41,300,101712,0.15,0.001,56817,9,0.7
969175,33,396,55538,0.15,0.001,33199,7,0.7
5050594,45,252,112092,0.15,0.004,72729,8,0.5
489388,40,312,41274,0.3,0.008,34496,12,0.7
1033774,27,468,52889,0.05,0.001,32760,5,0.5
25198,25,492,47419,0.15,0.004,45080,8,0.3
21597525,44,264,116948,0.05,0.001,76647,5,0.5
2899297,29,444,130261,0.05,0.001,58752,5,0.7
4353,24,504,20906,0.15,0.001,18040,7,0.7
19927119,51,180,60757,0.3,0.008,38902,11,0.3
412924,49,204,24518,0.15,0.004,26637,9,0.5
34166321,47,228,181896,0.05,0.001,89750,7,0.3
0,22,528,34252,0.15,0.004,25097,6,0.7
5238510,42,288,62167,0.3,0.008,34360,12,0.5
15160952,48,216,115893,0.05,0.001,93266,4,0.5
7805,23,516,45503,0.15,0.004,40254,6,0.3
14775,25,492,20718,0.15,0.004,18231,8,0.3
1063728,37,348,88365,0.3,0.004,72395,20,0.3
30503371,54,144,300000,0.15,0.004,169947,8,0.3
89038613,55,132,300000,0.05,0.001,133962,5,0.3
304060,24,504,116926,0.05,0.001,69661,6,0.3
1381462,30,432,94306,0.15,0.001,72461,9,0.7
1591145,30,432,58875,0.3,0.004,32176,9,0.5
6758554,40,312,108454,0.05,0.001,64477,4,0.5
23469024,54,144,94276,0.15,0.001,60015,8,0.3
40844233,56,120,119802,0.05,0.001,73041,6,0.3
6925675,55,132,68622,0.3,0.004,36760,16,0.5
0,22,528,32928,0.15,0.001,27877,6,0.5
296305,29,444,31538,0.15,0.004,24734,7,0.5
101661,26,480,52507,0.15,0.001,42039,8,0.7
2173511,44,264,47070,0.3,0.004,34487,11,0.5
93839,23,516,64541,0.05,0.001,37938,7,0.5
45869,24,504,46851,0.3,0.008,32581,21,0.7
65230519,43,276,300000,0.15,0.004,142180,7,0.5
309792,30,432,31705,0.3,0.008,25821,8,0.7
91846431,58,96,221811,0.05,0.001,126662,5,0.3
2798842,38,336,57277,0.15,0.004,38516,7,0.3
17836368,57,108,113972,0.05,0.001,71027,6,0.5
1879075,26,480,300000,0.05,0.001,195354,5,0.7
3801686,44,264,74176,0.15,0.004,46735,7,0.5
115466993,59,84,204906,0.15,0.001,117210,6,0.5
1848456,26,480,194668,0.05,0.001,92351,5,0.5
19921350,50,192,92200,0.15,0.004,57804,8,0.5
13650427,53,156,55318,0.15,0.001,35317,9,0.3
3479254,57,108,60306,0.3,0.008,46766,16,0.3
18831150,39,324,169866,0.05,0.001,83993,5,0.5
448447,40,312,27361,0.15,0.001,22658,7,0.7
4941252,51,180,108245,0.05,0.001,76207,4,0.5
68767,26,480,28432,0.05,0.001,21704,5,0.7
17058803,50,192,105601,0.05,0.001,68414,7,0.5
110498932,50,192,300000,0.05,0.001,128875,4,0.5
2490026,47,228,36398,0.3,0.008,30067,19,0.5
55896310,50,192,147441,0.05,0.001,49716,5,0.7
111163768,58,96,234731,0.05,0.001,141792,6,0.3
8109786,37,348,148937,0.05,0.001,89103,5,0.7
4373682,35,372,89343,0.15,0.001,59859,7,0.5
96851303,57,108,172969,0.15,0.004,74360,6,0.3
10690425,55,132,78620,0.15,0.004,54178,8,0.3
1570197,37,348,52893,0.3,0.004,43803,22,0.5
28584356,55,132,80281,0.15,0.001,50059,8,0.3
826864,25,492,97286,0.05,0.001,59402,5,0.7
6948877,42,288,116218,0.05,0.001,68158,7,0.5
8833434,50,192,90944,0.05,0.001,71265,6,0.5
1781613,30,432,141819,0.05,0.001,99033,6,0.5
200052,38,336,37921,0.3,0.004,38803,20,0.7
10021631,48,216,99373,0.15,0.004,60204,9,0.5
15758968,53,156,115949,0.05,0.001,78664,5,0.3
23950703,35,372,300000,0.05,0.001,188240,5,0.5
13081145,50,192,115242,0.05,0.001,66317,6,0.5
4955003,43,276,56516,0.15,0.004,37221,6,0.5
10835534,31,420,206027,0.05,0.001,78965,6,0.7
31587133,35,372,300000,0.15,0.004,162977,7,0.5
19211720,42,288,300000,0.3,0.004,151191,19,0.5
36058894,54,144,203015,0.05,0.001,91482,4,0.3
17750439,29,444,146506,0.05,0.001,64235,5,0.5
181427,30,432,20000,0.3,0.004,15935,13,0.5
739007,26,480,64298,0.3,0.008,41822,10,0.7
2958782,37,348,89672,0.05,0.001,72333,6,0.5
259550,23,516,103196,0.05,0.001,59434,7,0.7
7490019,35,372,122247,0.05,0.001,61644,4,0.3
6340934,35,372,159206,0.15,0.004,65846,6,0.5
1716665,36,360,60294,0.15,0.004,35565,9,0.5
1200213,41,300,60330,0.15,0.004,40722,6,0.3
209691105,56,120,264106,0.15,0.004,99394,9,0.3
1502912,46,240,35666,0.3,0.004,25935,20,0.3
1144611,35,372,46566,0.15,0.001,33905,8,0.3
1693732,29,444,56193,0.15,0.001,37569,8,0.7
0,22,528,53607,0.05,0.001,39679,4,0.5
15068273,48,216,137819,0.05,0.001,61480,4,0.5
44521,28,456,33759,0.3,0.004,35414,18,0.5
4465491,38,336,84529,0.05,0.001,55067,6,0.5
7250089,49,204,82838,0.15,0.004,62177,6,0.3
5825600,32,408,148725,0.05,0.001,98024,6,0.7
1662266,30,432,99893,0.15,0.004,66760,6,0.7
1540544,37,348,68623,0.15,0.001,48662,8,0.3
9556976,44,264,300000,0.3,0.008,142066,21,0.5
5181649,46,240,102836,0.05,0.001,51412,7,0.5
10670310,55,132,105023,0.15,0.004,91150,6,0.3
17685978,50,192,96686,0.05,0.001,59991,6,0.5
3031038,42,288,45549,0.05,0.001,33781,6,0.5
6298859,34,384,147397,0.05,0.001,71542,4,0.7
238782,25,492,66071,0.05,0.001,38605,4,0.5
4620001,43,276,43481,0.3,0.008,34535,23,0.5
112504798,54,144,158425,0.15,0.001,58250,7,0.3
220457,30,432,26927,0.15,0.001,22850,6,0.3
60842,26,480,37543,0.15,0.004,37698,7,0.7
840575,28,456,51882,0.05,0.001,25721,6,0.7
21578445,52,168,100377,0.15,0.004,62576,8,0.3
72689,28,456,23576,0.15,0.001,20336,8,0.3
5773090,39,324,55517,0.05,0.001,36433,7,0.5
707206,31,420,36866,0.15,0.004,24221,8,0.7
42563416,41,300,213948,0.05,0.001,90410,4,0.5
1935027,54,144,20000,0.15,0.001,17009,8,0.5
1256679,37,348,75420,0.05,0.001,43372,7,0.3
8777814,50,192,89624,0.15,0.004,58220,9,0.5
21627047,55,132,84874,0.05,0.001,65525,7,0.3
1940640,26,480,87474,0.15,0.004,51360,8,0.7
93221512,57,108,103597,0.15,0.004,75076,6,0.3
8699930,40,312,102452,0.05,0.001,57312,6,0.5
2992768,41,300,52690,0.3,0.004,29483,23,0.3
20305154,54,144,56948,0.3,0.004,33935,9,0.3
113790031,56,120,257450,0.15,0.001,138471,8,0.3
1679157,49,204,82976,0.05,0.001,75347,6,0.5
22425953,48,216,133274,0.05,0.001,87414,4,0.5
96097715,57,108,169232,0.05,0.001,101772,4,0.3
1338357,25,492,300000,0.15,0.001,168004,7,0.7
2586746,50,192,76135,0.15,0.004,49601,8,0.3
28702889,58,96,79491,0.05,0.001,54730,5,0.3
19742303,46,240,129712,0.05,0.001,69761,4,0.7
0,22,528,54097,0.15,0.004,34293,9,0.5
997089,39,324,20000,0.3,0.008,17546,15,0.3
17891287,55,132,70851,0.15,0.004,53421,6,0.3
99351605,59,84,300000,0.05,0.001,186655,4,0.3
5561495,32,408,120968,0.15,0.004,77940,9,0.7
27658228,46,240,153254,0.05,0.001,87495,6,0.5
2184582,37,348,66684,0.3,0.008,42708,16,0.7
2435348,36,360,91915,0.05,0.001,69032,4,0.5
1068402,40,312,49705,0.05,0.001,43480,6,0.3
20578593,59,84,81496,0.3,0.004,48697,15,0.5
2975096,28,456,131565,0.15,0.004,75058,7,0.5
5726034,39,324,142956,0.05,0.001,72399,6,0.5
5654593,55,132,93347,0.05,0.001,66403,4,0.3
23395214,37,348,166590,0.05,0.001,94198,4,0.7
89494494,44,264,218575,0.05,0.001,90186,7,0.7
4350573,52,168,57287,0.05,0.001,42771,4,0.3
71613,23,516,71140,0.15,0.001,38652,8,0.5
30632174,51,180,221181,0.05,0.001,102473,6,0.3
15367213,35,372,300000,0.3,0.004,129087,8,0.3
1824771,31,420,50975,0.15,0.001,28934,7,0.5
21660777,47,228,97037,0.15,0.001,53368,6,0.5
4296880,27,468,300000,0.05,0.001,154590,6,0.7
156198050,57,108,202233,0.05,0.001,94051,7,0.5
1952927,31,420,76650,0.15,0.004,42050,8,0.7
167171,28,456,46123,0.05,0.001,40872,5,0.7
177298,29,444,27685,0.15,0.004,21156,9,0.5
87770709,52,168,195934,0.05,0.001,110380,6,0.5
13709106,52,168,125630,0.05,0.001,74340,4,0.5
1309218,52,168,35624,0.15,0.004,34165,7,0.3
1660975,45,252,44339,0.15,0.004,30038,8,0.5
12933079,44,264,119544,0.05,0.001,74287,5,0.5
1478123,49,204,104452,0.3,0.008,72724,23,0.5
583699,27,468,87458,0.05,0.001,51322,7,0.5
973959,35,372,32686,0.15,0.004,27579,6,0.7
80510,35,372,20000,0.3,0.008,22272,8,0.7
0,22,528,83769,0.15,0.004,50911,6,0.7
41309792,52,168,162752,0.05,0.001,99102,5,0.5
702512,24,504,151243,0.05,0.001,63618,6,0.7
23719887,44,264,137949,0.05,0.001,57824,4,0.7
1722414,31,420,68364,0.15,0.004,38518,7,0.7
325954,35,372,42899,0.15,0.004,38585,8,0.7
95968,24,504,72678,0.05,0.001,49240,6,0.5
20872668,53,156,65801,0.15,0.004,41100,6,0.3
211389,23,516,81630,0.15,0.001,53645,7,0.3
26933158,38,336,214261,0.05,0.001,123182,7,0.7
64656,36,360,29802,0.3,0.008,29936,16,0.5
27361687,39,324,269167,0.05,0.001,139243,5,0.5
11754139,43,276,121775,0.15,0.004,70586,6,0.5
602531,25,492,61400,0.15,0.001,34462,7,0.7
16516705,34,384,128882,0.05,0.001,63593,7,0.7
125147251,53,156,258791,0.05,0.001,109789,4,0.3
2420460,44,264,65773,0.05,0.001,48113,4,0.5
730914,58,96,38322,0.3,0.004,39259,12,0.5
324997,25,492,49321,0.3,0.008,29535,21,0.3
4092392,45,252,52440,0.15,0.001,27723,9,0.3
8009151,33,396,148682,0.15,0.001,66892,6,0.7
612422,33,396,45487,0.15,0.001,33596,7,0.7
884754,27,468,67066,0.05,0.001,46489,4,0.7
15212958,37,348,137615,0.05,0.001,84422,7,0.7
2275181,52,168,23395,0.15,0.001,20482,8,0.3
11243348,48,216,86839,0.15,0.004,48695,9,0.3
3366798,51,180,39795,0.3,0.008,32636,20,0.3
5607570,54,144,57990,0.15,0.001,34612,7,0.5
17346733,51,180,135647,0.15,0.004,71603,9,0.3
106497,31,420,28842,0.15,0.001,22222,8,0.5
7059604,56,120,33166,0.15,0.004,24623,8,0.5
27570195,56,120,300000,0.3,0.008,222496,21,0.3
59402702,59,84,173721,0.15,0.001,96507,6,0.3
1407647,42,288,69134,0.3,0.004,37669,18,0.5
1666923,38,336,93868,0.15,0.001,82478,7,0.5
269759,29,444,29544,0.15,0.004,24438,7,0.5
1789832,29,444,122316,0.05,0.001,63242,6,0.7
2014309,45,252,64109,0.15,0.001,46422,9,0.5
132801923,58,96,262467,0.05,0.001,155978,7,0.5
195679,33,396,20000,0.15,0.004,15367,7,0.3
9389288,39,324,184809,0.05,0.001,132726,5,0.5
14943525,46,240,100621,0.15,0.004,64779,8,0.7
4720291,48,216,63109,0.15,0.001,39777,8,0.5
22292257,39,324,192472,0.05,0.001,109778,5,0.7
40967926,51,180,177977,0.05,0.001,102454,5,0.3
39882690,58,96,100332,0.05,0.001,60226,4,0.3
103632,27,468,25921,0.3,0.008,19587,22,0.7
130683,36,360,47911,0.15,0.001,46081,6,0.5
3454256,33,396,64496,0.15,0.004,40977,8,0.7
490619,30,432,57322,0.15,0.001,39539,7,0.5
46520577,48,216,182204,0.15,0.004,93254,7,0.3
1982677,33,396,86054,0.15,0.001,51228,7,0.7
503913,44,264,43002,0.3,0.008,40945,23,0.7
1008332,58,96,60555,0.15,0.004,53263,9,0.5
1234551,26,480,94584,0.05,0.001,50464,7,0.7
12828871,38,336,134221,0.05,0.001,70401,4,0.7
3011743,37,348,72732,0.15,0.004,39627,6,0.5
172270447,55,132,300000,0.15,0.004,127149,6,0.3
42039097,55,132,160713,0.05,0.001,71911,4,0.5
30530224,48,216,107702,0.15,0.001,66055,8,0.3
3844,23,516,31566,0.15,0.004,29210,8,0.5
10236772,33,396,146588,0.05,0.001,70754,5,0.5
435023,44,264,41776,0.3,0.008,34551,17,0.5
13726090,50,192,152445,0.05,0.001,69345,5,0.5
15278567,44,264,98903,0.15,0.004,63781,6,0.5
338437,35,372,55780,0.15,0.001,44097,8,0.5
68342,32,408,29570,0.3,0.008,28557,21,0.7
2646163,38,336,82420,0.05,0.001,53358,4,0.3
234790,31,420,33802,0.3,0.004,30408,13,0.7
563125,32,408,39761,0.15,0.004,29280,6,0.7
859292,32,408,52163,0.15,0.004,36259,7,0.5
27137394,59,84,118921,0.05,0.001,76245,6,0.3
6191418,46,240,36365,0.15,0.001,25445,9,0.5
6668692,38,336,59346,0.05,0.001,35225,4,0.7
24997373,59,84,114897,0.15,0.004,76109,7,0.3
797932,43,276,41787,0.3,0.008,35211,19,0.5
810549,50,192,46977,0.15,0.004,48810,8,0.7
761986,30,432,42392,0.3,0.004,31422,9,0.7
1068996,41,300,35905,0.3,0.004,28811,14,0.5
134939,28,456,35490,0.15,0.004,31202,9,0.7
329539,23,516,300000,0.05,0.001,164690,6,0.3
5340257,59,84,33731,0.3,0.008,25179,11,0.5
5694987,38,336,130718,0.15,0.001,78317,9,0.3
93344543,52,168,300000,0.15,0.004,163702,6,0.3
13995136,57,108,119738,0.05,0.001,78098,6,0.3
69369920,53,156,300000,0.3,0.004,182512,17,0.3
103042,30,432,44477,0.15,0.001,45365,8,0.5
15556249,36,360,117323,0.05,0.001,66537,7,0.5
12922092,39,324,63707,0.15,0.004,32897,7,0.3
265322,24,504,75826,0.05,0.001,53349,4,0.5
30748,26,480,22150,0.3,0.008,18153,23,0.7
747036,26,480,47168,0.15,0.001,28784,6,0.7
28255613,49,204,153060,0.05,0.001,97359,6,0.5
17080,23,516,20000,0.15,0.001,13931,8,0.7
580224,34,384,40816,0.3,0.008,30698,16,0.7
350154,24,504,300000,0.05,0.001,133978,7,0.5
23174252,54,144,122753,0.15,0.001,52219,7,0.5
1797736,58,96,30195,0.15,0.001,26481,6,0.3
384825,47,228,30842,0.15,0.004,30218,8,0.5
4449395,44,264,56168,0.05,0.001,43463,4,0.5
10294436,54,144,103676,0.15,0.001,63632,7,0.3
387287,37,348,44380,0.3,0.008,33779,16,0.3
49194988,53,156,198702,0.05,0.001,93735,5,0.3
5426945,40,312,61371,0.15,0.004,37943,9,0.3
108325095,57,108,170389,0.15,0.004,91036,7,0.5
9753504,39,324,240983,0.05,0.001,144523,4,0.5
3295223,36,360,63886,0.15,0.004,39415,7,0.3
113020797,47,228,198478,0.05,0.001,89307,5,0.7
9762608,56,120,66758,0.3,0.008,39182,16,0.3
7547593,56,120,71189,0.05,0.001,45615,5,0.3
11918697,58,96,57201,0.15,0.001,39262,9,0.3
1626014,34,384,54058,0.15,0.004,34690,9,0.5
1925378,35,372,62556,0.15,0.001,43687,9,0.5
0,22,528,27083,0.15,0.001,21948,9,0.5
24076237,53,156,72408,0.3,0.008,42036,21,0.3
86394943,51,180,300000,0.05,0.001,133016,7,0.3
262319,28,456,36511,0.05,0.001,26283,6,0.5
87940,29,444,30015,0.3,0.004,26654,16,0.5
7291108,48,216,70690,0.15,0.001,46917,6,0.5
288548,24,504,80969,0.05,0.001,41824,4,0.5
115129697,57,108,127486,0.15,0.004,63581,6,0.3
2245516,28,456,78394,0.05,0.001,48294,6,0.7
809637,38,336,44161,0.15,0.004,33454,7,0.3
96052,23,516,77122,0.05,0.001,49996,7,0.5
509735,25,492,136611,0.05,0.001,97754,4,0.7
117050609,59,84,162995,0.15,0.004,82818,6,0.5
843592,47,228,22620,0.3,0.004,18073,15,0.3
225174,25,492,46073,0.15,0.004,35806,8,0.5
8831636,51,180,70920,0.15,0.004,43735,8,0.3
28590,23,516,27478,0.15,0.004,21603,6,0.7
9481319,54,144,60844,0.05,0.001,39408,4,0.3
256390,32,408,43978,0.15,0.001,41476,8,0.5
11576317,41,300,187880,0.05,0.001,120562,6,0.3
3696781,37,348,59097,0.3,0.004,40447,10,0.5
7278419,49,204,171306,0.15,0.001,114311,6,0.7
97542445,55,132,300000,0.15,0.004,178840,8,0.3
913036,43,276,35760,0.3,0.008,30863,21,0.3
9971659,56,120,95869,0.3,0.008,55041,15,0.3
8079160,42,288,75823,0.05,0.001,47699,5,0.5
48477816,52,168,121526,0.05,0.001,64174,7,0.3
232348,27,468,38996,0.15,0.004,30050,7,0.7
348656,41,300,24071,0.15,0.004,21455,9,0.5
15857309,55,132,83565,0.05,0.001,47239,5,0.3
963918,29,444,74214,0.15,0.004,57605,8,0.7
214584,24,504,81062,0.05,0.001,63910,5,0.3
3903789,36,360,146347,0.15,0.004,86220,7,0.5
14548452,54,144,80528,0.3,0.004,60243,13,0.5
1218878,36,360,68994,0.3,0.004,43261,14,0.5
3539987,41,300,77846,0.05,0.001,52732,5,0.3
773367,36,360,33063,0.15,0.004,28361,9,0.5
116220,30,432,21377,0.3,0.008,17686,20,0.3
1731383,37,348,37606,0.15,0.001,28305,9,0.3
681228,51,180,49198,0.15,0.001,50509,7,0.3
1135167,43,276,88873,0.3,0.004,80994,22,0.3
2184291,27,468,120657,0.15,0.004,48559,7,0.5
19918397,57,108,125580,0.15,0.004,61742,8,0.3
893940,46,240,43618,0.3,0.008,40004,22,0.7
19720073,54,144,98214,0.15,0.004,55767,6,0.3
1830207,31,420,73256,0.15,0.004,44374,6,0.7
6808769,32,408,300000,0.05,0.001,179112,7,0.5
8267517,47,228,92484,0.15,0.004,54351,7,0.7
383898,31,420,44288,0.15,0.004,30653,7,0.3
8913859,43,276,171723,0.05,0.001,112461,7,0.5
182318,28,456,35250,0.05,0.001,30304,4,0.3
5753525,29,444,128907,0.15,0.004,88777,9,0.5
59495844,45,252,173563,0.15,0.004,65083,8,0.7
5376024,51,180,49448,0.15,0.001,35651,8,0.5
512132,35,372,32430,0.3,0.004,23763,10,0.5
111919225,45,252,184927,0.05,0.001,97103,5,0.3
0,22,528,33626,0.15,0.004,25528,7,0.3
921727,28,456,56405,0.15,0.001,42263,9,0.7
1256792,28,456,49091,0.05,0.001,34575,4,0.7
4619099,46,240,57458,0.05,0.001,44121,5,0.3
710121,30,432,50308,0.3,0.004,29838,23,0.7
1980191,26,480,118544,0.05,0.001,68402,5,0.7
0,22,528,27125,0.15,0.001,23497,8,0.5
149940486,55,132,300000,0.05,0.001,115514,7,0.3
3115411,40,312,90178,0.15,0.001,58802,9,0.5
12088069,58,96,103929,0.3,0.004,67766,20,0.3
33076866,48,216,137000,0.15,0.001,67035,9,0.3
2964761,43,276,29096,0.15,0.001,25168,8,0.7
930155,31,420,63353,0.3,0.008,42374,8,0.7
126079,27,468,23195,0.3,0.008,17673,18,0.5
7694038,42,288,167641,0.15,0.004,116457,7,0.3
2489937,50,192,55312,0.3,0.008,35683,23,0.7
7370352,32,408,152553,0.05,0.001,94490,4,0.5
17212963,44,264,111058,0.15,0.001,60091,8,0.7
14731510,57,108,283459,0.05,0.001,225826,4,0.5
2748417,58,96,42485,0.15,0.001,33306,6,0.3
309174,27,468,55693,0.05,0.001,30690,4,0.5
0,22,528,36638,0.3,0.004,29535,9,0.5
6727463,50,192,56182,0.15,0.001,32544,7,0.3
7332266,50,192,68487,0.05,0.001,44652,6,0.5
10055469,51,180,73601,0.15,0.004,52342,7,0.5
414714,32,408,29898,0.3,0.008,26693,13,0.7
20672046,54,144,155048,0.15,0.004,114647,7,0.3
14858529,55,132,66775,0.05,0.001,44050,7,0.3
198344,38,336,22708,0.15,0.004,20816,6,0.5
30474262,50,192,300000,0.15,0.004,181069,9,0.5
3897759,26,480,300000,0.15,0.004,206395,7,0.5
4661688,43,276,88589,0.15,0.001,69343,9,0.5
48154954,57,108,175411,0.05,0.001,113106,6,0.3
10977830,40,312,149253,0.05,0.001,61715,7,0.3
17629643,53,156,127299,0.05,0.001,85349,7,0.3
6457973,43,276,58371,0.15,0.004,45715,7,0.7
2011440,54,144,24804,0.3,0.008,16287,9,0.3
11233767,50,192,92300,0.05,0.001,63860,5,0.5
7972093,39,324,60864,0.3,0.004,35924,8,0.7
10751805,38,336,64867,0.05,0.001,36387,7,0.3
449229,43,276,42182,0.15,0.001,35973,6,0.5
30103793,51,180,300000,0.15,0.004,123231,6,0.3
22475614,52,168,112851,0.05,0.001,84219,4,0.3
11441292,33,396,222443,0.05,0.001,120511,5,0.7
1822734,29,444,88902,0.05,0.001,58446,5,0.7
6324219,58,96,58355,0.3,0.008,39055,12,0.3
13188367,43,276,90230,0.05,0.001,51039,6,0.5
7031870,36,360,300000,0.3,0.008,199925,14,0.5
7894630,55,132,107426,0.15,0.004,66723,6,0.3
90608,28,456,28763,0.15,0.004,25544,6,0.7
4135584,46,240,78350,0.05,0.001,55169,4,0.3
3183808,37,348,71071,0.05,0.001,40237,5,0.3
2528738,29,444,111918,0.15,0.004,65029,9,0.7
204709,29,444,29700,0.15,0.001,24109,8,0.5
34267193,49,204,300000,0.3,0.004,144119,14,0.5
80219438,53,156,300000,0.15,0.004,170469,6,0.3
10004588,54,144,73452,0.3,0.008,50411,11,0.5
718032,30,432,50546,0.3,0.004,37473,11,0.7
34206537,58,96,129811,0.05,0.001,63331,4,0.3
6582103,28,456,300000,0.05,0.001,134563,5,0.7
156855666,55,132,300000,0.05,0.001,118942,6,0.3
0,22,528,300000,0.15,0.004,190944,6,0.3
3834376,54,144,69684,0.15,0.001,54585,9,0.3
2184166,41,300,96826,0.05,0.001,72931,7,0.5
3309706,37,348,132985,0.15,0.001,65902,7,0.3
19576,27,468,20000,0.3,0.008,19485,17,0.3
57243967,50,192,250555,0.05,0.001,136073,6,0.3
387658,29,444,44190,0.3,0.004,33748,9,0.5
8575542,35,372,69644,0.15,0.004,34510,7,0.5
1261329,38,336,92358,0.05,0.001,73844,5,0.5
5135334,29,444,151353,0.05,0.001,75788,7,0.5
6866769,44,264,53474,0.15,0.004,26536,6,0.3
4713388,59,84,57826,0.3,0.004,33195,15,0.5
5125872,57,108,45368,0.15,0.001,37138,8,0.3
12990406,51,180,98633,0.05,0.001,59220,5,0.5
3617958,49,204,42781,0.3,0.008,36124,18,0.5
331861,26,480,59520,0.15,0.004,33682,9,0.7
7944985,53,156,87518,0.15,0.004,58011,8,0.5
0,22,528,300000,0.05,0.001,120167,5,0.3
35507070,59,84,116129,0.3,0.004,68580,22,0.3
955329,37,348,44028,0.3,0.008,30811,22,0.7
381035,43,276,47683,0.3,0.004,44135,21,0.7
14306188,58,96,95012,0.15,0.004,77255,7,0.3
122395983,58,96,168015,0.05,0.001,73212,7,0.3
30374,23,516,59181,0.15,0.004,43009,8,0.7
74740497,54,144,132670,0.05,0.001,78141,4,0.5
3514814,38,336,72930,0.15,0.001,49642,9,0.5
894570,35,372,43800,0.15,0.004,38014,6,0.3
12630619,44,264,111424,0.05,0.001,80251,6,0.7
420113,25,492,62800,0.05,0.001,41411,5,0.5
16118147,51,180,87410,0.15,0.001,52145,9,0.3
16930111,37,348,300000,0.15,0.004,165596,6,0.5
2706271,46,240,77955,0.15,0.004,62400,9,0.3
60737,25,492,34576,0.15,0.004,29295,9,0.5
1275864,33,396,50293,0.15,0.001,27466,8,0.7
1345294,39,324,40994,0.15,0.001,29568,9,0.5
578696,23,516,300000,0.05,0.001,207931,5,0.7
396766,39,324,46957,0.3,0.004,43100,23,0.7
14628448,41,300,57334,0.15,0.004,32669,9,0.5
368625,41,300,38050,0.3,0.008,32952,13,0.7
4189104,35,372,110309,0.15,0.001,62641,7,0.7
23294674,56,120,72081,0.15,0.004,37173,7,0.3
6329105,50,192,69372,0.15,0.001,47657,8,0.5
28830144,53,156,183128,0.05,0.001,101974,7,0.3
134583056,56,120,300000,0.15,0.004,171458,7,0.3
69591,29,444,29630,0.15,0.004,25084,6,0.5
5002721,47,228,67487,0.15,0.001,41361,9,0.3
691982,50,192,49260,0.15,0.001,61953,6,0.3
4969824,47,228,82451,0.3,0.004,50434,23,0.5
89657,25,492,39807,0.3,0.004,27063,13,0.5
746987,40,312,46148,0.15,0.004,41401,8,0.5
7625039,30,432,172428,0.05,0.001,101346,6,0.5
26441839,50,192,122752,0.05,0.001,56068,4,0.7
5071605,36,360,108003,0.15,0.004,68044,7,0.3
1028650,25,492,96298,0.15,0.001,60501,9,0.7
3918464,34,384,58192,0.15,0.004,36155,8,0.7
76614153,43,276,182148,0.05,0.001,105573,4,0.3
1993470,36,360,69395,0.15,0.001,41043,8,0.5
12363181,57,108,102415,0.15,0.004,82384,7,0.3
3202950,31,420,98875,0.15,0.001,68487,8,0.7
3392027,51,180,50016,0.15,0.004,37101,7,0.3
215821,24,504,184988,0.05,0.001,96488,6,0.7
45228110,59,84,139212,0.05,0.001,65372,4,0.3
79006432,51,180,170089,0.05,0.001,64166,6,0.3
609329,26,480,58118,0.3,0.004,34545,22,0.5
0,22,528,23212,0.15,0.001,21444,8,0.5
612755,51,180,45050,0.15,0.001,45432,7,0.3
302065,36,360,21212,0.15,0.001,18298,9,0.3
4191388,41,300,109382,0.15,0.004,67906,7,0.3
18381629,33,396,243217,0.05,0.001,103477,6,0.7
29507599,42,288,250648,0.05,0.001,140371,7,0.3
13660335,41,300,179804,0.15,0.001,92372,6,0.3
31797427,56,120,88738,0.15,0.001,56486,7,0.3
1528867,34,384,62738,0.3,0.004,42010,10,0.7
2547117,30,432,89722,0.05,0.001,43823,7,0.7
24318443,36,360,215665,0.05,0.001,137864,4,0.7
1256458,38,336,72491,0.15,0.001,51573,9,0.5
16102170,56,120,87996,0.05,0.001,61597,6,0.3
22566023,52,168,109574,0.05,0.001,58881,6,0.5
2089837,41,300,53167,0.15,0.001,35450,6,0.3
40361,28,456,42282,0.15,0.004,41400,6,0.3
38181,23,516,51384,0.3,0.008,27876,11,0.7
270778,43,276,42572,0.15,0.004,41879,7,0.3
1454303,32,408,81817,0.05,0.001,54765,5,0.7
11636069,50,192,104691,0.15,0.001,70631,8,0.5
548487,37,348,46100,0.15,0.004,45793,6,0.5
0,22,528,123320,0.05,0.001,69097,4,0.3
0,22,528,62602,0.05,0.001,38923,5,0.3
0,22,528,54853,0.3,0.004,26430,11,0.7
6594525,38,336,84261,0.15,0.004,59532,9,0.5
2039131,31,420,67087,0.3,0.008,47843,13,0.5
3803267,45,252,93240,0.15,0.004,79083,7,0.5
11964475,43,276,77814,0.15,0.001,47425,8,0.5
340793,44,264,27602,0.15,0.004,22020,8,0.7
1459740,38,336,63457,0.3,0.008,38715,13,0.5
235250,26,480,86365,0.15,0.004,68189,6,0.3
118809048,56,120,162910,0.05,0.001,108108,5,0.3
6048333,39,324,112806,0.05,0.001,92408,5,0.7
5129576,42,288,111995,0.05,0.001,67965,7,0.7
9475033,42,288,142509,0.15,0.001,72157,8,0.3
2782166,38,336,75659,0.05,0.001,42720,5,0.3
400061,49,204,37360,0.15,0.001,36953,8,0.3
398310,31,420,28846,0.15,0.004,18571,6,0.5
1034346,25,492,126483,0.05,0.001,73140,5,0.5
17916918,52,168,123669,0.15,0.004,87100,8,0.3
42805352,50,192,204781,0.05,0.001,125461,6,0.3
17246028,44,264,108788,0.15,0.004,75993,9,0.5
8072175,27,468,300000,0.05,0.001,107485,6,0.7
326714,37,348,20000,0.15,0.001,15944,8,0.5
528953,29,444,55645,0.3,0.008,30336,11,0.5
9790143,40,312,124597,0.3,0.008,54891,12,0.3
762248,50,192,29386,0.15,0.001,30541,8,0.5
156650,41,300,45960,0.15,0.004,43029,6,0.5
140528661,50,192,300000,0.05,0.001,119800,7,0.5
249052,23,516,105265,0.05,0.001,63930,5,0.7
1241729,26,480,88634,0.15,0.001,48128,7,0.5
83144112,47,228,276696,0.05,0.001,136128,5,0.5
818446,49,204,32206,0.15,0.004,27648,9,0.5
3891418,51,180,46028,0.3,0.008,35437,23,0.3
201192,33,396,32545,0.15,0.004,29347,9,0.5
2639288,36,360,52490,0.15,0.001,24738,9,0.7
465744,28,456,33654,0.3,0.008,26960,22,0.3
3029943,27,468,170765,0.05,0.001,79070,7,0.7
31173,23,516,68693,0.15,0.004,54045,8,0.5
1570838,41,300,34173,0.15,0.004,28919,9,0.7
34170776,50,192,130579,0.05,0.001,55151,6,0.5
5034812,40,312,88172,0.05,0.001,42963,4,0.5
17680,23,516,48760,0.3,0.004,39612,11,0.3
3332146,53,156,58495,0.3,0.008,31014,11,0.5
3773924,32,408,102197,0.05,0.001,65218,4,0.7
4139468,51,180,104531,0.05,0.001,92188,7,0.5
18113438,40,312,78121,0.05,0.001,44846,4,0.7
2270442,56,120,41904,0.15,0.004,35445,9,0.3
977059,26,480,61510,0.05,0.001,43994,6,0.7
15164089,53,156,67239,0.05,0.001,50155,7,0.3
3320197,39,324,123155,0.05,0.001,45804,5,0.3
1082711,43,276,47702,0.15,0.004,42022,8,0.5
5321153,38,336,78157,0.15,0.001,45915,8,0.3
5097206,56,120,91767,0.15,0.001,64417,9,0.5
2942081,51,180,40407,0.3,0.008,33707,22,0.3
7268414,43,276,91188,0.15,0.001,56263,8,0.3
589901,25,492,79003,0.05,0.001,60595,5,0.7
5369314,52,168,69192,0.3,0.004,48857,13,0.3
1071924,26,480,98201,0.05,0.001,66902,4,0.7
6397398,54,144,85869,0.15,0.004,52510,6,0.5
44819245,43,276,155209,0.05,0.001,97125,7,0.5
111184,28,456,26003,0.3,0.004,19525,23,0.7
2859776,37,348,73391,0.15,0.004,45563,6,0.5
7073688,35,372,103849,0.05,0.001,72511,5,0.3
25713196,46,240,120507,0.15,0.001,61370,9,0.3
655120,32,408,41413,0.15,0.004,31266,8,0.7
11930656,44,264,122510,0.05,0.001,59749,4,0.5
1186990,29,444,70577,0.05,0.001,42205,6,0.7
227705,31,420,53768,0.15,0.001,44876,9,0.5
21356661,35,372,171183,0.15,0.001,71388,9,0.7
4313971,58,96,44049,0.3,0.004,34824,11,0.3
14362943,54,144,102372,0.05,0.001,78452,7,0.5
23298871,58,96,88356,0.15,0.004,55119,8,0.5
3830302,48,216,49875,0.05,0.001,39086,6,0.3
3737331,33,396,86905,0.15,0.001,59456,9,0.7
15187624,56,120,74858,0.05,0.001,47062,4,0.3
12492801,40,312,300000,0.05,0.001,161531,4,0.5
219795,40,312,32358,0.15,0.001,29752,9,0.3
308922,42,288,41637,0.15,0.004,36880,6,0.5
45518146,45,252,300000,0.15,0.001,171022,9,0.5
28559469,54,144,123732,0.15,0.004,66886,6,0.3
114372264,56,120,134564,0.05,0.001,88439,5,0.3
4370341,34,384,95903,0.05,0.001,64757,7,0.5
885221,34,384,42660,0.15,0.004,35510,9,0.7
4915080,45,252,89528,0.05,0.001,64097,6,0.7
13525611,40,312,156174,0.05,0.001,85173,4,0.5
100806638,57,108,134675,0.05,0.001,53818,5,0.5
10753219,39,324,67560,0.15,0.001,45220,7,0.7
1474558,32,408,92545,0.05,0.001,64330,5,0.7
3357798,36,360,73113,0.05,0.001,50242,6,0.5
154591,26,480,80342,0.15,0.004,67224,9,0.7
6192016,48,216,118152,0.05,0.001,79320,6,0.7
5208998,40,312,73291,0.05,0.001,44778,7,0.3
11259849,48,216,82836,0.15,0.004,43446,7,0.3
8485084,45,252,93977,0.15,0.004,57694,8,0.7
49773410,48,216,127644,0.05,0.001,62473,7,0.7
560729,30,432,33469,0.05,0.001,26397,7,0.5
135041,28,456,38347,0.15,0.004,33221,7,0.5
3625025,51,180,60479,0.15,0.001,42101,6,0.5
41402,24,504,20000,0.15,0.001,13976,9,0.7
6703092,49,204,41251,0.15,0.001,33397,6,0.7
4945446,55,132,72601,0.15,0.001,57981,6,0.3
0,22,528,34688,0.15,0.004,31055,6,0.5
2206577,41,300,41132,0.15,0.004,31793,7,0.5
1504335,28,456,77672,0.05,0.001,45544,6,0.7
7911398,31,420,197647,0.05,0.001,137853,5,0.7
40045,29,444,26596,0.15,0.004,25165,9,0.5
1203671,39,324,41027,0.15,0.001,37578,6,0.3
45059,29,444,33032,0.15,0.004,34443,6,0.5
2161956,46,240,73428,0.3,0.008,58605,21,0.3
134534,28,456,41120,0.3,0.008,34268,10,0.7
24291814,49,204,121284,0.05,0.001,64742,4,0.7
9609753,32,408,300000,0.05,0.001,134478,6,0.7
10749075,37,348,85254,0.15,0.001,38895,9,0.3
11812961,47,228,130551,0.05,0.001,77654,5,0.5
1418072,28,456,64509,0.05,0.001,35088,6,0.5
71914779,53,156,124870,0.15,0.004,68529,7,0.3
182451,30,432,29457,0.15,0.004,29554,8,0.3
759882,27,468,61593,0.15,0.004,39203,8,0.7
124584572,56,120,300000,0.05,0.001,131438,6,0.3
27293,24,504,52177,0.15,0.004,44927,7,0.3
34215433,37,348,270676,0.05,0.001,158546,6,0.5
762651,58,96,23394,0.15,0.001,22609,8,0.3
40366,26,480,21422,0.15,0.001,17737,8,0.5
1188217,35,372,31835,0.05,0.001,28319,7,0.3
1606268,45,252,44089,0.15,0.004,29321,8,0.3
3628167,36,360,94468,0.15,0.004,71339,7,0.5
6519360,53,156,79888,0.15,0.004,45390,7,0.3
88223463,50,192,300000,0.15,0.001,131527,9,0.3
669966,31,420,63025,0.15,0.004,32690,9,0.7
939872,32,408,54971,0.05,0.001,39295,5,0.5
566243,28,456,111240,0.15,0.001,81004,7,0.7
38949067,46,240,213814,0.05,0.001,100539,5,0.5
12635,25,492,25904,0.15,0.004,25807,6,0.7
6113033,42,288,87807,0.15,0.001,54993,8,0.3
6273954,47,228,78618,0.05,0.001,52198,6,0.5
3070509,31,420,81548,0.05,0.001,47572,5,0.7
144060,24,504,70327,0.15,0.004,48759,9,0.3
5997,24,504,20000,0.15,0.004,17725,6,0.3
1567988,35,372,62691,0.05,0.001,41857,4,0.3
23862623,55,132,99813,0.15,0.004,66699,8,0.5
13283399,48,216,72819,0.15,0.004,47325,7,0.5
190025,41,300,35889,0.15,0.001,33461,8,0.3
0,22,528,300000,0.05,0.001,200751,4,0.3
16644948,47,228,300000,0.3,0.008,156228,18,0.5
41935413,53,156,142638,0.15,0.004,66043,6,0.5
3755318,33,396,81116,0.05,0.001,44850,4,0.7
114544627,47,228,198968,0.05,0.001,78739,6,0.3
27680446,41,300,134003,0.05,0.001,59626,6,0.5
2182112,35,372,74155,0.15,0.004,48191,9,0.5
11517196,49,204,300000,0.15,0.001,140089,8,0.3
56548,26,480,46058,0.05,0.001,47020,4,0.5
1212509,34,384,49417,0.15,0.004,37712,6,0.7
6905262,36,360,122924,0.3,0.008,54034,23,0.3
7508534,52,168,80756,0.15,0.004,54953,9,0.5
46561867,59,84,163037,0.15,0.004,118629,9,0.3
1372121,46,240,43475,0.15,0.001,42317,7,0.7
3643896,41,300,55640,0.15,0.001,29079,6,0.5
5523945,39,324,91116,0.3,0.008,62289,9,0.3
0,22,528,25854,0.15,0.004,17670,6,0.7
0,22,528,93659,0.05,0.001,71286,7,0.3
3793853,33,396,144491,0.15,0.001,73392,8,0.7
23713438,54,144,121102,0.05,0.001,75282,4,0.3
11043279,40,312,141819,0.05,0.001,67891,6,0.3
6191621,55,132,59737,0.15,0.004,40658,7,0.3
173846609,56,120,300000,0.05,0.001,138177,6,0.3
3927875,41,300,58427,0.15,0.001,36938,8,0.5
666762,30,432,48606,0.15,0.004,37266,8,0.7
0,22,528,20493,0.3,0.008,17473,17,0.5
107395,28,456,20000,0.3,0.008,15248,19,0.5
84133890,51,180,148346,0.05,0.001,73644,4,0.5
925647,59,84,38048,0.15,0.004,33998,6,0.5
0,22,528,55072,0.05,0.001,32176,6,0.5
18518564,59,84,80602,0.3,0.008,45897,17,0.3
1459272,31,420,62447,0.15,0.001,44623,6,0.7
88551839,51,180,143767,0.05,0.001,71701,5,0.5
2573049,31,420,93222,0.05,0.001,63051,6,0.5
4210288,48,216,51611,0.15,0.004,35639,7,0.5
31676431,47,228,175579,0.05,0.001,63217,4,0.3
4986381,35,372,300000,0.3,0.008,209417,13,0.3
9429611,37,348,110133,0.15,0.004,75530,6,0.5
0,22,528,34923,0.15,0.004,25801,6,0.3
2393951,29,444,73948,0.15,0.001,45716,6,0.5
7739379,57,108,59094,0.15,0.001,39927,7,0.3
850537,40,312,46462,0.15,0.001,36742,7,0.3
701765,46,240,36844,0.15,0.004,36418,8,0.5
3636467,40,312,87527,0.15,0.001,57168,7,0.5
2422092,31,420,112745,0.05,0.001,69774,7,0.5
608243,25,492,72384,0.15,0.004,41381,9,0.7
23756230,50,192,179428,0.05,0.001,98417,6,0.3
18899427,32,408,300000,0.05,0.001,154206,5,0.7
157342,30,432,22357,0.3,0.008,17120,13,0.5
10754238,44,264,183210,0.05,0.001,102786,6,0.5
308603,32,408,35328,0.15,0.004,29141,9,0.5
1769616,45,252,30662,0.3,0.008,23833,22,0.5
11665625,39,324,185302,0.05,0.001,118253,6,0.5
462095,26,480,49600,0.15,0.004,36701,8,0.7
2057344,35,372,100448,0.05,0.001,67498,7,0.5
33072148,56,120,170702,0.05,0.001,93332,7,0.5
10826185,45,252,63350,0.15,0.004,35758,7,0.3
141410404,56,120,300000,0.15,0.004,185334,7,0.3
1890406,39,324,31752,0.15,0.004,19526,7,0.3
0,22,528,39830,0.05,0.001,35847,6,0.5
5010758,40,312,67617,0.05,0.001,41312,7,0.3
4250304,38,336,86425,0.15,0.004,46520,6,0.5
11147831,59,84,88733,0.15,0.004,61173,6,0.3
5393234,46,240,76064,0.15,0.004,44786,7,0.5
1478684,31,420,68658,0.15,0.004,47626,6,0.7
307593,39,324,44603,0.3,0.004,38946,11,0.3
164335967,46,240,300000,0.05,0.001,171499,4,0.5
20310370,51,180,92777,0.15,0.004,53457,9,0.5
88998159,43,276,180931,0.05,0.001,82217,4,0.5
8911178,47,228,56848,0.05,0.001,38618,7,0.7
6742974,50,192,102598,0.3,0.004,61870,10,0.5
1227815,52,168,42233,0.15,0.001,34859,6,0.5
388677,41,300,43904,0.15,0.004,38103,6,0.5
70739,29,444,27288,0.3,0.004,24377,12,0.5
145565973,52,168,214979,0.05,0.001,86991,5,0.3
1736805,43,276,27229,0.3,0.008,18812,17,0.5
167548,39,324,46401,0.3,0.008,42835,17,0.3
13895026,43,276,151262,0.05,0.001,77245,4,0.7
18154935,51,180,114151,0.05,0.001,71282,7,0.3
12337573,40,312,158638,0.15,0.004,74838,6,0.3
1405785,40,312,51232,0.15,0.004,36284,7,0.5
2398831,56,120,33450,0.15,0.004,28675,6,0.3
40841895,56,120,146296,0.15,0.001,86906,7,0.3
61854436,56,120,228584,0.15,0.001,142415,6,0.3
2232383,48,216,46594,0.15,0.001,34991,9,0.3
5040205,32,408,79921,0.15,0.001,41275,8,0.5
9907,23,516,24065,0.15,0.004,18428,7,0.3
1890192,33,396,87548,0.05,0.001,47044,6,0.7
18481,25,492,20000,0.15,0.004,18868,7,0.5
1124135,46,240,39788,0.3,0.008,44683,13,0.7
18960271,53,156,58513,0.15,0.004,30249,8,0.3
29051,24,504,45126,0.3,0.004,33756,8,0.3
1654063,31,420,50337,0.15,0.001,24082,7,0.7
0,22,528,28220,0.3,0.008,27015,21,0.3
6805395,41,300,56542,0.15,0.004,42699,9,0.7
0,22,528,71732,0.05,0.001,49545,6,0.5
3925542,49,204,69787,0.15,0.004,47831,8,0.3
71153815,53,156,300000,0.05,0.001,125836,5,0.3
154211,30,432,48017,0.05,0.001,51996,7,0.5
2090785,41,300,52489,0.05,0.001,34587,7,0.7
18278502,49,204,83485,0.15,0.004,47959,8,0.3
4701943,50,192,79721,0.05,0.001,47641,6,0.5
429806,27,468,56048,0.05,0.001,40524,7,0.3
1379765,32,408,80756,0.05,0.001,58331,5,0.7
426670,35,372,48535,0.3,0.004,39618,18,0.5
1875213,27,468,70252,0.05,0.001,38851,4,0.7
1412946,34,384,81869,0.3,0.008,53655,13,0.5
12133901,46,240,138465,0.05,0.001,82457,6,0.3
1167891,48,216,37544,0.15,0.004,33887,9,0.5
2994644,50,192,89695,0.05,0.001,65243,4,0.3
3231140,37,348,75830,0.05,0.001,46716,4,0.7
0,22,528,37213,0.05,0.001,28690,4,0.5
1822631,27,468,114207,0.05,0.001,74612,6,0.7
1428115,39,324,39195,0.15,0.004,34098,9,0.3
50720,25,492,24531,0.05,0.001,20477,4,0.5
797331,32,408,47406,0.15,0.004,39300,8,0.7
1607242,31,420,83296,0.05,0.001,68274,6,0.5
529461,38,336,39122,0.3,0.004,30623,9,0.3
25795049,49,204,144129,0.15,0.001,83181,6,0.3
41243423,53,156,112069,0.05,0.001,70534,4,0.3
4196921,34,384,76457,0.05,0.001,42917,5,0.7
6136130,52,168,65279,0.15,0.001,37344,8,0.3
685121,29,444,64530,0.05,0.001,43172,6,0.5
327633,35,372,42691,0.3,0.008,38421,12,0.5
10971760,58,96,105498,0.15,0.001,73692,7,0.3
377137,27,468,71419,0.15,0.001,37642,9,0.5
4243901,40,312,96074,0.05,0.001,49032,6,0.3
2109883,37,348,53629,0.3,0.008,37034,19,0.5
4174412,54,144,87595,0.15,0.001,64137,8,0.5
14803298,57,108,52354,0.15,0.004,31268,8,0.3
9125070,35,372,167629,0.05,0.001,73644,5,0.5
18959969,40,312,244026,0.05,0.001,154160,6,0.5
21672169,53,156,124525,0.3,0.008,57385,22,0.3
381772,25,492,72443,0.05,0.001,49534,6,0.5
126386206,56,120,131948,0.05,0.001,85640,6,0.3
29577067,43,276,198767,0.05,0.001,115355,6,0.5
5253067,28,456,300000,0.15,0.001,189507,8,0.7
49391446,44,264,185551,0.15,0.004,89939,9,0.3
526991,26,480,61077,0.05,0.001,40088,5,0.7
6780426,37,348,89967,0.15,0.001,62724,9,0.7
20154,25,492,26579,0.3,0.004,27147,9,0.7
218517,23,516,300000,0.05,0.001,151025,6,0.7
8601355,34,384,200778,0.05,0.001,132352,7,0.7
11481505,57,108,79266,0.3,0.004,45339,14,0.3
84424317,57,108,174832,0.05,0.001,80561,6,0.5
597274,29,444,82530,0.05,0.001,68160,4,0.7
2004011,31,420,97565,0.15,0.004,60936,6,0.5
696820,48,216,25828,0.15,0.004,22647,6,0.5
550455,25,492,74142,0.05,0.001,44296,6,0.7
4735913,39,324,121985,0.05,0.001,60097,6,0.5
1843618,57,108,47317,0.15,0.004,44168,6,0.3
954319,39,324,72540,0.15,0.001,66826,6,0.5
5638433,33,396,99001,0.05,0.001,54627,7,0.7
2928980,40,312,112077,0.15,0.004,63703,9,0.5
4228949,57,108,45372,0.3,0.004,34888,13,0.3
10639855,51,180,55945,0.15,0.004,33933,9,0.3
626848,39,324,22055,0.15,0.001,18832,9,0.3
5080347,53,156,89204,0.15,0.004,75438,9,0.3
1760013,29,444,112800,0.05,0.001,82450,4,0.7
515150,30,432,49831,0.15,0.004,44988,7,0.7
15718938,44,264,300000,0.15,0.001,166669,6,0.3
401771,38,336,49653,0.15,0.004,42985,7,0.3
6402876,45,252,85892,0.15,0.001,71605,8,0.7
1923007,40,312,61601,0.15,0.001,50628,9,0.3
23270,24,504,27363,0.15,0.004,21431,6,0.5
255400,37,348,37744,0.15,0.004,38726,6,0.5
4329385,48,216,56615,0.15,0.004,39411,8,0.5
361339,35,372,36713,0.3,0.008,34417,12,0.5
29646455,58,96,102162,0.15,0.001,51307,8,0.3
145454,44,264,20000,0.15,0.004,19553,7,0.5
2433296,40,312,49318,0.15,0.004,39595,7,0.5
14203777,48,216,109866,0.15,0.001,70278,8,0.5
7719717,33,396,141906,0.05,0.001,100795,7,0.7
269729,26,480,45375,0.15,0.004,38846,6,0.3
18614558,51,180,64208,0.05,0.001,39116,6,0.3
8967865,47,228,199318,0.3,0.008,140508,9,0.7
661044,36,360,41392,0.15,0.004,35576,7,0.5
176836,29,444,34676,0.15,0.001,31299,6,0.5
6801331,57,108,130490,0.05,0.001,51243,7,0.5
0,22,528,36013,0.15,0.001,36611,9,0.5
2065962,54,144,46098,0.15,0.004,31888,8,0.3
305749,25,492,75585,0.15,0.004,53268,7,0.5
889133,40,312,46797,0.3,0.008,36416,16,0.7
35697485,59,84,95062,0.05,0.001,54407,5,0.5
524778,47,228,39494,0.3,0.004,36149,13,0.3
13547010,42,288,129706,0.15,0.004,57500,7,0.5
18517054,44,264,221651,0.05,0.001,115259,6,0.7
44574,25,492,41010,0.15,0.001,43240,9,0.7
8524386,39,324,80720,0.15,0.001,42094,8,0.5
20031154,48,216,193307,0.15,0.004,85807,6,0.7
3234198,54,144,43669,0.15,0.001,36213,6,0.3
917378,27,468,82309,0.05,0.001,49527,5,0.7
69467,27,468,45218,0.3,0.004,46468,9,0.5
1349927,27,468,59939,0.15,0.004,36502,9,0.7
200207,30,432,27406,0.3,0.004,24251,22,0.7
8901512,31,420,300000,0.05,0.001,209335,6,0.7
10940273,41,300,96527,0.15,0.004,54303,8,0.5
5735651,51,180,72069,0.15,0.004,51768,6,0.3
221608,31,420,38069,0.15,0.004,28544,6,0.5
347094,35,372,22188,0.15,0.004,17611,7,0.3
1883618,34,384,100156,0.15,0.004,68331,6,0.7
71438,24,504,42578,0.15,0.001,32595,7,0.3
93260712,47,228,300000,0.3,0.004,139178,17,0.5
6883922,38,336,127575,0.3,0.008,55326,9,0.5
3187428,26,480,300000,0.05,0.001,133786,7,0.7
60969,24,504,67623,0.15,0.004,44774,6,0.3
3670052,46,240,53313,0.3,0.008,35856,8,0.3
365203,31,420,25592,0.15,0.004,20096,7,0.5
48629,25,492,23941,0.3,0.008,19209,17,0.7
34354484,45,252,125882,0.05,0.001,79006,6,0.5
8306246,59,84,114636,0.15,0.004,86811,9,0.3
8240517,49,204,79952,0.15,0.004,53158,8,0.5
92724465,58,96,150588,0.05,0.001,73586,6,0.5
1314329,39,324,36720,0.3,0.008,27646,21,0.7
22742760,53,156,117048,0.3,0.004,69465,20,0.3
145244,27,468,45593,0.05,0.001,40387,6,0.3
64943,24,504,77440,0.05,0.001,59637,7,0.5
19590387,52,168,145785,0.15,0.004,71353,6,0.5
4356500,48,216,54215,0.3,0.004,33854,10,0.5
17510530,53,156,111321,0.15,0.004,72248,7,0.3
879992,47,228,34327,0.3,0.004,30445,17,0.7
6833040,38,336,112535,0.15,0.004,74120,9,0.7
1268955,36,360,63516,0.15,0.004,41865,8,0.3
5855165,47,228,46568,0.15,0.004,28730,7,0.5
5259995,43,276,65874,0.15,0.004,40735,7,0.7
1801878,40,312,48835,0.15,0.004,40614,6,0.5
884148,30,432,62040,0.05,0.001,35847,6,0.5
1049255,54,144,32653,0.3,0.004,34246,16,0.5
334055,33,396,27214,0.3,0.004,21469,18,0.5
9814677,52,168,67855,0.3,0.004,40478,16,0.5
8828032,56,120,79813,0.15,0.004,46254,9,0.3
9831190,54,144,99104,0.15,0.004,76518,6,0.5
233932,26,480,41743,0.05,0.001,31358,6,0.7
4855011,28,456,172127,0.05,0.001,87235,6,0.7
134361624,55,132,300000,0.05,0.001,157323,6,0.3
3142792,35,372,52001,0.15,0.001,29047,8,0.5
20386638,53,156,128775,0.05,0.001,71645,4,0.3
10508045,53,156,50516,0.05,0.001,34750,5,0.5
32002326,59,84,79818,0.15,0.004,48579,9,0.3
1722120,49,204,59901,0.15,0.001,41978,9,0.5
2407749,35,372,116466,0.05,0.001,88228,5,0.5
1001533,31,420,50875,0.15,0.004,30718,8,0.7
67872053,49,204,300000,0.05,0.001,184626,4,0.5
8429392,42,288,96673,0.05,0.001,68360,6,0.5
2452785,37,348,93235,0.15,0.004,74417,6,0.5
0,22,528,57000,0.15,0.001,38431,8,0.5
85251627,49,204,237574,0.05,0.001,121194,7,0.7
5873894,43,276,69211,0.15,0.004,51203,8,0.7
11724901,52,168,96263,0.05,0.001,71656,4,0.3
29066254,33,396,300000,0.05,0.001,126603,4,0.5
23936749,52,168,158276,0.05,0.001,70605,5,0.3
157395042,52,168,186241,0.05,0.001,82103,7,0.3
42259679,53,156,300000,0.3,0.004,139366,10,0.3
3033335,52,168,30601,0.15,0.004,22558,8,0.5
10162926,43,276,116097,0.15,0.001,52389,7,0.3
3448341,53,156,65380,0.3,0.004,44524,10,0.3
916233,30,432,65949,0.15,0.004,44108,7,0.5
142468,25,492,74817,0.15,0.004,48625,7,0.5
2233260,40,312,54478,0.3,0.008,27257,9,0.3
164240890,51,180,300000,0.05,0.001,128847,7,0.3
5045307,50,192,60690,0.15,0.004,40018,6,0.3
13871836,52,168,82835,0.15,0.001,57853,7,0.3
932864,29,444,77680,0.05,0.001,45421,4,0.7
1156168,40,312,63604,0.15,0.001,53871,9,0.5
10987116,59,84,73906,0.15,0.001,45018,8,0.3
268083,42,288,31833,0.15,0.001,28395,8,0.3
4896161,38,336,98821,0.05,0.001,57036,7,0.7
10874471,38,336,110077,0.05,0.001,71930,5,0.3
10216433,43,276,62039,0.15,0.004,37052,6,0.3
309386,44,264,20000,0.15,0.001,17086,8,0.5
15407177,59,84,62173,0.3,0.004,33324,19,0.3
2429109,33,396,119845,0.05,0.001,75883,4,0.7
5278331,32,408,120079,0.05,0.001,47146,4,0.5
335878,25,492,75873,0.05,0.001,46591,6,0.5
9944662,45,252,65509,0.05,0.001,45787,4,0.3
391514,37,348,38736,0.15,0.004,33781,9,0.3
68728404,49,204,178472,0.05,0.001,91802,6,0.7
282120,31,420,20000,0.3,0.004,15061,19,0.5
15988608,45,252,112105,0.05,0.001,69280,5,0.3
0,22,528,57498,0.15,0.004,38294,6,0.7
1416638,24,504,300000,0.15,0.004,145013,7,0.7
133725,24,504,91130,0.05,0.001,68820,4,0.3
1725015,36,360,94749,0.05,0.001,68842,7,0.5
665029,32,408,34860,0.15,0.004,30102,8,0.7
4846010,38,336,73596,0.05,0.001,44826,7,0.5
7833937,42,288,75221,0.05,0.001,40786,4,0.5
64848,23,516,68057,0.05,0.001,34529,7,0.3
322738,35,372,28762,0.15,0.004,22441,8,0.5
28398746,59,84,113744,0.15,0.001,57236,7,0.3
558119,23,516,300000,0.05,0.001,169242,6,0.7
8967008,48,216,58723,0.15,0.001,37491,6,0.3
22044997,37,348,300000,0.05,0.001,132611,7,0.5
833176,37,348,30666,0.15,0.004,21979,9,0.5
11525445,38,336,105955,0.05,0.001,54713,5,0.5
120630,30,432,34820,0.15,0.001,27271,9,0.7
2089217,45,252,49059,0.15,0.004,43216,8,0.3
3896675,46,240,75161,0.3,0.008,51294,13,0.5
21685,24,504,41430,0.3,0.004,29308,13,0.5
10961910,56,120,79439,0.05,0.001,61240,6,0.5
1070434,36,360,48689,0.15,0.004,41537,9,0.5
43688658,57,108,91505,0.05,0.001,52190,4,0.3
46405117,57,108,127947,0.05,0.001,66058,4,0.3
5856015,43,276,92621,0.05,0.001,61385,4,0.7
1725610,44,264,70090,0.3,0.008,49140,19,0.5
5053459,55,132,29280,0.3,0.004,24839,19,0.3
104803586,52,168,233950,0.05,0.001,103006,6,0.3
288787,31,420,48285,0.3,0.008,37527,11,0.3
183709455,53,156,198193,0.05,0.001,90507,5,0.3
3282854,39,324,44844,0.15,0.004,29083,9,0.5
612027,45,252,41329,0.3,0.004,38460,23,0.5
1638384,59,84,24736,0.3,0.008,23438,13,0.3
48860309,49,204,175432,0.05,0.001,81765,7,0.3
2583209,27,468,157591,0.05,0.001,87346,4,0.5
4391888,37,348,56761,0.15,0.001,38615,6,0.3
32318,25,492,33263,0.15,0.001,30166,9,0.5
3082731,37,348,52074,0.15,0.001,35730,8,0.5
44069,23,516,61358,0.05,0.001,39315,5,0.7
1476333,41,300,44160,0.3,0.004,39972,17,0.5
103229,49,204,21627,0.15,0.004,21435,8,0.3
403455,32,408,48215,0.15,0.004,42916,7,0.5
6755165,50,192,55266,0.15,0.001,37846,9,0.5
1441796,39,324,49734,0.15,0.004,38209,6,0.5
784556,30,432,51648,0.15,0.004,35217,9,0.7
43608,26,480,30374,0.15,0.004,27706,9,0.3
917851,52,168,39858,0.15,0.004,31972,6,0.5
17797083,42,288,168314,0.05,0.001,88060,6,0.5
0,22,528,55882,0.15,0.004,29978,6,0.7
1562306,50,192,46847,0.3,0.008,40351,19,0.5
14921310,34,384,251586,0.05,0.001,166356,5,0.7
1270477,31,420,64473,0.05,0.001,45980,6,0.7
0,22,528,20000,0.3,0.004,15202,10,0.3
0,22,528,300000,0.15,0.004,120022,7,0.5
736252,34,384,56649,0.05,0.001,35777,4,0.7
1518911,30,432,80468,0.15,0.004,49991,8,0.7
38619636,48,216,171423,0.05,0.001,81322,6,0.5
0,22,528,93975,0.15,0.001,63721,6,0.5
29647002,45,252,169289,0.05,0.001,68626,5,0.7
2307372,47,228,41454,0.3,0.008,33268,13,0.5
14610384,48,216,144204,0.05,0.001,88103,7,0.5
14562400,54,144,114485,0.05,0.001,78199,5,0.5
220544,41,300,49485,0.3,0.008,52921,18,0.5
41192,24,504,28637,0.3,0.008,22184,9,0.3
1883920,35,372,62561,0.3,0.008,36170,17,0.5
876473,32,408,46844,0.15,0.001,33454,6,0.5
146682,28,456,42178,0.15,0.004,39388,9,0.3
5294308,58,96,32555,0.15,0.004,24182,7,0.3
275136,26,480,53175,0.15,0.004,35625,9,0.5
32099828,37,348,173055,0.05,0.001,72137,4,0.5
14325836,52,168,136081,0.05,0.001,96688,4,0.3
18502504,40,312,191736,0.15,0.001,94114,6,0.3
15059926,58,96,59129,0.15,0.001,46872,6,0.5
2301943,43,276,71619,0.15,0.004,45171,6,0.3
6814025,51,180,72124,0.15,0.004,52942,9,0.3
887,23,516,27171,0.15,0.004,26090,9,0.3
1593413,44,264,39619,0.3,0.008,36018,10,0.3
94900388,44,264,300000,0.05,0.001,126199,7,0.3
6706042,35,372,144858,0.15,0.004,63773,7,0.3
39604941,42,288,156977,0.15,0.004,70160,8,0.5
582245,24,504,300000,0.05,0.001,130939,7,0.5
1994491,34,384,66145,0.3,0.004,46319,11,0.7
44643374,44,264,300000,0.15,0.004,154374,8,0.5
35499831,40,312,300000,0.15,0.004,153033,8,0.5
55399,25,492,44260,0.05,0.001,41291,5,0.5
4270799,40,312,68344,0.15,0.004,45972,9,0.3
18004111,47,228,300000,0.3,0.004,173370,10,0.3
9737609,59,84,40039,0.15,0.004,32250,6,0.3
1276121,31,420,58223,0.05,0.001,35795,4,0.7
60674,28,456,27749,0.3,0.004,26543,14,0.7
14772238,46,240,72911,0.15,0.004,46820,8,0.5
101605,29,444,20000,0.3,0.004,16649,15,0.3
5751053,56,120,36755,0.15,0.004,27588,7,0.3
2445184,27,468,102641,0.05,0.001,52862,7,0.7
46476655,43,276,300000,0.05,0.001,175179,4,0.7
17907498,49,204,165764,0.15,0.004,76702,7,0.3
0,22,528,117177,0.15,0.004,57336,7,0.5
157617,24,504,52921,0.3,0.004,28733,21,0.3
1311551,58,96,40418,0.15,0.001,47007,7,0.5
24533712,37,348,81935,0.15,0.004,38552,8,0.5
24883,27,468,22947,0.3,0.004,22856,19,0.5
2655097,38,336,33519,0.15,0.001,26299,8,0.5
8952616,45,252,66470,0.05,0.001,52535,6,0.5
13152255,54,144,157418,0.15,0.001,99263,7,0.3
4359905,40,312,92189,0.15,0.001,55812,7,0.5
115010451,54,144,224526,0.05,0.001,111022,7,0.3
5748495,55,132,110266,0.15,0.004,94539,6,0.3
815316,32,408,117612,0.3,0.008,87628,17,0.5
4384679,34,384,78018,0.15,0.004,40406,9,0.5
181725,30,432,42826,0.05,0.001,43504,5,0.3
837724,25,492,151097,0.05,0.001,89074,7,0.5
1347978,36,360,57886,0.15,0.001,45203,7,0.5
10204781,49,204,81499,0.05,0.001,51913,4,0.3
17404847,58,96,84668,0.3,0.004,66386,11,0.3
5536850,31,420,300000,0.15,0.004,172605,9,0.7
9240245,49,204,219322,0.15,0.004,112551,7,0.5
16803282,33,396,300000,0.05,0.001,196874,4,0.7
263778,44,264,28093,0.3,0.004,26767,16,0.7
23850120,53,156,142603,0.15,0.004,75451,8,0.3
10176672,48,216,94227,0.15,0.004,59427,9,0.3
132828,23,516,184810,0.05,0.001,99318,6,0.5
2779840,48,216,44229,0.15,0.001,32727,9,0.7
6254115,48,216,75018,0.05,0.001,38690,7,0.5
10534962,36,360,195228,0.05,0.001,112193,6,0.5
555521,33,396,65036,0.15,0.004,48739,8,0.7
553375,30,432,34556,0.15,0.004,26150,8,0.7
25226396,42,288,283700,0.05,0.001,145424,4,0.5
14982148,58,96,116848,0.15,0.004,92314,6,0.3
647709,48,216,47880,0.15,0.004,46390,8,0.5
429694,51,180,27917,0.3,0.008,25984,20,0.3
42617768,57,108,87387,0.15,0.004,48149,6,0.5
179586,34,384,40872,0.15,0.004,40216,7,0.3
3496538,29,444,90670,0.05,0.001,54851,7,0.7
108462381,54,144,185375,0.05,0.001,120189,4,0.5
2724420,31,420,91630,0.05,0.001,64055,5,0.5
242414,28,456,26096,0.05,0.001,19368,5,0.5
33876318,58,96,62692,0.15,0.001,34565,6,0.3
1029385,28,456,81506,0.05,0.001,46035,4,0.5
1375018,39,324,71719,0.05,0.001,47054,5,0.7
827907,41,300,40448,0.15,0.001,33640,6,0.3
514197,36,360,42124,0.15,0.004,35262,9,0.5
5254543,38,336,115390,0.05,0.001,71545,6,0.3
5807567,52,168,54736,0.15,0.004,36826,7,0.5
10433265,44,264,76772,0.15,0.004,54271,8,0.3
1406629,49,204,48398,0.05,0.001,45868,6,0.5
2244404,27,468,207653,0.05,0.001,127014,5,0.7
35803372,37,348,169160,0.05,0.001,67113,5,0.7
4661464,43,276,85536,0.05,0.001,57611,6,0.5
10598301,45,252,126946,0.05,0.001,92226,4,0.5
4645666,30,432,124446,0.15,0.004,65045,8,0.7
13073587,34,384,152973,0.05,0.001,89163,6,0.7
3767744,49,204,62592,0.15,0.004,51607,7,0.3
5077845,48,216,63721,0.15,0.001,38907,9,0.5
18098262,41,300,229495,0.05,0.001,122656,5,0.3
6307247,39,324,135022,0.15,0.001,91960,6,0.5
298504,44,264,20000,0.15,0.004,17569,7,0.5
883350,25,492,60542,0.15,0.001,32821,7,0.7
79231156,54,144,300000,0.3,0.008,106508,8,0.3
756857,45,252,39885,0.3,0.008,33506,22,0.5
21503971,50,192,67771,0.15,0.004,42360,9,0.5
25543,26,480,25245,0.3,0.004,23989,18,0.5
9374132,43,276,112759,0.15,0.001,78936,8,0.3
21696048,31,420,300000,0.05,0.001,138350,5,0.7
10642326,57,108,54662,0.15,0.004,32343,8,0.5
2640916,37,348,52751,0.3,0.008,34154,20,0.5
12725866,44,264,156266,0.15,0.001,93647,9,0.5
249447,26,480,84511,0.05,0.001,68547,7,0.5
36114266,54,144,163348,0.15,0.001,108850,9,0.3
95292,24,504,56044,0.05,0.001,36574,5,0.5
98670678,55,132,300000,0.3,0.004,138088,19,0.3
941709,39,324,45585,0.3,0.008,45139,23,0.5
663054,25,492,137299,0.05,0.001,65563,5,0.5
24374030,46,240,126911,0.05,0.001,73371,4,0.7
6847252,44,264,66667,0.15,0.004,42267,8,0.7
17720070,46,240,134474,0.05,0.001,66094,5,0.5
88876,35,372,40848,0.3,0.004,41054,9,0.3
9991577,53,156,94925,0.15,0.001,65666,6,0.3
2073935,38,336,40502,0.05,0.001,30973,6,0.7
1245556,31,420,52226,0.05,0.001,30322,7,0.5
2801017,28,456,129313,0.05,0.001,71089,5,0.7
415373,37,348,40833,0.15,0.004,36531,6,0.3
224404,24,504,81414,0.05,0.001,49751,4,0.3
957964,31,420,67410,0.3,0.004,47896,22,0.7
6825268,43,276,80740,0.15,0.004,52722,9,0.5
14511927,34,384,295231,0.05,0.001,150458,5,0.7
13234048,47,228,96712,0.05,0.001,56383,4,0.5
1172804,28,456,69664,0.05,0.001,42170,4,0.7
20660522,54,144,157460,0.15,0.004,66433,8,0.3
107053,24,504,119244,0.15,0.001,87438,9,0.5
248943,39,324,33968,0.3,0.008,31617,15,0.3
5271797,41,300,59626,0.05,0.001,42903,4,0.7
164949574,54,144,242974,0.05,0.001,126468,6,0.3
9900014,55,132,83331,0.05,0.001,64006,7,0.3
38679736,58,96,129145,0.15,0.001,60234,9,0.3
3430184,47,228,116522,0.05,0.001,66809,4,0.3
1836656,33,396,84225,0.3,0.008,58858,15,0.7
2244176,39,324,76420,0.3,0.004,57519,23,0.5
51709035,57,108,289616,0.05,0.001,150428,7,0.3
15922698,55,132,92957,0.15,0.001,64761,8,0.3
1066183,26,480,135968,0.05,0.001,72936,5,0.5
4166280,42,288,60188,0.15,0.001,41630,9,0.5
1369168,37,348,84287,0.15,0.004,58951,9,0.5
165707,37,348,38866,0.3,0.004,37171,13,0.3
6063028,56,120,60927,0.15,0.004,35381,7,0.3
82935297,52,168,122378,0.05,0.001,64000,6,0.3
151792,29,444,26327,0.3,0.004,21948,8,0.5
19369768,37,348,157105,0.05,0.001,63873,7,0.5
26704582,55,132,81258,0.3,0.008,47413,14,0.3
12813285,42,288,147963,0.05,0.001,73547,6,0.3
9319492,44,264,82496,0.15,0.004,56765,9,0.5
4483202,29,444,300000,0.15,0.001,197202,6,0.7
414566,29,444,105815,0.05,0.001,89761,7,0.5
1129711,25,492,71701,0.05,0.001,45081,7,0.7
20636285,44,264,139153,0.05,0.001,66469,5,0.5
31676790,46,240,174709,0.15,0.004,88359,6,0.7
6952058,46,240,131269,0.15,0.001,58881,6,0.3
7363355,41,300,52211,0.15,0.001,32890,7,0.5
111151,28,456,26988,0.3,0.008,20845,22,0.5
14222761,54,144,98120,0.15,0.004,51988,9,0.5
2216000,41,300,60520,0.15,0.001,43301,7,0.3
1138206,31,420,58657,0.3,0.008,37611,20,0.7
22750166,59,84,84788,0.15,0.001,57346,9,0.5
15430029,53,156,51512,0.15,0.001,30779,9,0.3
2779750,37,348,108740,0.15,0.004,65203,9,0.7
71646505,43,276,300000,0.05,0.001,154157,7,0.7
98723858,58,96,126900,0.05,0.001,74259,4,0.3
23505568,57,108,133569,0.15,0.004,100897,9,0.3
2387654,41,300,50646,0.3,0.008,33910,12,0.5
320509,28,456,49757,0.05,0.001,34526,5,0.3
42599316,52,168,170894,0.05,0.001,67469,5,0.3
427681,32,408,53372,0.3,0.008,37245,21,0.5
3527894,40,312,51279,0.3,0.004,39694,15,0.5
122485501,51,180,300000,0.05,0.001,137953,7,0.3
30547600,50,192,63029,0.15,0.004,45290,6,0.3
46750960,49,204,173248,0.05,0.001,83668,5,0.7
21824356,46,240,177501,0.15,0.004,82420,9,0.3
21424011,51,180,137176,0.15,0.004,90126,6,0.3
29148812,51,180,100521,0.15,0.001,68615,6,0.3
4243046,54,144,58830,0.3,0.008,41199,13,0.3
87373095,51,180,106021,0.15,0.004,55848,8,0.5
2919813,39,324,71704,0.3,0.004,51613,9,0.3
3669570,36,360,115002,0.05,0.001,65641,7,0.5
9115196,35,372,108543,0.15,0.004,62690,6,0.5
3195469,57,108,64058,0.3,0.008,47092,17,0.3
1144249,36,360,66641,0.15,0.004,50547,8,0.5
122328773,53,156,382863,0.05,0.001,219546,5,0.3
277855,35,372,35358,0.15,0.004,30957,8,0.3
5251042,47,228,64776,0.3,0.008,49255,8,0.5
789041,41,300,81920,0.15,0.004,57207,7,0.5
155317,24,504,84224,0.15,0.004,58367,9,0.5
465246,27,468,50774,0.05,0.001,28877,4,0.5
360438,26,480,58219,0.05,0.001,33059,6,0.3
3105354,39,324,103008,0.15,0.004,72037,6,0.7
2479209,51,180,77279,0.15,0.004,56514,8,0.5
4603,23,516,20000,0.3,0.008,15996,19,0.5
474049,26,480,70606,0.05,0.001,48941,4,0.3
4405894,41,300,82694,0.05,0.001,47882,5,0.3
12189089,44,264,101976,0.15,0.001,67617,6,0.7
252385,23,516,142097,0.15,0.004,51631,6,0.7
2592495,36,360,95544,0.15,0.004,73398,7,0.7
6443235,53,156,114981,0.05,0.001,79131,5,0.3
5502590,37,348,113538,0.05,0.001,72466,6,0.5
1568148,37,348,74390,0.05,0.001,58529,5,0.7
21704,25,492,26818,0.15,0.004,23189,8,0.3
15633516,45,252,102799,0.15,0.004,59610,9,0.5
125745,29,444,30601,0.3,0.004,26574,16,0.7
4594282,42,288,77728,0.3,0.008,44666,21,0.5
35320549,55,132,130267,0.05,0.001,75799,7,0.3
99229018,58,96,158123,0.05,0.001,83541,7,0.3
6401266,49,204,82211,0.15,0.004,53231,8,0.5
1343549,41,300,58505,0.3,0.008,45809,11,0.3
10089322,42,288,109107,0.15,0.004,65792,8,0.7
19389086,51,180,57174,0.3,0.004,36170,14,0.3
6169540,42,288,76755,0.15,0.004,54337,7,0.5
16238241,48,216,79032,0.05,0.001,56360,6,0.5
40908663,51,180,135476,0.05,0.001,64951,5,0.5
30673330,52,168,62921,0.05,0.001,30172,4,0.3
20226052,57,108,66012,0.15,0.001,43758,8,0.3
28871129,54,144,85758,0.05,0.001,55458,6,0.3
166909,33,396,46799,0.3,0.004,40896,22,0.5
136163104,51,180,256730,0.05,0.001,97686,5,0.3
1092585,30,432,57278,0.15,0.004,26586,8,0.7
3002575,45,252,73028,0.15,0.004,43751,6,0.3
105853,31,420,26837,0.05,0.001,24343,4,0.5
1122056,31,420,54236,0.05,0.001,33812,5,0.7
91057670,53,156,263950,0.05,0.001,138001,4,0.3
34795,25,492,38835,0.3,0.008,33784,19,0.7
1695353,30,432,90600,0.05,0.001,74945,5,0.5
15347012,54,144,68007,0.3,0.004,42743,23,0.3
31998633,43,276,99480,0.15,0.001,57376,6,0.5
2987837,38,336,117520,0.05,0.001,94918,6,0.3
2424786,37,348,73098,0.05,0.001,53105,5,0.3
13447595,34,384,73030,0.15,0.004,46377,6,0.5
4985804,32,408,175388,0.15,0.001,82628,9,0.7
0,22,528,143993,0.15,0.004,66906,8,0.7
1622159,30,432,93556,0.05,0.001,56732,4,0.5
544501,49,204,45681,0.3,0.004,44868,23,0.5
1200556,45,252,38994,0.3,0.008,28508,14,0.5
1881077,51,180,35338,0.15,0.004,26413,6,0.3
32606363,49,204,300000,0.15,0.001,160861,7,0.3
0,22,528,60799,0.15,0.001,29645,6,0.5
22207820,50,192,112378,0.15,0.004,58878,7,0.5
7954482,54,144,93726,0.3,0.004,68029,15,0.3
15503287,49,204,68277,0.15,0.001,45752,6,0.3
95648084,53,156,160186,0.15,0.004,80991,8,0.3
0,22,528,45008,0.05,0.001,45836,7,0.5
2896903,34,384,78867,0.05,0.001,48887,6,0.7
103889,26,480,21501,0.15,0.004,18358,8,0.5
613977,40,312,42111,0.3,0.008,43643,8,0.5
9249941,46,240,84065,0.05,0.001,50882,6,0.3
3520833,40,312,54749,0.05,0.001,35179,7,0.3
456872,24,504,106870,0.05,0.001,70738,7,0.5
16279,25,492,22203,0.15,0.001,20553,8,0.7
16231770,53,156,71034,0.15,0.004,48437,8,0.3
29395069,53,156,124422,0.15,0.001,74433,8,0.5
1909385,36,360,82527,0.15,0.004,52525,9,0.3
29242430,44,264,222330,0.05,0.001,117839,4,0.3
114922758,55,132,222356,0.05,0.001,102917,4,0.3
2816715,38,336,65325,0.3,0.004,40815,10,0.5
1271653,31,420,118232,0.05,0.001,81034,5,0.7
728696,29,444,46308,0.05,0.001,34196,4,0.7
3666850,48,216,39681,0.15,0.004,33933,8,0.3
5174258,38,336,81268,0.15,0.004,47569,9,0.7
121816212,56,120,153399,0.05,0.001,75654,4,0.3
38690123,43,276,277931,0.05,0.001,153389,4,0.5
6143739,48,216,51997,0.05,0.001,28359,6,0.3
298796,41,300,32974,0.15,0.004,32317,8,0.7
297576,27,468,21494,0.3,0.008,15947,8,0.3
16953515,48,216,151855,0.05,0.001,57744,5,0.5
1485299,27,468,101394,0.05,0.001,70135,7,0.7
2035019,56,120,34918,0.15,0.004,27357,6,0.5
0,22,528,46123,0.15,0.001,36130,7,0.5
2962949,48,216,50140,0.15,0.001,32417,8,0.5
177314677,58,96,300000,0.3,0.004,214606,8,0.3
14694400,59,84,132469,0.15,0.001,104784,8,0.3
11805442,47,228,100643,0.15,0.004,59671,7,0.7
22216586,48,216,263633,0.05,0.001,178981,6,0.7
3941833,40,312,98464,0.15,0.001,58572,8,0.5
23847683,46,240,198610,0.05,0.001,86261,6,0.5
5289138,44,264,100309,0.15,0.004,51763,9,0.5
17832942,49,204,108309,0.05,0.001,61081,7,0.3
25672540,38,336,300000,0.05,0.001,153859,6,0.7
3386926,53,156,39980,0.3,0.008,35796,21,0.5
9628464,57,108,53861,0.15,0.004,37333,9,0.3
14627509,53,156,88500,0.15,0.004,46037,7,0.3
570706,38,336,30732,0.15,0.004,26282,6,0.5
177764506,57,108,182795,0.05,0.001,84978,5,0.3
6402121,56,120,43866,0.15,0.001,34319,8,0.3
11465715,54,144,71261,0.15,0.004,44226,7,0.3
4893394,44,264,131565,0.15,0.004,85018,9,0.5
1327156,38,336,53783,0.05,0.001,42694,7,0.5
11580831,59,84,59528,0.05,0.001,36071,5,0.5
3648883,45,252,66955,0.3,0.004,43542,8,0.3
995711,44,264,32446,0.15,0.004,26855,6,0.5
1743215,35,372,80109,0.15,0.001,59628,9,0.5
4688964,30,432,300000,0.15,0.004,114936,7,0.5
1418800,49,204,27561,0.3,0.008,22783,23,0.5
931684,29,444,95853,0.15,0.001,57736,6,0.7
15471494,55,132,71070,0.15,0.004,51976,9,0.5
12581322,40,312,137344,0.05,0.001,71918,4,0.7
42043584,54,144,128702,0.05,0.001,87811,7,0.3
33492796,57,108,78814,0.15,0.004,50047,6,0.3
450585,34,384,47271,0.15,0.004,41187,9,0.5
29639644,55,132,141359,0.15,0.004,82143,9,0.3
22575594,55,132,135895,0.3,0.004,71919,20,0.3
4929552,50,192,82352,0.3,0.004,55642,18,0.5
9066537,48,216,118252,0.15,0.004,72744,9,0.5
1053141,55,132,45621,0.15,0.004,44999,6,0.5
144439,41,300,34192,0.3,0.004,33785,14,0.5
502550,26,480,65321,0.05,0.001,44456,6,0.7
5801906,56,120,93087,0.15,0.004,68978,6,0.5
16181501,46,240,125135,0.15,0.004,58243,8,0.5
528290,29,444,48348,0.3,0.004,37099,21,0.7
10973805,36,360,137198,0.05,0.001,59539,7,0.3
479551,53,156,40093,0.3,0.008,37484,15,0.3
310871,29,444,49812,0.15,0.001,39472,9,0.5
118624,23,516,86297,0.05,0.001,55051,5,0.5
1378141,34,384,70538,0.15,0.001,46664,6,0.7
49523974,52,168,176327,0.05,0.001,67131,7,0.3
673180,37,348,45973,0.15,0.001,39676,6,0.7
231034,28,456,27340,0.15,0.004,20305,8,0.5
83273542,58,96,208583,0.15,0.001,115560,6,0.3
199055546,56,120,300000,0.15,0.001,153294,8,0.3
13614698,54,144,99908,0.15,0.001,66002,8,0.3
32401401,41,300,174812,0.15,0.004,93730,9,0.7
0,22,528,33442,0.15,0.004,30622,8,0.5
32750,25,492,37390,0.05,0.001,35415,7,0.5
71446,25,492,47132,0.15,0.001,42322,7,0.5
2847187,41,300,52481,0.3,0.004,38257,17,0.5
595207,23,516,135210,0.05,0.001,64688,5,0.7
4752,23,516,22580,0.3,0.004,19638,19,0.5
5440224,32,408,108429,0.05,0.001,56395,7,0.7
4956254,30,432,300000,0.15,0.004,127308,8,0.7
7049395,59,84,46738,0.15,0.001,37655,7,0.5
93924,23,516,157647,0.05,0.001,89648,5,0.5
4410981,44,264,68486,0.15,0.001,53522,8,0.7
18921156,48,216,145232,0.05,0.001,66965,6,0.5
3154978,34,384,62163,0.15,0.004,32598,6,0.7
275123,28,456,45423,0.15,0.001,36175,6,0.3
172510,25,492,76652,0.05,0.001,58364,6,0.7
1612478,23,516,211516,0.05,0.001,116367,5,0.7
38852440,41,300,300000,0.15,0.001,146186,8,0.7
10958865,54,144,96708,0.15,0.004,79445,7,0.5
5710168,57,108,60898,0.15,0.001,47642,8,0.5
30933390,57,108,94612,0.15,0.004,59745,7,0.3
1244795,42,288,47926,0.05,0.001,42080,6,0.5
995052,52,168,48521,0.15,0.001,43810,7,0.3
823041,46,240,20628,0.15,0.004,17116,8,0.7
8357179,52,168,112282,0.15,0.004,85158,8,0.3
2140193,50,192,49831,0.3,0.004,43999,14,0.5
60395,25,492,32749,0.15,0.001,27374,6,0.3
135675,26,480,46488,0.3,0.008,39087,16,0.5
4675830,56,120,38795,0.15,0.004,24460,9,0.3
59781,24,504,56324,0.15,0.001,39462,9,0.3
1152578,39,324,33916,0.3,0.008,25855,8,0.5
21057687,44,264,196879,0.05,0.001,112917,6,0.5
851827,25,492,52942,0.3,0.004,29237,21,0.7
16881936,52,168,94749,0.15,0.001,56810,9,0.3
861143,25,492,71404,0.15,0.004,42837,9,0.7
27437,25,492,24898,0.15,0.004,24053,9,0.3
5188977,49,204,44682,0.15,0.001,34147,9,0.5
3918561,50,192,56190,0.3,0.008,31927,15,0.5
0,22,528,52379,0.05,0.001,35754,5,0.5
5461408,36,360,73845,0.05,0.001,39621,5,0.3
3224863,53,156,36419,0.15,0.001,24655,7,0.3
3369036,36,360,66871,0.15,0.004,38346,7,0.3
1508056,36,360,50430,0.15,0.004,35174,9,0.5
34708535,56,120,124786,0.05,0.001,92313,7,0.3
21224643,50,192,235680,0.05,0.001,193161,6,0.3
122452,26,480,50483,0.15,0.004,35682,8,0.7
11247052,45,252,131711,0.05,0.001,81360,5,0.5
427881,31,420,67404,0.15,0.004,55930,9,0.3
1839384,47,228,35906,0.3,0.004,28532,12,0.3
241736,25,492,35414,0.15,0.004,23091,8,0.7
16054740,50,192,111953,0.05,0.001,81592,7,0.5
7303377,36,360,66361,0.15,0.001,39376,9,0.5
609056,36,360,48703,0.3,0.008,39687,18,0.3
1612597,44,264,38259,0.15,0.004,32739,6,0.3
413945,30,432,38915,0.05,0.001,28827,5,0.5
19197589,55,132,52186,0.15,0.004,30951,9,0.3
0,22,528,300000,0.15,0.004,190476,9,0.3
0,22,528,44360,0.05,0.001,39761,6,0.7
7536462,39,324,126800,0.05,0.001,80461,7,0.5
3920237,50,192,38789,0.3,0.004,31835,21,0.5
38563023,54,144,300000,0.15,0.001,170657,8,0.3
3992998,41,300,83202,0.3,0.008,60968,21,0.5
560274,37,348,34494,0.3,0.008,29085,14,0.3
2623583,54,144,38983,0.15,0.004,31011,7,0.5
128506218,57,108,210179,0.05,0.001,99288,6,0.3
948777,35,372,35544,0.15,0.001,27565,9,0.7
15100897,46,240,134132,0.05,0.001,67325,6,0.3
8254415,55,132,51444,0.15,0.004,31401,7,0.3
1043342,35,372,84186,0.05,0.001,72495,7,0.5
14760084,59,84,71877,0.15,0.001,44494,9,0.3
10679108,57,108,65988,0.3,0.008,43577,20,0.3
17942,23,516,68952,0.05,0.001,36857,6,0.5
2502512,35,372,60432,0.05,0.001,43279,6,0.5
5397658,31,420,167659,0.05,0.001,114392,7,0.5
4460852,37,348,70388,0.05,0.001,45261,7,0.5
86093730,55,132,159585,0.15,0.004,81446,9,0.3
215157,36,360,44684,0.05,0.001,41529,5,0.7
6932265,33,396,170479,0.05,0.001,115500,6,0.7
126427,50,192,21643,0.15,0.004,21181,7,0.5
1212153,43,276,50620,0.15,0.004,33205,7,0.5
23777875,54,144,81104,0.15,0.004,54420,7,0.5
2967157,26,480,124057,0.15,0.004,76323,9,0.7
2376591,33,396,99342,0.15,0.004,70520,9,0.7
2946635,33,396,50933,0.05,0.001,28476,4,0.7
254405153,58,96,300000,0.05,0.001,141551,7,0.3
155434,25,492,27300,0.15,0.001,21231,9,0.5
3403394,44,264,65028,0.3,0.008,36404,14,0.5
3767129,43,276,70124,0.15,0.001,46558,7,0.3
121915,25,492,63395,0.05,0.001,56746,6,0.5
148425,33,396,42720,0.15,0.004,40579,9,0.5
9845941,32,408,273225,0.05,0.001,161195,4,0.5
14441258,45,252,90513,0.05,0.001,54798,5,0.5
2171535,39,324,64908,0.3,0.008,38157,10,0.7
73448703,50,192,213229,0.15,0.001,92708,8,0.7
3152427,26,480,300000,0.05,0.001,153757,7,0.7
18320112,52,168,122301,0.05,0.001,76128,4,0.3
10008554,56,120,83045,0.3,0.008,57767,23,0.3
41144560,58,96,102380,0.05,0.001,56574,6,0.3
18897257,46,240,169072,0.05,0.001,74574,5,0.5
10896143,44,264,88529,0.15,0.001,50015,6,0.3
0,22,528,39154,0.05,0.001,31410,6,0.7
824909,50,192,34314,0.15,0.004,32860,7,0.7
77932497,51,180,128484,0.05,0.001,51856,7,0.3
3708620,50,192,42711,0.3,0.004,31681,18,0.5
886653,39,324,35140,0.3,0.008,25707,19,0.7
37768128,58,96,126529,0.15,0.001,77657,7,0.3
340064,23,516,300000,0.15,0.004,134429,9,0.7
10545,23,516,36609,0.15,0.004,38416,6,0.5
540788,28,456,78144,0.05,0.001,62203,4,0.7
26800056,41,300,147870,0.05,0.001,69606,6,0.5
9954529,52,168,46438,0.15,0.001,30805,9,0.5
7534924,54,144,54222,0.15,0.001,38161,6,0.3
7297077,53,156,60525,0.3,0.008,34564,10,0.5
830959,55,132,48675,0.3,0.004,47114,16,0.5
15444216,34,384,300000,0.15,0.004,140956,8,0.5
105441477,57,108,111117,0.15,0.004,75447,8,0.3
114070626,53,156,153799,0.05,0.001,69442,7,0.3
10900202,30,432,140652,0.05,0.001,59439,4,0.7
2821655,28,456,102502,0.05,0.001,54734,4,0.5
606489,26,480,99472,0.05,0.001,62154,7,0.7
108172,31,420,46205,0.3,0.004,42372,18,0.7
199562,23,516,61800,0.05,0.001,32448,7,0.7
0,22,528,300000,0.15,0.004,130316,6,0.7
148136274,57,108,300000,0.15,0.004,127140,9,0.3
955179,36,360,53100,0.05,0.001,33784,7,0.7
4147252,54,144,58321,0.15,0.001,44216,9,0.3
809724,25,492,109652,0.05,0.001,48699,5,0.5
1178755,41,300,74780,0.05,0.001,62318,4,0.5
20528041,50,192,139096,0.15,0.004,79550,7,0.3
5061998,45,252,79883,0.3,0.004,54053,17,0.3
3058024,44,264,84351,0.15,0.001,52041,6,0.7
688008,27,468,78660,0.15,0.001,54387,6,0.7
16391746,36,360,159827,0.05,0.001,97318,4,0.7
0,22,528,80895,0.05,0.001,57473,5,0.3
77055,37,348,27102,0.15,0.001,26226,8,0.5
74877,25,492,20000,0.3,0.004,13839,10,0.3
1321354,46,240,40932,0.3,0.004,33562,20,0.3
0,22,528,115560,0.05,0.001,84268,7,0.5
1737099,27,468,141787,0.05,0.001,68283,6,0.5
285640,25,492,88718,0.05,0.001,66320,6,0.5
15277835,53,156,104273,0.3,0.004,72798,19,0.5
8231078,26,480,300000,0.05,0.001,124531,5,0.7
2179571,27,468,174196,0.05,0.001,104334,4,0.7
81239,26,480,30065,0.15,0.001,24928,8,0.5
38153,26,480,20000,0.15,0.004,15339,8,0.3
3576317,37,348,63642,0.15,0.004,48990,8,0.3
562011,25,492,72168,0.15,0.004,41961,7,0.7
91385,24,504,71285,0.05,0.001,51195,7,0.3
3328304,26,480,141176,0.05,0.001,63836,4,0.7
236414600,58,96,300000,0.15,0.004,112362,9,0.3
12868,24,504,22447,0.15,0.004,20063,7,0.5
2867204,38,336,51276,0.15,0.004,37386,8,0.5
84937545,48,216,172871,0.05,0.001,75082,4,0.3
1579312,38,336,51602,0.15,0.004,33063,7,0.5
1575935,48,216,48554,0.15,0.001,41211,7,0.3
307265,36,360,43979,0.15,0.004,42801,7,0.7
1379436,31,420,94442,0.05,0.001,73158,4,0.5
752196,36,360,43284,0.15,0.004,31045,6,0.7
7257,23,516,25801,0.3,0.008,21163,22,0.7
13115777,56,120,94551,0.15,0.004,77065,8,0.3
264180,25,492,70885,0.05,0.001,50342,4,0.5
15397579,44,264,73335,0.05,0.001,59947,7,0.5
415477,25,492,98033,0.05,0.001,74766,7,0.7
16006921,46,240,74573,0.05,0.001,42147,4,0.5
253098,30,432,44805,0.3,0.004,41476,18,0.5
1103459,40,312,48725,0.15,0.001,37920,8,0.5
7731,23,516,29587,0.15,0.004,24401,9,0.5
9027462,47,228,71718,0.05,0.001,46756,4,0.7
1761124,34,384,51095,0.3,0.004,28561,10,0.7
13611324,43,276,119782,0.15,0.004,78824,9,0.3
9578474,42,288,139950,0.15,0.001,95742,7,0.7
13920278,55,132,103254,0.3,0.004,68249,10,0.5
57346735,57,108,147995,0.05,0.001,83574,4,0.3
14133446,56,120,56751,0.05,0.001,45061,4,0.3
1556519,35,372,60386,0.15,0.004,44450,8,0.5
0,22,528,78577,0.05,0.001,72089,6,0.5
16376440,42,288,146145,0.05,0.001,88513,6,0.3
2029249,53,156,28552,0.15,0.004,21808,7,0.3
64823,25,492,40000,0.15,0.001,36401,8,0.7
7352295,33,396,170229,0.05,0.001,68771,5,0.7
9953324,53,156,81388,0.3,0.008,40647,20,0.3
55629323,49,204,187029,0.05,0.001,104174,7,0.5
43754931,52,168,138361,0.15,0.004,57214,7,0.3
16845404,58,96,89745,0.3,0.008,60217,21,0.3
393509,24,504,300000,0.15,0.004,186234,8,0.5
18663524,56,120,69445,0.3,0.004,38564,19,0.3
0,22,528,70986,0.05,0.001,39340,4,0.3
5284056,43,276,67019,0.15,0.004,45356,7,0.5
85462,25,492,45227,0.3,0.004,39636,9,0.5
2670635,30,432,96402,0.05,0.001,69636,7,0.7
3309952,34,384,104431,0.15,0.004,71013,8,0.5
85501,28,456,46991,0.3,0.008,45650,10,0.5
86903,37,348,40098,0.15,0.004,42524,6,0.7
1041214,34,384,29892,0.05,0.001,25790,5,0.7
701502,25,492,76411,0.05,0.001,51092,4,0.7
7121846,54,144,67590,0.15,0.004,48904,8,0.3
28619792,52,168,137668,0.05,0.001,86507,4,0.5
2869428,30,432,166728,0.15,0.004,98591,8,0.7
364099,33,396,46298,0.05,0.001,40354,4,0.5
28527508,54,144,113170,0.05,0.001,76774,4,0.5
3131524,54,144,28011,0.15,0.004,21618,9,0.3
17389848,50,192,71681,0.05,0.001,34714,6,0.5
6474286,54,144,70947,0.3,0.008,53958,22,0.3
5033794,37,348,66092,0.05,0.001,41018,4,0.7
1179693,27,468,52599,0.05,0.001,27078,6,0.5
115959279,53,156,300000,0.05,0.001,174021,6,0.5
39903798,41,300,133595,0.05,0.001,69732,4,0.5
19073411,38,336,95342,0.05,0.001,51969,5,0.5
4084564,44,264,90378,0.05,0.001,57884,5,0.7
12556,23,516,38199,0.15,0.001,32845,8,0.3
146840,33,396,20971,0.15,0.004,17650,9,0.5
21510825,43,276,259239,0.05,0.001,123450,4,0.3
1271370,24,504,134132,0.05,0.001,58797,6,0.7
70259,24,504,71372,0.3,0.008,50865,10,0.5
211175,38,336,35191,0.3,0.008,33765,12,0.5
922757,28,456,61062,0.05,0.001,49163,4,0.7
98536,33,396,45030,0.15,0.001,41284,6,0.7
4514640,49,204,90543,0.05,0.001,67578,5,0.5
16319473,49,204,118999,0.05,0.001,66228,5,0.3
2801096,51,180,60689,0.15,0.001,44479,8,0.3
1569870,25,492,300000,0.3,0.008,176010,18,0.7
802895,29,444,69541,0.3,0.008,51965,15,0.5
1432897,31,420,54165,0.15,0.004,33863,6,0.7
27731048,47,228,157560,0.05,0.001,81714,6,0.7
14191589,43,276,98658,0.05,0.001,59733,5,0.5
2777503,43,276,59241,0.3,0.004,37924,21,0.5
16633710,55,132,115922,0.15,0.004,65925,8,0.3
8098176,32,408,251329,0.05,0.001,134162,6,0.7
572867,25,492,71843,0.15,0.001,48080,7,0.5
0,22,528,39869,0.15,0.001,38966,7,0.3
138130105,51,180,376082,0.05,0.001,167240,4,0.3
111323,25,492,71235,0.15,0.001,63304,7,0.3
472222,32,408,50489,0.15,0.001,34571,7,0.7
5178424,39,324,82390,0.15,0.001,54103,6,0.3
121423065,59,84,272001,0.05,0.001,164293,5,0.3
2009578,55,132,108932,0.05,0.001,98232,4,0.5
300579,25,492,106364,0.05,0.001,86572,6,0.3
27240771,57,108,122515,0.05,0.001,61840,5,0.3
17978824,58,96,52764,0.15,0.004,40803,9,0.3
0,22,528,21625,0.3,0.004,16531,18,0.7
6701994,42,288,104001,0.05,0.001,71494,7,0.3
32273903,53,156,98222,0.05,0.001,61371,5,0.3
18036247,50,192,74863,0.05,0.001,44954,7,0.5
2009399,41,300,31097,0.3,0.008,23388,19,0.3
2655701,38,336,91186,0.15,0.001,58728,7,0.5
5156927,47,228,55260,0.15,0.004,38396,7,0.5
136338268,58,96,211040,0.05,0.001,121179,5,0.3
8246423,44,264,101736,0.15,0.004,72166,8,0.5
144691814,56,120,198047,0.05,0.001,93269,7,0.3
5418277,52,168,69810,0.3,0.004,49447,20,0.3
33646779,55,132,58903,0.3,0.008,33113,20,0.3
5191279,51,180,56858,0.15,0.004,37223,8,0.3
2572928,50,192,50030,0.15,0.001,34951,7,0.3
203054490,57,108,300000,0.15,0.001,162520,8,0.3
17134593,58,96,74958,0.3,0.008,44360,20,0.3
0,22,528,32881,0.05,0.001,32654,6,0.3
416473,40,312,27158,0.3,0.008,29805,15,0.3
4351104,58,96,63029,0.3,0.004,43265,12,0.3
23262103,44,264,300000,0.05,0.001,161702,7,0.5
323191,40,312,42404,0.05,0.001,45404,6,0.7
254136,25,492,63519,0.15,0.004,46457,7,0.5
67515223,57,108,133721,0.05,0.001,54256,7,0.5
1904104,36,360,50985,0.15,0.001,37124,7,0.5
92448959,54,144,182085,0.05,0.001,123958,5,0.3
7398353,56,120,83797,0.15,0.004,61744,9,0.3
34765552,58,96,68166,0.3,0.004,41745,19,0.3
8600671,37,348,93349,0.05,0.001,58250,6,0.3
21809,25,492,24787,0.15,0.001,25151,6,0.5
1903156,30,432,67958,0.15,0.001,39791,6,0.7
25313721,45,252,158882,0.05,0.001,95176,7,0.3
17579403,52,168,285532,0.05,0.001,178995,6,0.3
465929,27,468,65997,0.05,0.001,51235,7,0.5
434016,32,408,45119,0.15,0.001,35230,9,0.3
1237677,38,336,55365,0.15,0.001,34685,7,0.3
259653,24,504,154221,0.15,0.004,66337,6,0.5
557339,40,312,20570,0.15,0.004,16747,8,0.5
1193246,25,492,57608,0.05,0.001,38041,4,0.7
195055,24,504,195457,0.05,0.001,116689,7,0.5
1900573,30,432,51175,0.15,0.004,29013,6,0.5
180613,37,348,33460,0.15,0.004,34359,7,0.5
4693306,27,468,300000,0.15,0.001,129716,6,0.7
1142446,48,216,31242,0.3,0.004,24704,8,0.5
670726,43,276,33534,0.15,0.004,28817,7,0.7
7867352,38,336,49877,0.15,0.004,40183,6,0.5
104602878,58,96,99987,0.15,0.004,62452,8,0.3
6445411,29,444,77577,0.05,0.001,44971,6,0.5
0,22,528,21974,0.15,0.004,17143,7,0.3
432026,32,408,52212,0.05,0.001,42259,5,0.5
8673280,56,120,63478,0.15,0.004,42435,9,0.3
38114271,58,96,83973,0.05,0.001,53130,5,0.5
40434,24,504,47145,0.15,0.001,41837,7,0.5
244097,36,360,38356,0.15,0.001,35939,7,0.5
59393602,48,216,163735,0.05,0.001,110355,7,0.7
1642830,35,372,68373,0.15,0.004,56582,8,0.5
2593464,57,108,26072,0.3,0.008,19570,11,0.3
5740540,46,240,94019,0.15,0.004,68650,8,0.5
68768,32,408,20733,0.3,0.004,20379,22,0.5
68882787,55,132,127508,0.15,0.004,68738,7,0.5
148008826,55,132,300000,0.05,0.001,178373,5,0.3
1658030,28,456,62932,0.05,0.001,39973,6,0.7
2198207,27,468,84862,0.15,0.004,52134,6,0.7
139629431,47,228,300000,0.15,0.004,141770,7,0.3
26546795,54,144,79599,0.3,0.004,50233,21,0.3
145042,27,468,40098,0.05,0.001,35183,7,0.3
280654,38,336,40561,0.3,0.004,41735,18,0.3
7834249,41,300,103839,0.15,0.004,51453,9,0.5
5734039,47,228,54905,0.15,0.004,38937,9,0.3
14934,23,516,31529,0.15,0.004,27920,6,0.7
1975894,28,456,108951,0.05,0.001,67271,5,0.7
56998,23,516,300000,0.3,0.008,218114,8,0.3
108665245,42,288,315591,0.05,0.001,133603,4,0.5
7320357,48,216,103787,0.3,0.004,61072,20,0.7
2569702,37,348,42136,0.05,0.001,29679,6,0.5
74155426,54,144,160613,0.05,0.001,104153,7,0.5
32150813,52,168,77772,0.15,0.004,42457,6,0.3
1146090,27,468,73059,0.15,0.004,43835,9,0.7
8860777,52,168,77429,0.15,0.004,55026,9,0.3
735285,27,468,300000,0.3,0.008,165258,15,0.7
18502069,49,204,132128,0.05,0.001,83729,7,0.5
12332084,52,168,94120,0.05,0.001,63435,4,0.3
88786354,50,192,224694,0.15,0.004,122604,7,0.3
23194609,59,84,66660,0.15,0.004,46293,7,0.3
3851059,39,324,88510,0.05,0.001,57253,7,0.5
327636,40,312,30676,0.15,0.004,27459,8,0.5
1622172,33,396,43257,0.15,0.001,32764,9,0.5
13299481,57,108,43925,0.3,0.004,31772,8,0.5
2262847,40,312,54046,0.15,0.004,32335,7,0.5
987937,36,360,55103,0.3,0.008,39955,21,0.3
2245373,32,408,86934,0.05,0.001,63796,7,0.7
11803767,34,384,300000,0.3,0.004,118243,11,0.7
34115930,58,96,82540,0.3,0.004,48526,11,0.3
1603123,27,468,109573,0.05,0.001,52406,6,0.7
6093535,56,120,38392,0.15,0.004,27661,9,0.3
133695132,59,84,300000,0.05,0.001,177062,6,0.3
1445510,37,348,50321,0.3,0.008,32005,11,0.5
498127,28,456,69699,0.05,0.001,40008,7,0.7
205873,32,408,42829,0.3,0.008,37421,12,0.3
922317,28,456,79898,0.05,0.001,49813,4,0.7
0,22,528,20000,0.15,0.001,15280,7,0.7
173855130,54,144,300000,0.05,0.001,136635,7,0.3
32456478,53,156,77136,0.05,0.001,48090,6,0.3
11614388,54,144,64532,0.15,0.001,35380,7,0.3
185125,26,480,34521,0.3,0.004,26585,22,0.5
82449279,49,204,142162,0.05,0.001,59429,5,0.5
836318,28,456,55443,0.15,0.001,31492,6,0.7
2935742,34,384,121223,0.15,0.004,84194,7,0.5
12770575,45,252,237709,0.05,0.001,111468,5,0.7
3068766,50,192,64926,0.3,0.008,47925,15,0.5
68926,26,480,47280,0.15,0.004,33460,7,0.7
136723,25,492,35343,0.15,0.004,28076,8,0.7
4190558,47,228,46498,0.05,0.001,38726,6,0.3
93508,26,480,42960,0.3,0.008,35446,12,0.5
20577,23,516,32637,0.15,0.004,25525,7,0.7
35009810,43,276,300000,0.05,0.001,198507,4,0.5
4556851,41,300,300000,0.05,0.001,219067,4,0.7
13427665,40,312,146201,0.15,0.001,62956,9,0.5
4420440,44,264,57127,0.3,0.008,41197,19,0.5
23254670,31,420,183445,0.05,0.001,103718,5,0.5
27325,24,504,61323,0.15,0.004,33765,9,0.5
3531935,50,192,82304,0.15,0.001,72705,6,0.7
12810177,47,228,55714,0.3,0.004,33447,9,0.5
7539427,42,288,100411,0.15,0.004,60289,9,0.5
12261,25,492,31329,0.15,0.001,29431,9,0.5
29855455,55,132,193041,0.05,0.001,81253,7,0.3
10898088,51,180,55612,0.15,0.004,32275,7,0.3
533494,41,300,48198,0.3,0.008,43705,8,0.5
9787642,47,228,78927,0.15,0.001,53253,7,0.3
552044,44,264,47654,0.15,0.004,43897,7,0.7
41854153,52,168,128281,0.15,0.004,76798,6,0.5
1321172,45,252,46290,0.15,0.001,41317,9,0.5
2701786,50,192,63794,0.3,0.008,49266,18,0.5
6910939,40,312,85158,0.05,0.001,56295,7,0.5
110227,23,516,83756,0.05,0.001,50692,4,0.3
1196854,46,240,28557,0.15,0.004,22585,8,0.5
54630,26,480,21492,0.15,0.004,19025,9,0.3
29050389,53,156,95383,0.05,0.001,53959,6,0.3
114436645,52,168,154857,0.05,0.001,82177,6,0.5
1050342,44,264,32221,0.3,0.004,27015,8,0.5
14472,23,516,57894,0.15,0.004,34669,6,0.5
15403152,40,312,300000,0.3,0.008,161974,10,0.5
63491,31,420,20000,0.3,0.008,18070,13,0.3
1335308,31,420,60790,0.3,0.004,36278,20,0.7
424395,30,432,28142,0.3,0.008,20161,23,0.3
8671038,38,336,216179,0.05,0.001,136123,4,0.3
5904064,31,420,300000,0.05,0.001,171000,5,0.7
345632,27,468,73757,0.3,0.008,55101,17,0.5
540820,41,300,39350,0.15,0.004,33395,8,0.3
11462884,57,108,76146,0.05,0.001,45861,5,0.3
1795633,39,324,77537,0.15,0.004,63527,6,0.3
208204,39,324,28823,0.3,0.004,29986,18,0.3
6591736,48,216,76352,0.05,0.001,54291,5,0.5
19549663,59,84,56149,0.05,0.001,37643,7,0.3
2445835,35,372,59888,0.15,0.004,46117,7,0.3
30594355,46,240,129366,0.05,0.001,65224,5,0.3
391485,40,312,26540,0.15,0.004,24894,7,0.5
19520479,56,120,83515,0.3,0.004,48522,22,0.5
207223,33,396,27140,0.15,0.004,23696,9,0.5
136689,31,420,24585,0.3,0.004,19459,8,0.3
8338456,29,444,300000,0.05,0.001,140199,6,0.7
3294677,36,360,65693,0.15,0.001,37103,9,0.5
353819,40,312,24485,0.3,0.004,23749,13,0.7
2349324,38,336,109888,0.05,0.001,70046,6,0.5
17000,24,504,31499,0.15,0.001,31118,7,0.3
13835705,47,228,57353,0.15,0.004,36179,8,0.5
1235697,48,216,45189,0.15,0.004,37974,9,0.3
470717,44,264,32024,0.3,0.008,37561,22,0.3
1401497,33,396,85527,0.15,0.004,58334,9,0.7
358542,33,396,28288,0.3,0.004,23615,20,0.7
19513387,59,84,64638,0.15,0.001,35765,9,0.5
766539,43,276,39080,0.3,0.008,27729,18,0.5
8794006,33,396,300000,0.05,0.001,165899,4,0.7
1417372,29,444,92913,0.15,0.004,61085,6,0.7
19615230,55,132,176521,0.05,0.001,79867,4,0.3
49758,36,360,23002,0.3,0.004,21421,23,0.3
903892,24,504,300000,0.15,0.004,140966,9,0.5
31762271,58,96,143176,0.15,0.004,79464,7,0.3
1580442,58,96,37811,0.15,0.001,33645,6,0.3
146266,33,396,25023,0.15,0.001,23875,6,0.7
0,22,528,65656,0.15,0.001,47742,6,0.3
2607006,50,192,47691,0.3,0.008,36328,11,0.7
160075,34,384,23057,0.15,0.001,20317,7,0.5
295405,36,360,43657,0.05,0.001,39986,6,0.3
89227774,56,120,168416,0.05,0.001,104595,6,0.3
528912,27,468,69611,0.15,0.004,46541,9,0.7
143342,29,444,38185,0.05,0.001,36335,5,0.7
1991510,39,324,54793,0.15,0.004,41650,6,0.3
54133,24,504,56745,0.05,0.001,35021,7,0.5
15281265,58,96,67132,0.15,0.001,44706,6,0.3
16411878,46,240,130215,0.15,0.004,76838,8,0.5
2381749,57,108,39516,0.15,0.001,31926,6,0.3
12058261,41,300,101689,0.05,0.001,70222,6,0.5
1300732,33,396,58722,0.15,0.001,36617,9,0.5
26816671,56,120,300000,0.05,0.001,200284,4,0.5
55627,23,516,69183,0.05,0.001,44096,4,0.5
5257179,40,312,68879,0.15,0.004,41956,6,0.5
2171725,36,360,64342,0.15,0.001,44617,8,0.7
599364,28,456,65245,0.15,0.004,44725,6,0.7
84858,29,444,20807,0.3,0.008,21066,18,0.3
469751,43,276,35469,0.3,0.004,36140,17,0.7
4409224,36,360,88815,0.15,0.001,50951,9,0.5
1687176,30,432,83925,0.15,0.001,46835,9,0.5
5258694,40,312,300000,0.3,0.008,189711,14,0.5
15341955,44,264,108552,0.05,0.001,68187,7,0.3
2600510,36,360,171751,0.15,0.001,106645,9,0.5
846111,29,444,72956,0.15,0.004,49512,6,0.7
8491478,32,408,129390,0.05,0.001,70515,7,0.7
3769688,31,420,102726,0.15,0.001,62917,8,0.7
6851443,41,300,119061,0.15,0.004,72211,8,0.5
1404835,49,204,37633,0.15,0.004,28913,9,0.7
6440994,36,360,173145,0.05,0.001,125631,7,0.7
96299241,53,156,255109,0.05,0.001,123433,5,0.3
355470,44,264,47784,0.3,0.008,46237,13,0.3
150210,24,504,60242,0.15,0.004,34146,7,0.5
2119600,49,204,46338,0.15,0.001,39088,6,0.5
6538762,44,264,96650,0.05,0.001,48063,4,0.7
136175,29,444,34062,0.15,0.001,30768,7,0.7
8148922,41,300,143294,0.15,0.004,88648,9,0.3
766567,30,432,38720,0.15,0.004,28986,7,0.7
154638,38,336,24332,0.15,0.004,21911,8,0.5
4905823,33,396,167748,0.05,0.001,111163,6,0.5
1179535,39,324,53554,0.05,0.001,34052,6,0.5
23272029,43,276,83087,0.15,0.004,61128,6,0.7
58315578,42,288,300000,0.15,0.001,134736,8,0.7
146145,31,420,37385,0.3,0.008,31026,12,0.3
160990,43,276,32758,0.3,0.008,35574,17,0.5
1435274,38,336,54660,0.05,0.001,35910,4,0.5
3067887,27,468,148169,0.05,0.001,78428,6,0.7
1784357,27,468,55068,0.15,0.004,29204,7,0.7
8409082,38,336,74399,0.05,0.001,52840,4,0.5
151641,42,288,40808,0.15,0.004,38986,9,0.3
73234647,54,144,271734,0.05,0.001,138262,4,0.5
31178063,47,228,123552,0.15,0.001,66391,9,0.7
441067,35,372,48151,0.05,0.001,47499,6,0.7
1166014,45,252,39484,0.3,0.004,33044,15,0.5
160407,32,408,39278,0.15,0.004,35256,6,0.3
3846452,43,276,92076,0.05,0.001,65132,6,0.7
16510,23,516,29876,0.15,0.001,22632,7,0.5
9063124,54,144,55263,0.15,0.004,30116,8,0.3
4355321,52,168,44777,0.15,0.001,37745,7,0.3
705866,25,492,103225,0.05,0.001,57429,4,0.7
2705791,34,384,85743,0.15,0.004,51617,7,0.7
1350521,30,432,60355,0.05,0.001,40424,4,0.5
828171,33,396,70087,0.05,0.001,55531,5,0.7
126309174,42,288,300000,0.3,0.004,187201,21,0.5
35246107,46,240,160437,0.05,0.001,88101,4,0.5
85524506,55,132,153915,0.15,0.004,67359,6,0.5
11309565,37,348,125142,0.05,0.001,62008,5,0.3
3295758,42,288,71353,0.05,0.001,58789,4,0.5
9874528,52,168,75897,0.3,0.004,45754,8,0.3
952765,48,216,20000,0.15,0.001,15381,9,0.5
1063308,40,312,41788,0.3,0.004,34396,22,0.5
10855960,40,312,121768,0.05,0.001,65864,6,0.7
2572603,46,240,66400,0.15,0.004,52324,7,0.7
29294993,59,84,134064,0.15,0.001,89987,8,0.3
4193,23,516,44982,0.15,0.004,43187,7,0.3
6874743,45,252,67799,0.15,0.004,37115,6,0.3
17368808,50,192,74509,0.05,0.001,38012,6,0.5
53167,23,516,64548,0.15,0.004,41721,9,0.5
1009377,44,264,45805,0.15,0.004,37910,6,0.3
8100547,28,456,162196,0.05,0.001,85718,5,0.7
1800731,50,192,91411,0.05,0.001,84827,4,0.5
455459,29,444,50276,0.15,0.004,35456,8,0.3
17489954,33,396,300000,0.05,0.001,128494,7,0.7
48076,25,492,34257,0.3,0.008,32031,17,0.3
240120,31,420,30832,0.15,0.001,26183,9,0.5
5796204,53,156,52493,0.15,0.004,41477,9,0.3
127236,28,456,50767,0.3,0.004,40672,17,0.5
56756,27,468,31577,0.15,0.004,29574,8,0.7
6600107,50,192,53113,0.05,0.001,35843,6,0.3
6272076,36,360,108186,0.05,0.001,58273,6,0.3
13457010,50,192,155889,0.15,0.004,111139,7,0.5
13072581,47,228,93167,0.3,0.004,62741,8,0.7
157321971,44,264,249860,0.05,0.001,102594,7,0.3
4897144,43,276,79327,0.05,0.001,53382,5,0.5
688686,27,468,61088,0.05,0.001,43099,5,0.7
11193245,45,252,92721,0.05,0.001,54797,7,0.3
21926688,41,300,300000,0.3,0.008,161931,10,0.5
23642215,46,240,236612,0.05,0.001,125759,6,0.5
9492740,42,288,113830,0.05,0.001,68043,6,0.3
742360,27,468,88928,0.05,0.001,61221,4,0.5
4918529,45,252,48963,0.3,0.008,35746,15,0.3
1185337,27,468,113882,0.15,0.004,70835,9,0.7
24778,24,504,33535,0.15,0.004,27244,8,0.7
21906389,43,276,131369,0.15,0.001,53021,9,0.7
28494274,50,192,100653,0.05,0.001,58357,4,0.5
9370367,55,132,91137,0.05,0.001,65439,6,0.3
36488414,41,300,133779,0.15,0.001,69127,9,0.7
2684561,30,432,58315,0.05,0.001,37026,4,0.5
60352,23,516,57087,0.05,0.001,42310,4,0.5
904805,40,312,49408,0.15,0.004,43415,8,0.3
2378513,55,132,76139,0.3,0.004,52781,21,0.3
628206,41,300,34626,0.15,0.004,31945,7,0.7
4944763,44,264,59354,0.15,0.004,42076,7,0.7
32638648,58,96,76673,0.15,0.004,45534,9,0.5
11279878,39,324,237124,0.05,0.001,152441,7,0.3
48155986,54,144,101778,0.05,0.001,59218,4,0.3
9779644,29,444,278447,0.05,0.001,150131,4,0.7
415641,25,492,75680,0.05,0.001,44014,7,0.3
181681185,58,96,231683,0.05,0.001,115591,4,0.3
6421337,43,276,77727,0.15,0.004,55081,8,0.5
978721,31,420,66087,0.15,0.004,43971,9,0.7
9003830,36,360,164278,0.05,0.001,120988,6,0.7
15172143,57,108,67812,0.3,0.004,43664,19,0.3
44912151,51,180,155170,0.15,0.004,97414,7,0.3
389978,29,444,72235,0.15,0.004,44638,9,0.5
50802,24,504,59532,0.05,0.001,38545,4,0.5
23140716,49,204,79402,0.05,0.001,51951,5,0.7
139811036,59,84,188488,0.05,0.001,108439,7,0.5
2582430,43,276,33205,0.15,0.004,25484,8,0.3
2300411,58,96,41856,0.3,0.008,41269,21,0.3
53853,28,456,29270,0.15,0.004,29413,6,0.5
1260579,32,408,55017,0.15,0.001,35191,6,0.5
5617827,38,336,54686,0.3,0.004,38844,18,0.5
5138934,31,420,264640,0.05,0.001,178704,5,0.7
6126325,35,372,105788,0.05,0.001,71614,6,0.5
5489871,58,96,63793,0.3,0.004,44466,22,0.3
423058,29,444,63055,0.15,0.004,38252,9,0.7
4687,23,516,30673,0.3,0.008,27487,9,0.3
1508751,40,312,49785,0.3,0.004,38032,9,0.5
16843713,58,96,95416,0.15,0.001,46588,8,0.3
25405216,59,84,90693,0.05,0.001,55374,7,0.5
23357597,55,132,75044,0.15,0.004,51961,8,0.5
419190,25,492,68259,0.05,0.001,40801,5,0.5
1754019,32,408,63360,0.15,0.004,46967,6,0.7
3860397,53,156,68961,0.15,0.004,46079,6,0.3
11464884,44,264,64041,0.15,0.001,51801,7,0.5
1011604,35,372,64306,0.3,0.008,43620,8,0.7
5047582,57,108,61609,0.15,0.004,32180,6,0.5
729563,40,312,27278,0.3,0.004,22954,13,0.7
26750401,54,144,61237,0.15,0.004,39763,9,0.3
613279,36,360,30196,0.15,0.004,20842,8,0.3
49252833,50,192,300000,0.05,0.001,161958,5,0.7
9672068,40,312,84022,0.15,0.001,43891,9,0.3
0,22,528,29583,0.15,0.001,26185,9,0.5
2490,23,516,20000,0.15,0.001,18633,7,0.5
17813280,49,204,107367,0.05,0.001,71614,5,0.5
15219563,51,180,93212,0.15,0.004,61558,7,0.5
22480844,59,84,82001,0.15,0.004,50966,7,0.5
6025592,49,204,99498,0.05,0.001,71545,4,0.7
3335426,34,384,92596,0.15,0.001,61795,8,0.7
1456580,31,420,93280,0.05,0.001,70056,5,0.5
427967,38,336,49578,0.3,0.008,42198,12,0.3
3398697,42,288,61507,0.05,0.001,40185,4,0.5
6373266,39,324,78676,0.05,0.001,45085,4,0.5
28193,26,480,32471,0.15,0.004,32627,8,0.7
5045463,39,324,67217,0.05,0.001,43088,6,0.5
822290,31,420,47889,0.05,0.001,40042,5,0.5
1183268,35,372,58603,0.05,0.001,35561,5,0.5
2339784,29,444,117867,0.15,0.001,86275,8,0.7
1776136,35,372,58046,0.3,0.004,38310,20,0.5
382875,26,480,52097,0.15,0.004,35157,8,0.3
149050760,58,96,300000,0.3,0.008,144521,13,0.5
37311126,59,84,145355,0.05,0.001,53915,5,0.3
4069038,34,384,76474,0.15,0.004,51708,8,0.5
10599458,56,120,72712,0.3,0.004,47661,18,0.3
5814394,52,168,61290,0.15,0.001,50083,9,0.3
7321420,38,336,146134,0.15,0.004,83216,7,0.3
24125110,34,384,300000,0.05,0.001,146193,7,0.5
38959139,39,324,300000,0.3,0.008,134748,21,0.3
4493637,29,444,300000,0.15,0.001,167765,6,0.7
248077,25,492,31371,0.15,0.001,25339,8,0.5
2812520,51,180,35153,0.3,0.008,28519,22,0.3
9391882,43,276,110489,0.05,0.001,64323,7,0.5
74881,29,444,35503,0.3,0.008,28894,20,0.5
1253264,30,432,114823,0.15,0.004,82091,9,0.5
24809213,55,132,63864,0.05,0.001,41336,7,0.3
602663,31,420,81721,0.15,0.004,63470,8,0.7
688834,53,156,27034,0.3,0.008,23245,8,0.5
11954518,34,384,300000,0.15,0.001,166749,9,0.7
12338719,54,144,82280,0.05,0.001,54126,7,0.3
5014096,34,384,82865,0.15,0.004,65998,7,0.5
5455422,31,420,105277,0.05,0.001,57790,7,0.7
27188457,49,204,100036,0.05,0.001,67086,4,0.3
333013,25,492,80166,0.15,0.001,56748,6,0.3
1471254,26,480,300000,0.15,0.001,173249,8,0.7
10943647,52,168,54868,0.15,0.004,28558,9,0.3
22181,23,516,61476,0.15,0.001,39322,8,0.3
3857793,39,324,86072,0.15,0.001,48880,7,0.5
12728194,44,264,71621,0.05,0.001,41815,7,0.5
596792,45,252,48303,0.15,0.004,43784,6,0.5
7173957,36,360,64593,0.05,0.001,45283,4,0.7
9788425,44,264,113626,0.05,0.001,83624,7,0.7
1474060,29,444,88441,0.05,0.001,45535,7,0.7
6728124,52,168,53738,0.3,0.004,38156,21,0.5
191804,31,420,35257,0.05,0.001,35910,5,0.5
62349808,46,240,174220,0.05,0.001,105590,5,0.5
6656165,45,252,71607,0.15,0.001,42350,7,0.5
4177451,25,492,300000,0.15,0.004,128015,9,0.7
106798822,56,120,192211,0.05,0.001,111644,4,0.3
5801820,49,204,120786,0.05,0.001,88843,4,0.5
40684641,46,240,200022,0.05,0.001,116582,7,0.5
2777440,49,204,47215,0.15,0.001,40130,6,0.3
148473953,57,108,300000,0.15,0.004,134673,8,0.5
4539592,47,228,58164,0.15,0.004,44497,8,0.3
2438565,42,288,52857,0.3,0.004,37643,23,0.7
12873576,34,384,93514,0.05,0.001,44023,5,0.7
189638,32,408,20000,0.15,0.004,14736,6,0.5
42046291,59,84,117479,0.15,0.004,76688,9,0.5
69972338,52,168,207252,0.05,0.001,108219,4,0.3
208835,24,504,130474,0.15,0.001,69566,8,0.7
1573078,29,444,65930,0.05,0.001,35388,5,0.5
10151558,47,228,69164,0.15,0.004,35224,7,0.7
16534,23,516,35305,0.15,0.001,28623,8,0.5
309032,32,408,36363,0.15,0.004,29972,7,0.3
1125546,35,372,62302,0.3,0.004,50916,20,0.3
123106020,59,84,112085,0.15,0.004,78327,9,0.3
2389787,37,348,60628,0.15,0.004,38103,7,0.5
45256113,53,156,138913,0.15,0.004,70979,9,0.5
5540176,37,348,121341,0.3,0.004,78477,15,0.3
33527400,41,300,215408,0.15,0.004,107524,9,0.5
21756186,53,156,82630,0.15,0.004,39628,7,0.3
860,23,516,20095,0.15,0.001,22390,8,0.5
0,22,528,47257,0.15,0.004,42997,8,0.5
29366231,52,168,58030,0.05,0.001,32513,7,0.3
121822951,52,168,300000,0.05,0.001,165829,6,0.3
786150,29,444,63315,0.15,0.004,44498,8,0.7
3987315,55,132,47081,0.15,0.001,39144,6,0.3
2134409,36,360,87464,0.05,0.001,59367,4,0.7
701679,27,468,80609,0.05,0.001,62284,6,0.7
151415,37,348,20000,0.15,0.001,18709,6,0.5
45687711,56,120,152919,0.05,0.001,99854,4,0.3
1960708,35,372,68742,0.15,0.004,39423,7,0.3
1747731,31,420,60472,0.05,0.001,31744,4,0.5
997134,34,384,57686,0.05,0.001,41985,5,0.7
697481,32,408,52351,0.15,0.001,40893,7,0.7
41961097,52,168,81062,0.05,0.001,58353,7,0.3
5687078,40,312,87291,0.3,0.008,53040,15,0.5
1812978,46,240,40314,0.15,0.001,27104,9,0.5
85482152,50,192,178001,0.15,0.004,87193,9,0.5
1778001,40,312,84442,0.15,0.004,72491,9,0.3
4476,23,516,20000,0.15,0.004,17506,7,0.5
15494647,46,240,133880,0.05,0.001,67190,6,0.3
151679118,59,84,300000,0.05,0.001,167192,4,0.5
97007,25,492,31015,0.15,0.001,24381,7,0.3
46861921,47,228,170265,0.05,0.001,79401,5,0.5
1737984,29,444,105633,0.15,0.004,62357,9,0.7
66255,45,252,40122,0.3,0.004,41693,15,0.3
633368,37,348,30612,0.3,0.008,24767,23,0.5
8858544,48,216,65188,0.3,0.004,37027,10,0.3
4061570,25,492,271137,0.05,0.001,108155,6,0.7
46119131,50,192,123629,0.05,0.001,57853,6,0.5
518381,35,372,46444,0.15,0.001,34478,6,0.5
107382395,49,204,300000,0.05,0.001,147803,6,0.5
3156220,51,180,69783,0.15,0.001,51566,6,0.5
348826,31,420,49216,0.15,0.001,32468,9,0.5
8293890,46,240,174875,0.15,0.004,108158,9,0.3
6869682,43,276,60734,0.3,0.004,33581,14,0.5
22644992,58,96,174393,0.15,0.004,108944,7,0.5
30648880,53,156,124292,0.05,0.001,71969,7,0.5
1762445,30,432,148317,0.05,0.001,82143,7,0.7
6330835,39,324,95998,0.05,0.001,80572,5,0.5
6434,23,516,43899,0.15,0.004,42619,9,0.5
16374065,40,312,124671,0.05,0.001,63435,5,0.5
13112862,39,324,245171,0.05,0.001,122311,5,0.5
1036917,35,372,61212,0.15,0.004,38904,9,0.5
0,22,528,72898,0.15,0.001,51262,9,0.7
142122785,55,132,254610,0.05,0.001,149157,6,0.3
2392705,53,156,45350,0.15,0.001,41750,6,0.3
2190798,39,324,52505,0.15,0.004,34180,7,0.5
128784,24,504,77685,0.15,0.001,52032,9,0.5
7919577,46,240,49726,0.3,0.004,39192,18,0.7
9947494,56,120,70692,0.05,0.001,42645,6,0.3
10554588,39,324,99222,0.05,0.001,64491,6,0.5
16214324,46,240,108847,0.15,0.001,85410,7,0.5
28338672,54,144,250831,0.15,0.001,151447,9,0.3
2751901,25,492,168815,0.05,0.001,71140,6,0.5
35954164,48,216,197458,0.05,0.001,89740,4,0.3
8183511,36,360,107886,0.05,0.001,79631,4,0.7
29761772,43,276,254064,0.05,0.001,133472,6,0.7
2483736,43,276,54027,0.15,0.004,37749,9,0.5
32279104,45,252,75616,0.05,0.001,46602,5,0.7
54065,23,516,88499,0.15,0.001,49200,9,0.7
1352639,32,408,83625,0.05,0.001,69460,4,0.5
5380715,53,156,50124,0.3,0.008,34557,14,0.5
1128748,48,216,71787,0.15,0.004,59541,9,0.5
93639,29,444,37945,0.15,0.001,31157,6,0.5
74020,26,480,29144,0.3,0.008,22179,12,0.7
56612671,59,84,181462,0.05,0.001,115339,5,0.3
1431326,27,468,76656,0.15,0.001,52158,7,0.7
3110449,38,336,81310,0.15,0.004,57778,8,0.3
1986309,45,252,63500,0.15,0.001,41182,9,0.7
4722341,38,336,127839,0.15,0.001,94202,9,0.7
4557082,37,348,171890,0.05,0.001,109595,7,0.5
136016,37,348,36164,0.15,0.001,32701,7,0.5
190872,32,408,47616,0.15,0.004,43746,6,0.3
1020132,27,468,60743,0.05,0.001,37770,4,0.7
76708444,57,108,157708,0.05,0.001,101861,5,0.3
9148,23,516,32677,0.3,0.008,28044,20,0.7
28385926,56,120,75777,0.15,0.004,53224,8,0.3
0,22,528,38021,0.15,0.004,25975,8,0.5
968292,26,480,106645,0.05,0.001,89016,7,0.5
11239634,53,156,61422,0.15,0.001,38807,7,0.3
91066,30,432,33938,0.3,0.004,36393,19,0.5
4644841,48,216,74459,0.05,0.001,48855,6,0.5
68583557,59,84,92828,0.05,0.001,55761,5,0.5
341209,29,444,52028,0.15,0.001,26693,6,0.5
2036866,30,432,86787,0.15,0.004,55820,9,0.7
90643974,55,132,280140,0.05,0.001,135768,7,0.3
1345564,51,180,45273,0.15,0.001,50809,6,0.3
35969446,51,180,183883,0.05,0.001,111090,6,0.3
21196319,38,336,240087,0.05,0.001,116244,5,0.5
937032,38,336,58903,0.15,0.004,47394,7,0.7
8758480,52,168,70800,0.15,0.001,43393,6,0.3
25702499,40,312,184197,0.05,0.001,122812,5,0.5
701333,34,384,47471,0.15,0.001,36473,6,0.7
243963,29,444,78489,0.15,0.001,62185,9,0.5
22778330,54,144,109552,0.05,0.001,61752,4,0.3
1403789,36,360,54393,0.15,0.001,33087,8,0.5
33074140,52,168,86930,0.15,0.004,49981,9,0.5
256825,28,456,32609,0.3,0.004,23832,11,0.7
869149,27,468,102890,0.15,0.004,70664,9,0.5
441209,25,492,94055,0.05,0.001,56772,4,0.3
7899211,40,312,138586,0.15,0.004,80422,6,0.3
1424978,41,300,58455,0.3,0.008,37107,16,0.5
127543920,50,192,180997,0.05,0.001,77864,4,0.3
231407,28,456,41941,0.05,0.001,30530,4,0.5
3783866,32,408,93901,0.05,0.001,52844,6,0.7
6043206,31,420,271421,0.05,0.001,163020,6,0.7
82002782,56,120,169175,0.05,0.001,107432,6,0.3
106645027,51,180,175992,0.05,0.001,74004,5,0.5
4670855,35,372,59341,0.15,0.001,38240,6,0.3
15492918,40,312,115199,0.05,0.001,64857,7,0.5
2824291,42,288,75904,0.15,0.004,53614,7,0.3
864463,28,456,58885,0.15,0.001,46164,7,0.7
0,22,528,103725,0.05,0.001,69628,7,0.3
47742,26,480,34338,0.15,0.004,32916,9,0.5
20758826,40,312,173855,0.05,0.001,86134,4,0.5
208021,27,468,40338,0.15,0.001,30698,8,0.5
2335364,59,84,41312,0.3,0.004,35274,14,0.5
17443861,41,300,300000,0.05,0.001,191764,4,0.3
12400804,45,252,63876,0.15,0.001,37886,9,0.3
12553265,39,324,106098,0.15,0.001,64240,6,0.3
17201020,55,132,134512,0.15,0.004,60107,8,0.5
3466743,32,408,108215,0.15,0.001,85479,8,0.7
550973,34,384,25247,0.15,0.004,18413,6,0.7
715478,33,396,41958,0.3,0.008,30477,13,0.7
95549776,49,204,286053,0.05,0.001,146067,7,0.7
75996668,41,300,148027,0.05,0.001,61581,4,0.3
9539008,50,192,66751,0.15,0.004,48341,9,0.5
12445619,57,108,67099,0.3,0.004,39178,23,0.5
21984467,54,144,92634,0.05,0.001,78977,7,0.3
3712686,56,120,35176,0.15,0.001,29053,6,0.3
1272005,31,420,67520,0.05,0.001,43277,6,0.5
1076419,29,444,59192,0.05,0.001,38732,5,0.7
937506,36,360,93209,0.15,0.004,79774,6,0.5
21280571,56,120,80788,0.15,0.004,49119,8,0.3
975443,33,396,97332,0.05,0.001,84998,6,0.7
114218,24,504,135403,0.05,0.001,87574,4,0.7
7734102,52,168,74206,0.05,0.001,46566,5,0.3
2476222,31,420,87968,0.05,0.001,57467,7,0.7
494374,24,504,81328,0.05,0.001,42732,5,0.5
13684430,46,240,87400,0.15,0.004,57149,8,0.5
23058944,48,216,114848,0.05,0.001,61815,5,0.3
853323,32,408,50171,0.15,0.004,38172,8,0.5
2905229,37,348,115951,0.05,0.001,82165,5,0.5
27099318,38,336,220512,0.05,0.001,128884,6,0.5
1347594,29,444,95990,0.15,0.004,56237,9,0.7
848335,34,384,33193,0.15,0.001,26695,7,0.7
49223255,55,132,170283,0.05,0.001,81496,4,0.5
151666,24,504,74426,0.05,0.001,47760,7,0.3
14985508,45,252,75293,0.3,0.004,51302,20,0.5
375907,31,420,49725,0.15,0.001,39887,9,0.5
1191274,27,468,72863,0.15,0.004,39933,8,0.7
15240209,51,180,117816,0.05,0.001,86006,6,0.5
12283075,59,84,52705,0.15,0.001,25178,8,0.3
118855994,59,84,162151,0.15,0.001,71874,7,0.3
94487795,58,96,129438,0.05,0.001,51170,4,0.5
49028648,55,132,156841,0.15,0.004,62150,7,0.5
5580560,48,216,63754,0.15,0.001,38121,9,0.7
6874044,52,168,50464,0.3,0.004,29217,17,0.3
35333883,58,96,88387,0.15,0.001,53291,9,0.3
0,22,528,41865,0.05,0.001,39585,7,0.5
0,22,528,58655,0.15,0.004,41586,8,0.3
13605605,49,204,74853,0.15,0.004,53583,6,0.3
2054800,40,312,66752,0.05,0.001,49468,4,0.3
3997083,33,396,96895,0.05,0.001,63774,6,0.5
0,22,528,20000,0.15,0.001,16568,6,0.5
8877,23,516,26220,0.15,0.001,22491,9,0.5
12175590,33,396,108889,0.15,0.001,56637,8,0.7
36653799,57,108,130858,0.05,0.001,84326,4,0.5
15268991,41,300,84742,0.15,0.001,48745,6,0.3
10302089,54,144,108002,0.05,0.001,76377,5,0.3
554971,33,396,24369,0.3,0.008,20314,20,0.7
11569680,35,372,97686,0.05,0.001,50209,6,0.3
515301,44,264,27464,0.15,0.001,28286,6,0.3
1364715,35,372,64717,0.05,0.001,45444,7,0.5
2544415,35,372,68116,0.15,0.004,44057,8,0.5
7983271,46,240,87315,0.15,0.004,59808,6,0.7
10737883,51,180,81790,0.05,0.001,47940,6,0.5
1733001,58,96,45316,0.05,0.001,47601,4,0.5
29156,28,456,30934,0.3,0.004,28763,9,0.5
199640,24,504,76111,0.15,0.004,40830,7,0.7
1739176,55,132,47043,0.3,0.008,37772,10,0.5
123062,27,468,27399,0.15,0.001,23079,7,0.7
564896,30,432,59207,0.15,0.001,39995,7,0.7
4042590,33,396,122557,0.05,0.001,58850,6,0.7
1075289,51,180,28560,0.15,0.004,20875,8,0.3
16432700,51,180,97565,0.15,0.004,58487,6,0.5
5103446,39,324,98017,0.15,0.004,63644,6,0.5
5159400,51,180,72051,0.3,0.008,45755,11,0.3
358753,31,420,20194,0.15,0.004,16767,9,0.3
54026,23,516,74979,0.05,0.001,51190,4,0.7
462484,33,396,41114,0.15,0.001,34971,7,0.5
1865899,44,264,48246,0.3,0.004,35388,10,0.3
3872202,50,192,50081,0.3,0.008,32446,23,0.3
7761925,37,348,105147,0.05,0.001,66191,7,0.5
33463062,59,84,124579,0.15,0.004,69195,7,0.3
244355,34,384,23529,0.3,0.004,20863,19,0.5
3086418,51,180,36600,0.05,0.001,26628,7,0.3
46866990,44,264,192751,0.05,0.001,93061,5,0.3
357873,31,420,41544,0.15,0.004,32579,8,0.7
1668160,27,468,114868,0.05,0.001,77091,6,0.7
154000,28,456,20189,0.15,0.004,15168,7,0.5
19175230,57,108,181012,0.15,0.004,68608,9,0.3
115149157,53,156,187034,0.05,0.001,113949,6,0.3
133043888,59,84,299014,0.05,0.001,213707,7,0.3
901572,29,444,61766,0.15,0.004,33973,9,0.5
6315511,43,276,48857,0.05,0.001,39394,7,0.5
2069200,48,216,25134,0.3,0.008,17706,16,0.3
2186761,26,480,95872,0.05,0.001,55588,6,0.5
3681630,58,96,39991,0.15,0.001,33036,8,0.3
40905806,56,120,189265,0.05,0.001,110442,5,0.5
3151105,43,276,59010,0.15,0.004,43608,7,0.5
3509919,33,396,101101,0.05,0.001,58302,7,0.7
175984,34,384,26852,0.15,0.004,24525,6,0.5
5962200,39,324,59673,0.15,0.004,36568,9,0.7
5337,23,516,20000,0.3,0.008,14385,8,0.5
144291,26,480,45062,0.15,0.001,37214,6,0.3
7339097,59,84,49644,0.15,0.004,43237,6,0.5
23936628,48,216,101257,0.05,0.001,62765,4,0.3
7507490,49,204,67396,0.3,0.008,52716,12,0.5
9357780,52,168,68664,0.15,0.001,42818,8,0.5
45773806,48,216,137942,0.15,0.001,62863,8,0.5
82425626,53,156,91363,0.15,0.004,58174,7,0.3
49493,25,492,28859,0.15,0.004,20045,9,0.7
66736209,45,252,153278,0.15,0.004,63424,8,0.7
2030490,46,240,64063,0.05,0.001,57025,5,0.5
30535923,48,216,300000,0.3,0.008,186641,21,0.3
3733443,41,300,82313,0.05,0.001,63404,7,0.3
19763045,51,180,122221,0.15,0.001,61243,7,0.3
320276,42,288,38174,0.15,0.004,31409,7,0.5
11982015,38,336,129683,0.15,0.004,61939,9,0.3
54272,31,420,45706,0.3,0.008,49263,9,0.7
26650858,40,312,135123,0.05,0.001,78919,6,0.5
49734895,55,132,120105,0.15,0.001,46970,8,0.3
31054,23,516,57853,0.05,0.001,40427,7,0.5
80816546,41,300,300000,0.05,0.001,178240,6,0.5
11074,23,516,38267,0.15,0.004,31335,9,0.3
426407,36,360,30649,0.3,0.004,27815,17,0.3
406796,34,384,46222,0.15,0.004,46669,9,0.5
197779,27,468,65200,0.05,0.001,44319,6,0.3
1125680,43,276,50498,0.15,0.001,37965,9,0.3
92966275,42,288,175045,0.05,0.001,72762,5,0.3
1303693,28,456,199438,0.05,0.001,143788,6,0.7
2412812,46,240,65308,0.15,0.004,50405,6,0.5
3000363,47,228,37070,0.05,0.001,28156,7,0.5
5815120,58,96,38314,0.15,0.001,33741,7,0.3
5670411,53,156,62244,0.3,0.008,43828,19,0.3
150232,39,324,30864,0.15,0.001,30499,7,0.7
853310,41,300,38363,0.3,0.004,32004,19,0.3
2625099,39,324,67760,0.05,0.001,48851,5,0.5
10870498,50,192,157189,0.15,0.004,80783,9,0.5
1845925,42,288,78843,0.3,0.008,49027,23,0.5
24131303,58,96,122100,0.05,0.001,73803,6,0.5
1412970,30,432,92929,0.05,0.001,79202,5,0.5
4251854,49,204,109441,0.05,0.001,81875,7,0.3
10293072,42,288,98655,0.15,0.001,56860,6,0.3
640569,41,300,22796,0.15,0.001,19747,9,0.3
3197864,36,360,104957,0.05,0.001,91680,5,0.5
4126898,53,156,67537,0.3,0.004,44710,23,0.3
229940,28,456,41476,0.15,0.001,34232,7,0.7
1340019,40,312,52147,0.3,0.008,34592,17,0.3
1205891,29,444,54817,0.05,0.001,39459,5,0.5
0,22,528,75947,0.15,0.004,50891,8,0.5
955802,39,324,59141,0.15,0.001,40377,7,0.5
10001080,35,372,300000,0.15,0.004,120766,8,0.5
3477750,40,312,46974,0.15,0.004,38506,8,0.3
371476,28,456,52845,0.3,0.008,35806,21,0.5
9815383,48,216,52417,0.15,0.001,31389,9,0.5
7201889,35,372,122617,0.15,0.004,50376,9,0.7
7561781,57,108,83137,0.05,0.001,70306,4,0.3
15515387,35,372,203745,0.05,0.001,127285,7,0.5
20009821,37,348,177300,0.05,0.001,84658,6,0.5
130689,23,516,80601,0.05,0.001,41944,7,0.3
49797,31,420,20000,0.15,0.001,22088,9,0.7
19168445,47,228,170256,0.15,0.004,72233,9,0.5
8368168,38,336,104255,0.15,0.004,61633,7,0.3
677608,35,372,30802,0.15,0.001,23455,7,0.5
20186333,58,96,80944,0.05,0.001,43955,4,0.3
1122917,45,252,38501,0.05,0.001,31460,7,0.5
47188466,42,288,179659,0.05,0.001,66482,6,0.5
578939,33,396,49955,0.15,0.004,43865,7,0.7
1415809,27,468,94225,0.05,0.001,62423,7,0.7
1097362,30,432,61768,0.15,0.001,47969,6,0.5
199950,33,396,43504,0.15,0.004,39533,8,0.5
8320768,36,360,177581,0.05,0.001,117411,6,0.3
12160352,37,348,204914,0.05,0.001,107266,4,0.5
31640695,44,264,285113,0.05,0.001,150149,4,0.5
2914319,51,180,55052,0.15,0.004,42345,6,0.3
2440740,52,168,51863,0.15,0.001,33246,9,0.3
89462619,45,252,184459,0.05,0.001,89060,7,0.5
7603122,54,144,74842,0.05,0.001,57962,5,0.5
326968,39,324,40086,0.3,0.008,36725,16,0.5
323694,29,444,44898,0.15,0.001,40729,6,0.5
12973368,37,348,168291,0.05,0.001,79631,5,0.5
17447,25,492,32870,0.15,0.001,30895,9,0.3
3288920,38,336,92980,0.15,0.004,58763,8,0.3
271928,33,396,40846,0.3,0.004,35867,15,0.5
240139,39,324,32706,0.15,0.004,29873,9,0.5
5115067,48,216,70337,0.15,0.001,40915,9,0.3
43773377,49,204,277434,0.05,0.001,141551,7,0.5
7029973,56,120,63718,0.15,0.001,42207,7,0.5
309588,32,408,49660,0.3,0.004,42836,23,0.5
16931942,44,264,131130,0.05,0.001,70560,6,0.5
6675999,33,396,138999,0.05,0.001,71877,4,0.7
11578393,39,324,125096,0.15,0.004,65767,7,0.5
1791684,26,480,111811,0.05,0.001,58729,6,0.7
44613192,58,96,93342,0.05,0.001,62025,5,0.5
15209215,36,360,83867,0.05,0.001,51332,4,0.5
7563872,44,264,69783,0.05,0.001,38383,4,0.7
39492164,56,120,72464,0.15,0.004,44363,6,0.3
35039628,42,288,132681,0.15,0.001,60877,9,0.3
9610274,51,180,133095,0.15,0.004,63826,8,0.3
312823,28,456,23787,0.15,0.004,16819,8,0.5
845760,49,204,43277,0.05,0.001,43051,6,0.7
14950,24,504,20000,0.15,0.004,15129,9,0.3
1221091,27,468,75772,0.15,0.004,41771,6,0.7
195510,39,324,36434,0.15,0.004,38335,9,0.5
4362002,40,312,88517,0.15,0.001,47527,8,0.3
947590,32,408,127893,0.15,0.004,101965,8,0.7
89747826,56,120,217897,0.05,0.001,123374,6,0.5
414461,23,516,153293,0.05,0.001,76454,5,0.5
19494030,51,180,75395,0.05,0.001,49824,6,0.5
94473,30,432,34875,0.3,0.004,31792,20,0.7
2795915,33,396,164728,0.05,0.001,86265,5,0.7
11276588,46,240,161096,0.05,0.001,74546,4,0.7
18210006,34,384,300000,0.05,0.001,159551,6,0.7
25313,24,504,29954,0.3,0.008,24760,11,0.3
10950810,38,336,132965,0.05,0.001,52687,7,0.3
8120942,42,288,52069,0.05,0.001,27466,7,0.5
2467297,35,372,75401,0.3,0.004,56866,20,0.3
7816756,31,420,182711,0.05,0.001,88781,6,0.7
489707,36,360,38412,0.3,0.008,24919,11,0.3
17697974,50,192,68665,0.15,0.004,50408,6,0.3
53223,24,504,41891,0.15,0.001,33984,9,0.7
40618634,56,120,130247,0.05,0.001,80630,5,0.3
566530,33,396,48521,0.05,0.001,41665,7,0.7
6063383,50,192,50404,0.3,0.004,30125,11,0.5
967380,30,432,82171,0.15,0.001,53862,6,0.7
2147911,45,252,43290,0.3,0.008,31661,20,0.3
0,22,528,300000,0.15,0.004,156637,6,0.3
2056197,59,84,75903,0.15,0.001,58489,7,0.3
799669,44,264,45974,0.15,0.004,39931,7,0.7
16209589,51,180,101497,0.15,0.004,61679,7,0.3
49583169,56,120,87521,0.05,0.001,47581,5,0.3
18371879,55,132,69603,0.15,0.004,45382,7,0.5
22734819,57,108,92337,0.05,0.001,55600,7,0.3
4676329,43,276,76344,0.05,0.001,60459,5,0.3
27125,25,492,28238,0.3,0.008,22015,14,0.7
6849,23,516,30527,0.15,0.001,24341,6,0.3
11363947,42,288,81910,0.15,0.004,47332,7,0.3
1456774,56,120,44219,0.15,0.004,40672,7,0.5
1071780,34,384,110309,0.05,0.001,101682,5,0.5
94605367,56,120,300000,0.05,0.001,152690,5,0.3
389337,34,384,42758,0.3,0.008,37623,19,0.7
2899488,32,408,89311,0.05,0.001,49109,5,0.7
373622,34,384,48857,0.15,0.004,42465,6,0.7
1002355,38,336,34075,0.15,0.004,25210,7,0.5
0,22,528,21344,0.15,0.004,18264,7,0.5
790914,30,432,70667,0.05,0.001,51253,5,0.5
111629,29,444,33032,0.15,0.004,27358,6,0.3
462240,25,492,117863,0.05,0.001,74356,7,0.5
205500,28,456,31150,0.15,0.004,27314,8,0.5
5476773,40,312,109170,0.15,0.001,78435,9,0.5
101489283,56,120,300000,0.15,0.004,152413,7,0.3
10553025,38,336,212816,0.05,0.001,128186,4,0.5
7692123,55,132,100662,0.05,0.001,88667,5,0.5
108336,30,432,48921,0.15,0.004,46620,8,0.5
14701,24,504,42688,0.15,0.001,46711,9,0.3
4884639,48,216,77998,0.05,0.001,53847,7,0.7
7823091,51,180,57205,0.15,0.004,37394,7,0.3
105917,25,492,40087,0.05,0.001,28709,7,0.5
2961970,33,396,112976,0.05,0.001,70253,7,0.7
3521259,44,264,79862,0.15,0.004,54596,8,0.7
3356442,34,384,58757,0.15,0.004,32648,7,0.7
1373200,33,396,68387,0.05,0.001,35739,5,0.5
14613264,51,180,176071,0.05,0.001,76335,4,0.3
333536,37,348,42335,0.3,0.008,32711,16,0.5
3155311,35,372,82984,0.05,0.001,63947,5,0.3
569737,42,288,44462,0.3,0.008,40239,20,0.5
3732212,48,216,59601,0.15,0.001,28544,7,0.5
4052819,36,360,52330,0.15,0.001,30638,8,0.5
103588756,53,156,192295,0.05,0.001,73245,5,0.3
3400491,27,468,152886,0.05,0.001,62285,6,0.7
45189807,54,144,147982,0.05,0.001,92511,6,0.3
4568803,35,372,67277,0.05,0.001,29723,6,0.5
3097,23,516,33985,0.15,0.004,37349,7,0.7
17854373,55,132,67815,0.3,0.004,37762,20,0.3
100138,32,408,49307,0.3,0.004,43899,8,0.5
109679,30,432,38721,0.15,0.004,37411,8,0.3
33471301,50,192,112781,0.05,0.001,53677,7,0.5
100380885,51,180,300000,0.15,0.004,180037,6,0.3
4682501,35,372,107447,0.05,0.001,83317,5,0.3
13022146,42,288,195230,0.05,0.001,93544,5,0.5
18654704,55,132,82173,0.15,0.001,51289,7,0.3
19237495,57,108,155149,0.05,0.001,115234,4,0.3
131745620,50,192,300000,0.05,0.001,182527,7,0.7
13749920,43,276,130820,0.15,0.004,71507,9,0.3
1043247,24,504,300000,0.15,0.004,145325,8,0.7
2034380,36,360,79615,0.15,0.004,62028,9,0.5
6262434,59,84,50847,0.3,0.008,44441,23,0.3
6402090,33,396,136128,0.05,0.001,70205,7,0.7
7552331,47,228,116477,0.05,0.001,83319,4,0.5
148683,23,516,90081,0.05,0.001,51673,5,0.7
101818246,46,240,172072,0.05,0.001,82131,4,0.5
1531576,51,180,31044,0.3,0.008,26014,14,0.3
112228,23,516,139331,0.05,0.001,97706,5,0.5
392820,33,396,46718,0.3,0.004,37327,12,0.7
1467370,27,468,90038,0.05,0.001,54804,5,0.5
9302521,44,264,78025,0.15,0.001,49184,7,0.5
10400535,45,252,55900,0.15,0.004,35060,9,0.3
11883377,51,180,173038,0.15,0.004,103064,8,0.3
981222,27,468,49678,0.15,0.004,33094,8,0.7
63448,30,432,47908,0.05,0.001,48528,6,0.5
3661399,49,204,75411,0.3,0.008,54274,15,0.5
3624970,36,360,51714,0.05,0.001,27790,4,0.5
71544,30,432,33598,0.15,0.004,33147,9,0.5
10524409,42,288,82609,0.15,0.004,59568,8,0.5
554085,25,492,59371,0.05,0.001,33282,7,0.7
1186882,32,408,79106,0.15,0.004,56293,6,0.7
27703086,51,180,168716,0.05,0.001,102386,6,0.3
0,22,528,36234,0.3,0.008,30711,19,0.5
8001008,47,228,66718,0.15,0.001,49616,6,0.3
647583,32,408,74287,0.15,0.001,48697,6,0.7
3076097,34,384,64843,0.05,0.001,40623,5,0.7
19415938,58,96,75880,0.15,0.004,42291,9,0.3
297191,24,504,79447,0.05,0.001,45052,5,0.5
82717,24,504,72816,0.15,0.001,48379,9,0.3
8021355,49,204,92804,0.15,0.004,64397,7,0.5
89727831,53,156,129832,0.15,0.004,77161,9,0.3
126171,32,408,40147,0.15,0.001,42544,9,0.5
909403,28,456,63594,0.15,0.001,40863,6,0.7
13660605,38,336,88717,0.05,0.001,47685,4,0.3
107991704,58,96,377708,0.05,0.001,264848,5,0.3
328372,27,468,52454,0.15,0.001,37902,7,0.5
96141,23,516,58400,0.15,0.004,38521,7,0.5
6203094,53,156,106953,0.15,0.001,55625,8,0.3
898672,39,324,35795,0.15,0.004,27550,9,0.5
69016,26,480,40704,0.3,0.008,34685,16,0.5
6283278,50,192,67219,0.15,0.004,32872,9,0.5
10156,23,516,29860,0.15,0.001,27375,6,0.5
10881,23,516,45564,0.15,0.004,40937,6,0.5
0,22,528,25840,0.3,0.008,22952,20,0.7
111424,39,324,49304,0.3,0.008,49297,20,0.5
114477405,58,96,125772,0.15,0.004,63561,9,0.3
2130589,34,384,56949,0.05,0.001,32967,4,0.7
23407593,37,348,150555,0.05,0.001,57890,7,0.3
9391969,54,144,88671,0.3,0.004,53165,23,0.5
625939,27,468,50767,0.05,0.001,27430,5,0.7
2742136,27,468,138607,0.05,0.001,78799,4,0.5
8695888,54,144,85538,0.15,0.001,67408,9,0.3
0,22,528,141166,0.05,0.001,60063,4,0.3
1074854,31,420,76075,0.05,0.001,64445,6,0.7
28775150,45,252,198104,0.05,0.001,131371,4,0.3
46584027,55,132,126305,0.05,0.001,64349,6,0.3
112009821,55,132,198016,0.05,0.001,103036,6,0.5
24984479,53,156,116533,0.15,0.004,82526,7,0.3
3797047,28,456,103875,0.05,0.001,60834,6,0.7
6477258,51,180,63297,0.05,0.001,45701,6,0.3
22951,27,468,20000,0.15,0.004,19177,6,0.3
593767,29,444,63406,0.05,0.001,50348,5,0.5
720920,26,480,114482,0.05,0.001,68749,6,0.7
692693,40,312,27886,0.15,0.001,20322,8,0.5
515795,31,420,38353,0.15,0.001,32711,7,0.7
1180959,32,408,50042,0.15,0.004,34930,9,0.7
1674578,48,216,37184,0.15,0.004,28404,6,0.7
12364190,53,156,68634,0.05,0.001,47578,6,0.3
217210,29,444,23823,0.15,0.001,14690,6,0.5
0,22,528,66220,0.15,0.001,40523,9,0.3
10179122,42,288,122184,0.15,0.001,73199,6,0.7
13916492,51,180,104570,0.05,0.001,76302,4,0.3
635148,47,228,29847,0.15,0.004,29902,8,0.3
121290696,59,84,247084,0.15,0.001,115871,7,0.5
7629141,40,312,63554,0.05,0.001,40687,4,0.7
14683763,54,144,76929,0.15,0.004,42853,8,0.5
8316665,49,204,148529,0.15,0.001,94007,7,0.5
7323702,39,324,135493,0.15,0.001,58908,7,0.5
35005607,54,144,234227,0.05,0.001,143051,6,0.3
3121510,49,204,49489,0.3,0.004,37703,23,0.5
6759704,35,372,174162,0.05,0.001,67869,4,0.3
675684,43,276,25125,0.3,0.008,20892,18,0.5
47131122,41,300,300000,0.05,0.001,133021,4,0.7
105652762,54,144,159372,0.15,0.001,76025,9,0.5
26558268,49,204,300000,0.05,0.001,211249,6,0.7
26023365,59,84,86261,0.05,0.001,63877,7,0.5
1092002,51,180,30463,0.15,0.004,23161,8,0.5
31822825,52,168,165393,0.05,0.001,68284,7,0.3
44689774,49,204,250994,0.05,0.001,101158,5,0.5
61811460,59,84,99152,0.3,0.004,51384,8,0.3
0,22,528,61080,0.15,0.004,34189,6,0.7
18636,23,516,28904,0.05,0.001,19165,7,0.3
8896514,50,192,71385,0.3,0.004,43258,15,0.3
14297917,56,120,101121,0.15,0.004,65538,6,0.3
520455,27,468,73062,0.15,0.004,44543,8,0.7
1012432,28,456,76543,0.15,0.004,46615,6,0.5
3286620,37,348,85281,0.3,0.008,59297,11,0.5
6870,23,516,20000,0.15,0.004,16120,7,0.5
11769744,43,276,300000,0.3,0.004,158564,9,0.7
716019,38,336,37098,0.3,0.004,26628,20,0.3
42195848,52,168,300000,0.15,0.004,111047,8,0.5
2506366,35,372,69781,0.05,0.001,47421,6,0.3
362384,35,372,34151,0.3,0.004,28088,22,0.5
1026485,36,360,77891,0.15,0.004,52605,8,0.3
1180643,39,324,61306,0.15,0.004,40485,9,0.5
1322983,37,348,74537,0.15,0.001,48078,6,0.5
7120844,50,192,109201,0.05,0.001,71755,4,0.5
2036033,46,240,53565,0.15,0.001,31669,8,0.3
191799,37,348,23780,0.15,0.004,23719,8,0.5
154341,29,444,29918,0.15,0.001,20046,7,0.7
864638,27,468,84640,0.05,0.001,57046,7,0.7
26189821,42,288,163838,0.05,0.001,89332,4,0.7
588278,46,240,37819,0.3,0.008,38398,13,0.5
2379383,53,156,39998,0.15,0.004,34038,7,0.3
1486152,29,444,69759,0.15,0.001,46443,6,0.5
1787,23,516,23230,0.3,0.004,22161,16,0.3
33852583,49,204,212317,0.05,0.001,114394,7,0.3
2235932,32,408,113772,0.05,0.001,75960,4,0.5
2351558,32,408,63322,0.15,0.004,38036,9,0.7
14768974,45,252,112234,0.15,0.004,72587,8,0.5
7360223,50,192,53826,0.15,0.004,29499,7,0.5
9831692,55,132,72774,0.15,0.004,47409,9,0.5
420048,44,264,32898,0.15,0.004,29943,6,0.3
1461806,32,408,106498,0.15,0.004,88773,7,0.7
263551,44,264,45864,0.15,0.004,49456,7,0.3
1114587,40,312,33336,0.15,0.001,20457,9,0.3
241434,34,384,39717,0.3,0.004,32208,17,0.3
0,22,528,49665,0.15,0.001,46903,9,0.3
4894710,45,252,78420,0.15,0.004,52485,8,0.5
173070,24,504,66701,0.05,0.001,47557,5,0.7
118553007,56,120,300000,0.05,0.001,121175,5,0.3
462358,40,312,45343,0.15,0.004,37671,7,0.3
4526760,46,240,47241,0.15,0.004,28804,8,0.7
137473,42,288,27739,0.3,0.004,31657,19,0.5
42092,29,444,24987,0.05,0.001,23424,4,0.5
1885151,26,480,300000,0.15,0.004,182028,7,0.7
313062,25,492,85282,0.15,0.001,71596,7,0.5
1040682,38,336,53392,0.15,0.001,40553,8,0.7
5355174,33,396,154305,0.05,0.001,79837,7,0.7
145715,37,348,43699,0.15,0.004,46236,9,0.3
448671,27,468,30321,0.3,0.004,23112,10,0.3
3299076,33,396,125113,0.05,0.001,58580,5,0.5
9594344,46,240,118679,0.15,0.004,68294,6,0.5
4949311,42,288,57173,0.15,0.004,27399,9,0.5
153459,36,360,31652,0.15,0.001,28688,7,0.5
20837265,47,228,143995,0.15,0.001,66387,6,0.7
9276856,36,360,117259,0.15,0.001,72935,7,0.5
901550,30,432,82607,0.05,0.001,61858,7,0.7
36454667,58,96,79743,0.3,0.008,46043,11,0.3
2794611,53,156,54853,0.3,0.004,42495,12,0.3
133682,24,504,60152,0.05,0.001,45618,5,0.5
6911482,35,372,159397,0.05,0.001,86513,5,0.5
239358,40,312,29800,0.15,0.004,26871,9,0.5
78782050,54,144,171174,0.05,0.001,82612,7,0.3
109450406,57,108,300000,0.15,0.004,182544,7,0.3
10129802,56,120,142273,0.15,0.004,58073,7,0.5
324054,30,432,35612,0.15,0.004,30393,6,0.5
7188518,53,156,51059,0.3,0.008,33094,9,0.3
31689108,56,120,108613,0.15,0.004,71241,9,0.5
2178204,31,420,91818,0.15,0.004,63748,6,0.7
55424,25,492,38526,0.3,0.008,34664,22,0.5
52558,29,444,41256,0.15,0.001,44023,9,0.3
318745,27,468,46816,0.3,0.008,30681,16,0.3
1484100,27,468,102587,0.05,0.001,60479,5,0.5
20417743,52,168,119161,0.05,0.001,77787,4,0.3
47384975,50,192,114501,0.05,0.001,64514,6,0.5
1870727,39,324,43064,0.3,0.004,33158,12,0.5
7930191,59,84,78278,0.15,0.001,56674,7,0.3
18883174,55,132,53535,0.3,0.004,36111,15,0.3
196798,30,432,50280,0.3,0.004,36386,21,0.7
2344317,49,204,56036,0.15,0.004,42305,8,0.5
5642672,29,444,170678,0.05,0.001,119585,5,0.7
27417193,56,120,153997,0.05,0.001,64516,5,0.5
11011099,46,240,78029,0.15,0.001,52000,7,0.3
2300143,32,408,73469,0.05,0.001,42988,6,0.5
765092,31,420,54919,0.05,0.001,26304,6,0.7
38402469,43,276,300000,0.3,0.004,110037,16,0.3
0,22,528,86239,0.05,0.001,60811,6,0.5
5503649,38,336,70620,0.05,0.001,41005,5,0.3
31218805,50,192,63487,0.15,0.004,35645,7,0.3
12900128,49,204,78196,0.3,0.008,42971,20,0.7
1089789,34,384,69396,0.05,0.001,52450,6,0.5
294468,25,492,48054,0.3,0.008,31282,11,0.5
4458224,35,372,300000,0.15,0.004,186355,7,0.5
873788,25,492,63470,0.15,0.004,35907,7,0.7
11288942,42,288,202421,0.05,0.001,142982,5,0.7
32008183,48,216,90075,0.05,0.001,40927,5,0.3
655161,42,288,33306,0.3,0.008,32124,9,0.5
4212792,41,300,74224,0.15,0.004,54344,6,0.5
21142755,32,408,300000,0.05,0.001,127498,4,0.7
94681601,55,132,170776,0.05,0.001,71460,4,0.5
1164218,33,396,51465,0.05,0.001,38823,6,0.7
14184,23,516,47267,0.3,0.004,42827,13,0.3
3330900,51,180,27109,0.3,0.004,24271,8,0.3
21303,34,384,33069,0.3,0.008,34860,11,0.3
1741584,26,480,239935,0.05,0.001,135834,6,0.5
507202,30,432,42003,0.15,0.004,31399,7,0.7
104267574,59,84,300000,0.05,0.001,175878,7,0.5
1641109,28,456,145425,0.05,0.001,95439,4,0.5
3748697,35,372,81432,0.05,0.001,54331,7,0.5
44307642,47,228,300000,0.15,0.004,154401,8,0.5
35405264,55,132,165434,0.05,0.001,87306,6,0.3
1110653,28,456,50446,0.15,0.004,27967,9,0.7
1911,23,516,28904,0.15,0.004,26060,9,0.3
11813541,45,252,73509,0.05,0.001,56768,4,0.5
8325371,43,276,51053,0.05,0.001,27392,7,0.3
2871,23,516,21184,0.3,0.004,17682,11,0.3
2418571,52,168,34172,0.15,0.001,29054,8,0.3
108464890,54,144,198772,0.05,0.001,104112,7,0.5
2018912,48,216,22033,0.3,0.008,17717,17,0.5
2663602,33,396,118226,0.15,0.001,69497,6,0.5
257154,30,432,36310,0.15,0.004,28604,8,0.7
14043779,55,132,125245,0.05,0.001,69145,6,0.5
2879774,49,204,49069,0.3,0.008,34910,11,0.5
131865356,55,132,206466,0.05,0.001,117961,6,0.5
15104052,44,264,91897,0.15,0.001,54643,9,0.5
170966032,57,108,300000,0.05,0.001,183458,5,0.3
10860157,57,108,123309,0.05,0.001,65641,4,0.3
11151410,41,300,136801,0.15,0.001,65254,7,0.7
3331533,47,228,36056,0.15,0.004,28040,8,0.7
7312703,56,120,62080,0.15,0.004,45917,6,0.3
741407,25,492,83915,0.05,0.001,57976,4,0.7
10916810,54,144,73557,0.15,0.001,42157,8,0.3
4423195,50,192,74530,0.15,0.001,53683,9,0.3
12202948,40,312,198904,0.05,0.001,129231,7,0.5
2025859,46,240,53856,0.3,0.008,41380,8,0.7
0,22,528,24513,0.3,0.008,20218,20,0.3
43553560,48,216,93357,0.05,0.001,50956,6,0.7
144078,25,492,52447,0.15,0.004,35977,9,0.5
904733,41,300,26351,0.3,0.008,20827,19,0.5
1147030,34,384,60341,0.05,0.001,47585,6,0.5
16109507,47,228,104056,0.15,0.001,59638,6,0.5
0,22,528,39710,0.15,0.001,38256,6,0.7
9036004,56,120,132429,0.3,0.004,92969,12,0.3
1293846,39,324,46792,0.15,0.004,38961,8,0.5
0,22,528,47124,0.15,0.004,34574,9,0.5
2068374,55,132,48631,0.15,0.001,36691,6,0.5
3196870,44,264,63082,0.05,0.001,48402,4,0.5
30079,23,516,64372,0.3,0.004,40404,15,0.3
704300,31,420,45432,0.15,0.004,33800,6,0.7
2607727,28,456,80390,0.15,0.004,47851,9,0.5
3231384,40,312,100451,0.3,0.004,66596,17,0.3
28248,26,480,36587,0.15,0.001,34441,8,0.3
84409115,56,120,228969,0.05,0.001,121307,7,0.3
508575,34,384,38428,0.15,0.004,35170,6,0.7
119248963,58,96,257807,0.05,0.001,138703,6,0.3
623661,32,408,57494,0.15,0.004,40106,7,0.5
9622502,44,264,106952,0.05,0.001,76779,7,0.7
8916555,41,300,142515,0.05,0.001,66740,4,0.3
388855,44,264,27069,0.3,0.008,26489,14,0.3
7529939,40,312,60028,0.15,0.004,35905,8,0.5
2425752,30,432,84347,0.15,0.004,62165,6,0.7
14224700,42,288,129342,0.15,0.004,57212,8,0.5
36302,23,516,92119,0.15,0.001,68977,8,0.5
2557001,33,396,134925,0.05,0.001,75818,4,0.7
2122902,29,444,199332,0.05,0.001,78939,4,0.5
12272873,42,288,84092,0.05,0.001,42061,4,0.7
375200,29,444,75562,0.3,0.004,59539,15,0.5
3669327,34,384,134950,0.15,0.004,75728,6,0.5
27907743,40,312,300000,0.05,0.001,131641,6,0.3
6467105,54,144,51735,0.15,0.004,31136,8,0.3
122934750,55,132,264917,0.05,0.001,121140,5,0.3
80030719,55,132,95161,0.05,0.001,53767,4,0.3
9742618,35,372,168872,0.15,0.001,79086,8,0.3
24399505,54,144,102051,0.05,0.001,73516,6,0.5
606489,40,312,43754,0.05,0.001,43312,4,0.7
131793147,57,108,218833,0.05,0.001,120250,7,0.3
424695,26,480,81832,0.15,0.004,58819,8,0.3
2466881,37,348,63405,0.05,0.001,43330,5,0.7
1228528,47,228,49309,0.3,0.008,43763,10,0.5
2493632,36,360,109372,0.05,0.001,65596,6,0.5
5299169,35,372,73069,0.05,0.001,39953,7,0.3
44140773,59,84,123590,0.05,0.001,55991,7,0.5
4185851,42,288,129352,0.15,0.004,95379,6,0.3
1539617,38,336,56278,0.05,0.001,38338,5,0.5
733075,27,468,98984,0.15,0.004,63733,9,0.7
56161,23,516,75643,0.05,0.001,37376,7,0.5
1327198,37,348,48570,0.15,0.001,35197,7,0.5
379219,32,408,40967,0.15,0.001,27622,9,0.5
15527576,58,96,122454,0.3,0.004,59693,10,0.3
7851214,57,108,39428,0.3,0.008,31151,23,0.3
12312,23,516,28486,0.15,0.004,23401,7,0.5
642118,42,288,30406,0.3,0.004,21572,11,0.5
3432262,45,252,68428,0.15,0.001,43591,8,0.3
1279514,25,492,142621,0.05,0.001,72052,4,0.7
22977,23,516,28452,0.15,0.001,22048,7,0.5
69802,26,480,32473,0.15,0.004,27307,9,0.5
6014536,54,144,55485,0.15,0.001,40897,6,0.3
47790851,56,120,127361,0.05,0.001,60166,6,0.5
193131,24,504,113547,0.05,0.001,55949,7,0.7
0,22,528,82491,0.05,0.001,58721,7,0.3
1755627,48,216,38965,0.3,0.004,33027,21,0.3
28721910,57,108,70499,0.15,0.001,46134,6,0.3
2180326,53,156,42834,0.3,0.004,36232,10,0.3
2124817,49,204,44828,0.15,0.004,34863,6,0.7
12008380,43,276,192217,0.05,0.001,105437,6,0.3
74536855,49,204,234526,0.05,0.001,120785,7,0.5
22481990,54,144,118273,0.05,0.001,82477,5,0.5
770669,29,444,79804,0.15,0.004,54690,6,0.7
3333438,33,396,56689,0.05,0.001,32751,4,0.7
165921,33,396,23308,0.3,0.008,19931,15,0.5
2958,23,516,29356,0.3,0.008,27580,12,0.3
1389330,31,420,54219,0.05,0.001,30424,4,0.5
2980956,52,168,96199,0.3,0.004,74916,19,0.3
15209330,59,84,179645,0.15,0.004,109352,9,0.3
3282266,27,468,300000,0.15,0.004,175006,6,0.7
11947934,41,300,300000,0.05,0.001,238832,4,0.5
0,22,528,55869,0.3,0.008,40388,9,0.3
0,22,528,71180,0.15,0.004,42057,8,0.5
5226,23,516,38855,0.3,0.008,34981,21,0.5
784169,45,252,47743,0.3,0.004,37427,16,0.5
8065982,41,300,101956,0.05,0.001,59345,7,0.7
14558401,59,84,52308,0.15,0.001,26010,7,0.3
87502,26,480,30648,0.3,0.008,23730,10,0.5
2443146,39,324,84191,0.05,0.001,65548,7,0.3
64981379,59,84,79913,0.15,0.004,52082,6,0.3
483690,33,396,38395,0.15,0.001,32327,8,0.5
12373347,54,144,114282,0.15,0.004,76552,8,0.5
2241269,35,372,52778,0.05,0.001,32467,7,0.5
0,22,528,106930,0.05,0.001,78114,4,0.7
642950,28,456,66314,0.05,0.001,40649,4,0.7
59118241,50,192,148975,0.15,0.001,66786,8,0.5
4869445,44,264,90468,0.05,0.001,56668,7,0.5
12524614,49,204,136452,0.05,0.001,71854,6,0.5
10168243,42,288,104593,0.05,0.001,63186,7,0.5
319481,30,432,26143,0.15,0.001,22289,8,0.5
2448763,28,456,73163,0.05,0.001,50472,7,0.5
518269,37,348,46501,0.15,0.004,54762,6,0.5
223943,36,360,48095,0.15,0.004,49471,8,0.5
1006962,46,240,49530,0.05,0.001,42333,7,0.3
3193414,48,216,46877,0.05,0.001,38649,4,0.7
363941,41,300,47099,0.3,0.004,50440,17,0.5
8116348,51,180,91542,0.15,0.004,58055,9,0.3
107799871,47,228,300000,0.05,0.001,138299,7,0.5
3681,24,504,22446,0.3,0.008,21707,8,0.5
3454883,43,276,52721,0.15,0.001,33104,6,0.7
53985,23,516,104925,0.05,0.001,59422,7,0.3
14618292,57,108,92831,0.15,0.001,61942,8,0.3
35068690,52,168,190837,0.05,0.001,137926,4,0.5
97412,23,516,92897,0.05,0.001,67990,7,0.3
4833797,44,264,80893,0.05,0.001,41253,6,0.7
538730,32,408,101878,0.15,0.004,81680,9,0.7
860897,32,408,86439,0.15,0.004,74689,6,0.7
9496183,53,156,55545,0.3,0.004,37148,10,0.3
44609626,54,144,195837,0.05,0.001,102942,4,0.3
7385944,51,180,56504,0.05,0.001,36873,7,0.3
75949809,49,204,300000,0.05,0.001,142889,6,0.5
3311397,32,408,115512,0.05,0.001,71146,4,0.7
55355,24,504,47912,0.05,0.001,37641,7,0.5
2506258,30,432,99976,0.05,0.001,62573,7,0.7
4769498,44,264,102544,0.15,0.004,63446,9,0.7
7767574,51,180,69354,0.15,0.004,51783,8,0.5
10611884,35,372,125211,0.15,0.004,69116,6,0.7
20515972,40,312,138435,0.05,0.001,75935,4,0.3
8641265,42,288,61676,0.15,0.004,28799,6,0.3
2632968,39,324,55592,0.3,0.004,40204,9,0.5
343455,35,372,36841,0.3,0.004,30598,19,0.7
20206178,45,252,86518,0.05,0.001,49792,4,0.5
4470411,42,288,87747,0.15,0.004,67583,7,0.3
22544833,57,108,212342,0.05,0.001,110027,6,0.3
12712290,48,216,110032,0.15,0.001,80351,9,0.3
1415686,41,300,34825,0.3,0.004,25423,21,0.3
2872863,56,120,37584,0.15,0.004,31553,8,0.3
31026958,40,312,204850,0.05,0.001,106198,4,0.5
3350865,47,228,48561,0.3,0.008,37416,22,0.5
2940792,46,240,35442,0.15,0.001,28330,6,0.3
4026663,34,384,95633,0.15,0.004,55983,8,0.5
2754666,34,384,89735,0.05,0.001,51068,5,0.5
0,22,528,32955,0.15,0.001,27367,8,0.7
488115,52,168,42740,0.05,0.001,42447,6,0.3
86366,31,420,38468,0.3,0.008,39950,23,0.5
3144165,54,144,55470,0.15,0.004,39855,9,0.5
1824106,34,384,88415,0.05,0.001,69577,5,0.5
19596897,51,180,96882,0.15,0.001,65950,6,0.5
5775755,50,192,75554,0.3,0.004,47331,13,0.3
5683754,45,252,67291,0.05,0.001,48920,4,0.3
19303806,55,132,61640,0.3,0.004,36700,21,0.3
165763640,54,144,228901,0.05,0.001,130689,7,0.3
20006277,52,168,81447,0.05,0.001,58524,7,0.3
6965690,56,120,80632,0.3,0.008,53697,8,0.5
103912345,51,180,205116,0.05,0.001,104269,4,0.3
305727,27,468,78302,0.15,0.001,57092,8,0.7
23793630,48,216,137621,0.15,0.004,69833,7,0.5
223682,24,504,83183,0.05,0.001,53187,6,0.3
10539299,42,288,108872,0.15,0.001,75195,8,0.5
595128,43,276,39524,0.05,0.001,37520,5,0.3
908037,40,312,28760,0.15,0.001,24460,6,0.5
5165885,37,348,65027,0.05,0.001,44385,6,0.3
200775142,52,168,187764,0.05,0.001,87353,4,0.3
15138007,47,228,113674,0.05,0.001,77047,5,0.5
1198920,46,240,48943,0.15,0.004,39170,7,0.5
12100939,43,276,105852,0.15,0.004,78501,9,0.5
12717316,42,288,69005,0.05,0.001,40873,6,0.5
2219620,34,384,103705,0.15,0.004,89852,8,0.7
17931018,59,84,62777,0.15,0.004,35088,7,0.3
983001,29,444,40052,0.05,0.001,28275,7,0.7
484241,29,444,27441,0.15,0.001,21305,7,0.3
201885,31,420,40518,0.15,0.004,34296,9,0.3
7844384,40,312,97258,0.05,0.001,62385,6,0.5
10326616,30,432,300000,0.05,0.001,201501,7,0.7
1150697,48,216,39781,0.15,0.001,35475,6,0.7
43202555,57,108,150468,0.15,0.001,80611,9,0.3
5102415,49,204,107993,0.05,0.001,74491,7,0.5
8182408,44,264,129703,0.05,0.001,63158,4,0.3
6172153,59,84,54863,0.15,0.001,41006,6,0.5
12807631,42,288,165474,0.05,0.001,81126,7,0.5
23478081,46,240,175741,0.15,0.004,99749,7,0.3
22213866,54,144,96739,0.15,0.004,55522,7,0.3
7128387,36,360,191422,0.05,0.001,117171,4,0.7
10625814,56,120,59913,0.05,0.001,41632,6,0.3
582675,36,360,25061,0.15,0.004,20530,9,0.5
908809,34,384,92663,0.05,0.001,78387,5,0.7
12164459,30,432,120874,0.05,0.001,58460,4,0.7
15886371,52,168,129485,0.15,0.001,55214,8,0.3
14667041,58,96,107350,0.15,0.004,77818,8,0.5
45840579,50,192,180928,0.15,0.001,92356,9,0.5
16222393,55,132,85185,0.15,0.001,51649,7,0.5
13832464,37,348,300000,0.15,0.001,154265,6,0.5
70313394,45,252,295325,0.05,0.001,184426,7,0.7
1149242,39,324,46567,0.15,0.001,37215,8,0.7
17761335,56,120,117628,0.05,0.001,60916,6,0.3
114375,30,432,36849,0.15,0.004,29782,9,0.7
16479297,53,156,91041,0.05,0.001,69822,4,0.5
59018,25,492,41824,0.15,0.004,41540,8,0.5
7664927,31,420,300000,0.05,0.001,153741,7,0.7
593111,46,240,32277,0.3,0.008,36013,12,0.3
8382,24,504,24415,0.15,0.004,20203,8,0.5
111775113,57,108,184933,0.05,0.001,87069,4,0.5
4926531,49,204,50612,0.3,0.008,26755,12,0.5
23686899,46,240,192719,0.05,0.001,116200,4,0.3
28952083,35,372,216126,0.05,0.001,95219,6,0.5
9861925,48,216,70555,0.05,0.001,44289,5,0.5
14998688,52,168,110579,0.05,0.001,70288,4,0.3
24923985,52,168,98749,0.15,0.004,63288,6,0.5
15161321,49,204,68471,0.05,0.001,53336,4,0.5
142765,23,516,60812,0.05,0.001,32161,5,0.5
11522090,54,144,89851,0.05,0.001,60080,4,0.3
150522161,55,132,183759,0.05,0.001,99136,7,0.5
8160426,43,276,64738,0.15,0.004,33868,8,0.3
136590758,54,144,262271,0.05,0.001,126545,7,0.5
1188005,46,240,41689,0.05,0.001,35547,7,0.5
2946313,39,324,83870,0.15,0.001,46061,7,0.3
892459,35,372,32524,0.15,0.001,26823,7,0.5
2490572,32,408,69555,0.05,0.001,44564,4,0.7
521825,43,276,62408,0.15,0.004,56495,6,0.3
8676837,54,144,53162,0.3,0.008,32782,21,0.3
3067804,35,372,59157,0.05,0.001,27797,5,0.7
110377,30,432,48819,0.05,0.001,49721,5,0.5
19699440,51,180,87030,0.15,0.004,43271,6,0.5
125868239,58,96,167722,0.15,0.001,76065,6,0.3
1189898,47,228,77714,0.3,0.008,61121,16,0.5
88251249,54,144,206786,0.05,0.001,93713,7,0.3
1929048,35,372,89209,0.05,0.001,55578,5,0.5
3881545,31,420,105700,0.05,0.001,55653,6,0.7
2463127,43,276,54680,0.3,0.008,31958,13,0.7
3748873,56,120,52547,0.15,0.004,43931,8,0.3
12273,23,516,36950,0.15,0.004,25559,6,0.5
3730,23,516,25300,0.15,0.004,26862,8,0.5
14716888,38,336,120738,0.05,0.001,43624,7,0.5
4551946,36,360,119986,0.15,0.001,82549,9,0.3
1346353,26,480,110741,0.15,0.004,71465,9,0.7
579295,33,396,79919,0.05,0.001,56614,4,0.7
7480512,40,312,113887,0.05,0.001,79071,4,0.5
0,22,528,78366,0.15,0.004,56261,6,0.7
39951287,55,132,70918,0.15,0.004,43874,6,0.3
8933614,32,408,300000,0.15,0.001,212891,9,0.7
0,22,528,83143,0.15,0.004,62391,8,0.5
15633402,59,84,71119,0.15,0.001,43499,6,0.3
1075225,30,432,89229,0.05,0.001,64508,5,0.5
1083609,48,216,29028,0.15,0.001,26535,7,0.5
2241598,36,360,76953,0.15,0.004,50634,7,0.5
20381331,40,312,300000,0.15,0.004,138155,9,0.3
6634903,52,168,80680,0.15,0.001,38743,6,0.3
13741323,41,300,134913,0.15,0.001,69179,7,0.5
9338575,31,420,300000,0.05,0.001,179211,4,0.7
21839183,51,180,149930,0.15,0.001,77093,6,0.3
4985698,29,444,75531,0.15,0.001,39860,6,0.7
15393109,34,384,255625,0.05,0.001,153273,6,0.7
3140717,27,468,83828,0.05,0.001,45991,6,0.7
8244239,37,348,180829,0.05,0.001,78871,4,0.3
29246,26,480,33050,0.3,0.004,31245,22,0.7
7306557,29,444,218068,0.05,0.001,116106,5,0.7
8655296,53,156,67151,0.15,0.004,47330,7,0.5
2278382,27,468,300000,0.3,0.004,188732,23,0.7
8580605,56,120,72570,0.15,0.004,40257,9,0.3
478947,35,372,49230,0.3,0.004,38845,21,0.5
112315,31,420,22839,0.3,0.008,19175,9,0.3
1107294,26,480,180140,0.05,0.001,117837,5,0.5
21568348,59,84,61190,0.3,0.004,33703,13,0.3
15591868,34,384,194907,0.05,0.001,118454,7,0.5
10064291,35,372,187838,0.05,0.001,79408,7,0.3
108786747,53,156,93112,0.05,0.001,58338,5,0.3
28015521,40,312,300000,0.05,0.001,193051,7,0.5
9020274,43,276,133384,0.05,0.001,81303,4,0.5
3958802,33,396,93099,0.05,0.001,60584,6,0.7
32198764,48,216,178409,0.05,0.001,79937,4,0.3
4621017,31,420,137211,0.05,0.001,61300,6,0.7
244176,34,384,43091,0.15,0.004,41392,9,0.7
47643412,50,192,172779,0.05,0.001,91348,5,0.5
73508981,46,240,120590,0.05,0.001,48976,6,0.5
7663661,44,264,76747,0.3,0.008,38277,18,0.5
1709812,39,324,52761,0.3,0.008,34000,16,0.7
96486247,59,84,172762,0.15,0.004,107779,7,0.3
1162761,33,396,48790,0.15,0.004,37789,6,0.7
49743235,59,84,110328,0.05,0.001,67896,4,0.3
37208,23,516,60221,0.05,0.001,36826,7,0.3
2668176,25,492,186025,0.05,0.001,112809,4,0.7
322281,38,336,24236,0.3,0.008,17615,14,0.3
38454,26,480,20000,0.05,0.001,18851,4,0.5
289001,24,504,84097,0.05,0.001,49899,4,0.5
2615663,41,300,70545,0.3,0.004,54944,19,0.3
14329930,53,156,83635,0.15,0.001,53131,6,0.3
8501425,51,180,59078,0.15,0.004,37761,7,0.3
30762357,45,252,226398,0.15,0.004,136458,8,0.5
103813909,49,204,223446,0.05,0.001,103421,6,0.7
109306173,51,180,183150,0.05,0.001,82850,6,0.5
11723172,39,324,300000,0.05,0.001,167289,7,0.5
65209484,55,132,158869,0.05,0.001,63609,6,0.3
4682553,35,372,101658,0.05,0.001,54919,7,0.5
5440213,31,420,107141,0.05,0.001,52954,7,0.7
128916040,58,96,165008,0.05,0.001,69650,4,0.3
6004850,44,264,59761,0.15,0.004,38322,7,0.3
582375,34,384,36508,0.15,0.004,30968,8,0.5
1818339,55,132,48591,0.3,0.008,43050,16,0.3
8972600,38,336,152197,0.05,0.001,108732,4,0.5
34566185,58,96,300000,0.15,0.004,149835,7,0.3
362060,32,408,46967,0.05,0.001,36021,5,0.7
151122,29,444,40251,0.15,0.001,35906,9,0.5
5634500,49,204,69722,0.15,0.004,48983,7,0.5
2580218,38,336,34825,0.05,0.001,26969,5,0.7
86691326,53,156,167060,0.05,0.001,95433,5,0.3
1079047,59,84,33576,0.15,0.004,32362,8,0.3
1004461,33,396,53135,0.3,0.004,35174,13,0.7
33756,23,516,67228,0.3,0.008,37513,17,0.5
1812513,42,288,61795,0.3,0.008,44525,14,0.3
41087,26,480,20000,0.05,0.001,18101,7,0.5
97849,24,504,106595,0.05,0.001,86017,4,0.5
254144,31,420,42753,0.15,0.004,34131,8,0.5
10633656,56,120,61258,0.05,0.001,45070,7,0.5
40253823,56,120,109091,0.15,0.004,55111,7,0.5
343783,32,408,36574,0.3,0.004,34588,11,0.5
25102534,51,180,166828,0.05,0.001,97335,7,0.3
1737795,36,360,64559,0.05,0.001,35263,4,0.3
1183915,26,480,110114,0.05,0.001,62964,7,0.7
1874154,37,348,68948,0.15,0.004,46216,6,0.7
217510,40,312,29567,0.15,0.004,27661,9,0.7
4245763,41,300,75009,0.05,0.001,51700,7,0.7
17930969,35,372,249398,0.05,0.001,91320,4,0.5
1031850,30,432,80096,0.15,0.004,52985,7,0.7
1088988,38,336,45913,0.3,0.008,32207,13,0.3
240028,31,420,35667,0.05,0.001,40333,6,0.5
5517304,35,372,75893,0.05,0.001,50216,4,0.3
139242,23,516,179023,0.05,0.001,89923,4,0.5
25872477,49,204,156325,0.05,0.001,106342,5,0.5
1405798,48,216,54659,0.3,0.004,35252,19,0.7
9790709,54,144,60529,0.15,0.001,39358,8,0.3
21026244,56,120,72637,0.3,0.008,38824,14,0.3
2128989,25,492,90869,0.15,0.001,51815,7,0.5
81632,36,360,31143,0.15,0.001,29893,9,0.5
79243115,48,216,206944,0.05,0.001,136173,4,0.5
2560548,40,312,58124,0.15,0.004,47783,9,0.3
433261,51,180,28114,0.3,0.008,27427,13,0.3
1752967,40,312,51029,0.15,0.004,37538,9,0.5
601718,41,300,34872,0.3,0.008,32217,16,0.5
0,22,528,42642,0.05,0.001,29375,4,0.5
12718,23,516,41139,0.15,0.004,32182,7,0.5
2145290,39,324,60492,0.15,0.001,47217,8,0.7
361387,31,420,44643,0.15,0.004,33885,8,0.3
412998,29,444,47112,0.3,0.004,34659,18,0.5
3968178,33,396,116166,0.05,0.001,71861,6,0.7
3473734,57,108,32644,0.15,0.004,28128,6,0.3
1391601,27,468,300000,0.15,0.004,195321,6,0.5
3728287,57,108,54226,0.15,0.004,44585,9,0.3
3225387,49,204,70272,0.3,0.008,46869,13,0.3
0,22,528,31900,0.15,0.001,24335,9,0.5
16947598,58,96,95032,0.15,0.004,53090,9,0.5
15560211,53,156,97979,0.3,0.008,69766,15,0.3
16121481,52,168,112861,0.15,0.004,62176,6,0.3
242783,28,456,45176,0.15,0.004,30232,8,0.3
1542448,49,204,41361,0.3,0.008,37105,13,0.3
7253642,46,240,107300,0.05,0.001,83674,7,0.3
6931389,46,240,45416,0.05,0.001,36228,4,0.5
45028,24,504,96872,0.05,0.001,70787,5,0.3
2309037,41,300,63668,0.15,0.004,42841,7,0.5
921737,30,432,46401,0.05,0.001,33076,6,0.7
2693525,45,252,54454,0.3,0.004,37883,22,0.5
308873,34,384,82320,0.05,0.001,73450,6,0.5
35323821,53,156,133544,0.05,0.001,60989,4,0.3
8769073,52,168,72951,0.15,0.004,48643,7,0.3
407145,30,432,39814,0.3,0.008,26271,21,0.5
12840099,53,156,47770,0.15,0.004,33298,8,0.3
597034,26,480,126340,0.05,0.001,46439,6,0.7
12049346,42,288,110946,0.15,0.001,67348,8,0.3
5092261,28,456,200123,0.05,0.001,90507,7,0.5
364100,28,456,28553,0.05,0.001,22160,7,0.7
4799079,26,480,300000,0.15,0.001,94295,8,0.7
5881328,55,132,52752,0.3,0.004,35414,11,0.3
10173761,48,216,102818,0.15,0.004,76506,7,0.7
4685183,46,240,100682,0.15,0.004,75811,7,0.7
98273,27,468,46199,0.15,0.001,40724,9,0.5
339428,25,492,58937,0.05,0.001,42421,4,0.5
18278192,40,312,185734,0.05,0.001,96208,6,0.3
91452064,57,108,97795,0.05,0.001,57837,4,0.3
46723,23,516,85259,0.15,0.004,54229,6,0.3
951893,37,348,73185,0.15,0.004,49559,9,0.3
10130077,50,192,58072,0.15,0.001,30840,7,0.5
28791431,46,240,183009,0.05,0.001,119912,5,0.7
898457,41,300,37873,0.3,0.004,28804,23,0.7
164929833,55,132,223429,0.05,0.001,121668,4,0.5
132827838,56,120,214241,0.05,0.001,97949,6,0.5
11340740,48,216,63457,0.15,0.001,37727,7,0.7
143092,26,480,42557,0.3,0.008,37032,18,0.3
45323,32,408,20000,0.15,0.004,20698,6,0.7
42473281,52,168,110364,0.15,0.004,76073,9,0.3
443224,31,420,47054,0.3,0.004,33734,8,0.5
1058836,40,312,35080,0.3,0.004,24510,19,0.5
127244188,49,204,146042,0.15,0.001,60467,8,0.3
8155995,46,240,57996,0.3,0.004,44543,20,0.5
3133330,38,336,85426,0.15,0.004,60492,8,0.7
3417940,41,300,56904,0.15,0.004,33550,7,0.3
21780631,58,96,96781,0.15,0.001,77062,7,0.3
3096565,28,456,189343,0.05,0.001,96724,7,0.7
582231,44,264,33163,0.3,0.008,24619,17,0.5
12146711,41,300,186798,0.05,0.001,124236,4,0.5
0,22,528,55308,0.05,0.001,38555,4,0.5
964427,34,384,83083,0.15,0.001,52916,8,0.7
81087925,51,180,114024,0.05,0.001,81647,6,0.3
40286531,59,84,70618,0.05,0.001,42869,6,0.5
4506487,37,348,52108,0.3,0.004,28566,12,0.3
12277051,36,360,237041,0.05,0.001,115584,6,0.5
11250545,42,288,174547,0.05,0.001,106895,4,0.7
11940464,58,96,50405,0.3,0.008,29324,18,0.5
942990,29,444,80720,0.05,0.001,59098,4,0.7
2650281,33,396,81602,0.15,0.001,52559,7,0.7
1011325,40,312,26010,0.15,0.004,22151,6,0.5
2148277,50,192,41067,0.3,0.008,31544,18,0.5
265304554,57,108,300000,0.05,0.001,140578,4,0.3
82620947,55,132,232690,0.05,0.001,125034,5,0.3
578,23,516,24354,0.3,0.004,22421,10,0.3
3262261,41,300,83961,0.05,0.001,57034,4,0.3
16027451,49,204,125391,0.05,0.001,84884,6,0.3
3336962,40,312,96868,0.05,0.001,53011,7,0.5
182821,25,492,58012,0.15,0.004,47348,6,0.5
17724046,40,312,134857,0.05,0.001,76349,4,0.3
2052378,57,108,47793,0.05,0.001,52900,5,0.3
1075731,44,264,42888,0.3,0.004,35340,15,0.5
21251313,40,312,300000,0.15,0.004,144373,8,0.5
493695,45,252,41076,0.05,0.001,42041,6,0.3
407281,57,108,42656,0.15,0.001,40726,8,0.3
5733537,47,228,47207,0.3,0.008,32463,19,0.7
11366502,52,168,77667,0.15,0.001,47165,9,0.5
4654629,36,360,65806,0.05,0.001,40324,7,0.5
40318439,57,108,204983,0.15,0.001,107738,6,0.5
45653888,56,120,143630,0.15,0.001,63587,7,0.3
1385358,31,420,85830,0.15,0.004,51816,9,0.5
24073107,57,108,70510,0.3,0.004,42670,20,0.3
191954789,52,168,300000,0.05,0.001,129113,6,0.3
28444,24,504,20000,0.15,0.004,16196,9,0.5
1704449,37,348,30308,0.15,0.001,22763,6,0.5
91241579,58,96,172132,0.05,0.001,116821,6,0.3
51238,24,504,95530,0.15,0.001,75037,7,0.7
7085521,51,180,86610,0.15,0.001,51999,9,0.3
1673169,32,408,153662,0.05,0.001,80373,6,0.7
29962053,49,204,174552,0.15,0.004,101553,7,0.7
203330639,58,96,300000,0.05,0.001,109435,4,0.5
1912801,48,216,43727,0.15,0.001,41351,8,0.5
83682390,50,192,154528,0.15,0.001,61146,9,0.7
14141450,59,84,67427,0.3,0.008,46592,9,0.3
318150,46,240,20867,0.15,0.004,20942,7,0.5
550821,30,432,30701,0.05,0.001,23780,5,0.7
46502851,50,192,60324,0.05,0.001,30745,7,0.7
20687924,51,180,57574,0.15,0.004,30742,6,0.5
112962950,58,96,237503,0.05,0.001,130999,5,0.5
344209,27,468,86551,0.05,0.001,77124,5,0.3
31124427,44,264,141521,0.05,0.001,78442,7,0.7
109372370,56,120,192986,0.05,0.001,108708,6,0.3
1676181,36,360,93371,0.05,0.001,71636,5,0.7
4114452,45,252,57154,0.15,0.004,34442,6,0.3
1588179,34,384,62670,0.05,0.001,39145,4,0.7
10528138,43,276,91969,0.15,0.001,55548,8,0.3
435611,26,480,67794,0.05,0.001,54424,7,0.5
1449961,36,360,54465,0.05,0.001,28444,6,0.3
304587,51,180,46309,0.3,0.004,44224,14,0.5
128436,28,456,24228,0.15,0.004,19770,7,0.5
34466109,56,120,77885,0.15,0.004,48543,6,0.3
7674187,55,132,95803,0.15,0.001,72697,8,0.3
19787,26,480,20000,0.15,0.004,17062,8,0.5
1594520,34,384,35109,0.15,0.004,24412,7,0.7
198047,29,444,22423,0.3,0.004,19723,8,0.7
38671117,38,336,240951,0.05,0.001,124175,6,0.5
17364557,49,204,300000,0.15,0.001,151292,6,0.5
21001115,45,252,300000,0.05,0.001,177015,4,0.7
12577820,42,288,170806,0.05,0.001,77228,5,0.5
51308,25,492,27556,0.15,0.001,22421,6,0.5
40395466,55,132,208522,0.05,0.001,86599,4,0.5
8844739,36,360,140819,0.15,0.001,61008,8,0.5
10891704,42,288,160466,0.05,0.001,99755,6,0.7
913527,33,396,62823,0.05,0.001,42190,4,0.5
1881851,28,456,109263,0.15,0.004,65875,7,0.7
159076,26,480,26525,0.3,0.004,18939,18,0.3
6439162,51,180,56082,0.15,0.004,35385,6,0.5
0,22,528,44617,0.15,0.004,35053,8,0.5
445563,26,480,86880,0.15,0.004,55877,7,0.5
12828,26,480,23772,0.15,0.004,21964,6,0.5
617373,39,324,44929,0.15,0.004,41808,6,0.7
183400,27,468,34535,0.3,0.008,28139,17,0.5
17322379,59,84,115058,0.3,0.008,89238,11,0.3
1634035,31,420,53063,0.15,0.004,37964,8,0.7
933956,32,408,52048,0.05,0.001,31960,6,0.5
3921392,38,336,60809,0.15,0.004,35530,6,0.5
3456025,38,336,108381,0.15,0.004,66299,9,0.5
135753359,53,156,300000,0.05,0.001,121665,5,0.3
328486,52,168,38693,0.05,0.001,37554,6,0.3
11537024,42,288,122531,0.15,0.004,65119,9,0.7
5184829,35,372,72371,0.15,0.001,41427,8,0.7
1026130,36,360,39866,0.15,0.001,32911,6,0.3
4023889,38,336,95020,0.15,0.004,62259,9,0.5
139690561,59,84,300000,0.05,0.001,160778,5,0.5
16069200,34,384,300000,0.15,0.001,133985,6,0.7
21270,24,504,46187,0.15,0.004,40394,8,0.5
62188048,58,96,300000,0.05,0.001,156556,5,0.5
292230,23,516,134696,0.15,0.004,63660,7,0.7
25228627,56,120,87059,0.05,0.001,45020,6,0.3
1819459,45,252,28493,0.3,0.008,22347,8,0.3
1205606,31,420,102367,0.05,0.001,63718,6,0.7
20234802,52,168,145321,0.05,0.001,88230,5,0.3
6862567,41,300,87175,0.3,0.004,56687,13,0.7
91578,32,408,35293,0.15,0.004,33235,6,0.7
44126537,52,168,187916,0.05,0.001,116652,6,0.3
10137587,53,156,84752,0.05,0.001,74246,6,0.5
1795652,36,360,71660,0.05,0.001,54221,7,0.3
424818,35,372,46227,0.3,0.008,40165,13,0.5
23203273,54,144,70106,0.05,0.001,46021,5,0.3
4049447,49,204,76601,0.3,0.008,45929,14,0.3
104474497,54,144,192721,0.05,0.001,80899,6,0.5
33195108,53,156,209858,0.05,0.001,124768,5,0.5
400039,34,384,48435,0.15,0.004,39536,9,0.3
21096229,56,120,98054,0.05,0.001,69832,6,0.3
19131864,58,96,254254,0.05,0.001,172665,6,0.5
3363826,31,420,106312,0.05,0.001,61770,5,0.7
5084171,53,156,55323,0.15,0.004,33731,8,0.5
6431219,39,324,103586,0.15,0.004,58815,7,0.7
7983012,41,300,66954,0.15,0.004,53365,9,0.7
10610928,54,144,97418,0.15,0.004,51152,9,0.3
11692053,53,156,101989,0.15,0.004,72124,6,0.3
1713849,30,432,49218,0.3,0.008,34824,17,0.7
1694,23,516,28900,0.3,0.008,30764,11,0.5
5258101,42,288,87080,0.05,0.001,65360,5,0.3
6320941,33,396,169598,0.05,0.001,131397,7,0.7
19198,23,516,50845,0.15,0.004,37525,7,0.3
870808,30,432,61610,0.05,0.001,43562,4,0.7
3040475,34,384,88484,0.15,0.004,58863,8,0.7
4146152,38,336,57811,0.3,0.004,34504,8,0.3
1075052,34,384,80214,0.15,0.001,56976,6,0.5
21907275,59,84,66757,0.05,0.001,44943,7,0.3
4610866,41,300,37143,0.3,0.004,25248,9,0.5
3905135,49,204,78410,0.15,0.004,55607,6,0.3
5791565,36,360,144347,0.15,0.004,105012,9,0.5
27703335,41,300,300000,0.05,0.001,143872,7,0.5
84853,27,468,41270,0.3,0.004,36944,16,0.3
109858,32,408,20000,0.15,0.004,17211,8,0.5
460268,54,144,43076,0.15,0.001,43281,6,0.3
247121,31,420,38040,0.3,0.008,35237,16,0.3
208925,30,432,35511,0.15,0.001,28055,9,0.5
2217629,37,348,72992,0.05,0.001,48837,4,0.5
131543080,41,300,300000,0.05,0.001,136179,7,0.7
19517685,35,372,176731,0.05,0.001,69327,7,0.5
2404027,32,408,51176,0.15,0.004,35924,8,0.5
286111,44,264,46179,0.15,0.001,46713,9,0.3
38958,29,444,22086,0.15,0.004,18971,8,0.5
46929330,52,168,82056,0.05,0.001,48550,7,0.5
1958999,26,480,119213,0.05,0.001,75026,7,0.5
41379842,42,288,140295,0.15,0.004,80443,9,0.5
2623576,43,276,59018,0.15,0.004,42493,9,0.7
0,22,528,300000,0.15,0.004,188826,8,0.7
74372056,59,84,106307,0.3,0.008,56766,12,0.3
11822236,41,300,123810,0.05,0.001,67165,6,0.5
2300511,29,444,101437,0.05,0.001,68601,7,0.5
3777455,43,276,80121,0.15,0.001,39439,7,0.5
38084169,56,120,103217,0.15,0.001,66307,8,0.5
1158980,31,420,75075,0.15,0.004,42897,6,0.7
13462827,53,156,118870,0.05,0.001,72690,7,0.5
5976291,47,228,54409,0.05,0.001,34233,6,0.5
11733965,41,300,86016,0.15,0.001,53792,8,0.3
148368350,58,96,244680,0.05,0.001,130229,6,0.3
8279427,55,132,38115,0.05,0.001,31038,4,0.3
886394,48,216,43599,0.3,0.004,38081,12,0.5
5663707,29,444,136912,0.05,0.001,73505,4,0.5
951741,35,372,35383,0.15,0.001,30309,7,0.7
1612182,37,348,66353,0.15,0.001,45260,7,0.7
1305036,51,180,40046,0.15,0.004,34974,6,0.5
90431307,48,216,300000,0.15,0.001,152108,9,0.7
47254923,56,120,196555,0.05,0.001,102418,6,0.3
6886728,57,108,62642,0.15,0.001,33719,8,0.3
95748,37,348,27298,0.15,0.004,25413,9,0.3
2164345,38,336,68907,0.3,0.004,37080,22,0.3
5631105,46,240,81254,0.3,0.008,47665,12,0.3
4554993,48,216,75399,0.05,0.001,45456,4,0.3
854846,44,264,54916,0.15,0.001,43276,7,0.5
63749,28,456,29389,0.3,0.004,27910,13,0.3
47956159,51,180,165126,0.05,0.001,68887,5,0.5
18459,25,492,20000,0.15,0.004,18009,9,0.5
15508250,49,204,58235,0.05,0.001,38321,5,0.5
1577094,37,348,109321,0.05,0.001,94373,6,0.5
42738533,59,84,244073,0.05,0.001,160369,7,0.3
18689001,46,240,206051,0.15,0.001,129288,7,0.5
176625,30,432,35816,0.05,0.001,35741,6,0.3
1536346,42,288,50993,0.15,0.001,27967,7,0.7
9776329,39,324,105297,0.15,0.001,61366,6,0.5
1322306,32,408,68603,0.15,0.004,50067,7,0.5
1439169,29,444,84575,0.05,0.001,62145,7,0.7
1364912,36,360,82286,0.3,0.004,63243,17,0.5
317107,29,444,21486,0.15,0.004,17016,6,0.5
6112883,48,216,72484,0.15,0.001,40769,7,0.7
115337614,48,216,300000,0.05,0.001,119408,4,0.5
173687,29,444,20000,0.15,0.004,15398,7,0.7
13588019,42,288,222765,0.05,0.001,119744,5,0.5
2146473,45,252,52243,0.15,0.004,33837,7,0.5
106621,30,432,39580,0.05,0.001,40532,5,0.3
7818401,56,120,90680,0.15,0.004,48472,6,0.3
48685495,57,108,300000,0.15,0.001,170593,7,0.3
7828598,43,276,69609,0.15,0.004,43408,7,0.7
128249935,51,180,300000,0.15,0.004,183056,6,0.5
1703025,26,480,78151,0.05,0.001,38802,5,0.5
4772225,32,408,300000,0.05,0.001,221977,6,0.7
1267651,50,192,38512,0.3,0.004,35793,20,0.5
1761349,39,324,59122,0.15,0.004,44250,6,0.3
5379432,48,216,67515,0.3,0.004,41752,8,0.5
807550,27,468,50432,0.15,0.004,31867,6,0.7
3504684,52,168,57471,0.3,0.008,28110,9,0.5
8942780,37,348,103335,0.15,0.004,60369,9,0.5
591236,34,384,42934,0.15,0.004,38438,9,0.7
19026968,54,144,129630,0.05,0.001,67717,4,0.5
5252424,50,192,63833,0.3,0.008,37852,14,0.5
1765562,30,432,76696,0.15,0.004,46812,8,0.7
26527215,45,252,280126,0.05,0.001,140554,5,0.3
19813100,57,108,97348,0.05,0.001,55288,7,0.5
1227131,41,300,45983,0.3,0.008,37755,17,0.5
13628122,44,264,96642,0.05,0.001,53729,5,0.5
1962737,38,336,56023,0.15,0.004,33710,7,0.3
7007953,52,168,106731,0.15,0.001,80948,6,0.5
37644565,48,216,144469,0.15,0.001,73808,6,0.3
41463289,49,204,104839,0.05,0.001,59490,6,0.7
7072643,53,156,80904,0.15,0.004,46294,9,0.3
78004508,55,132,73423,0.05,0.001,46103,7,0.3
120954193,56,120,219358,0.05,0.001,143270,6,0.3
3346921,29,444,145655,0.05,0.001,69256,6,0.5
19598374,48,216,106940,0.15,0.004,67998,8,0.5
15904703,52,168,95970,0.15,0.001,66131,6,0.3
1196492,25,492,88625,0.15,0.004,47583,8,0.7
22712967,37,348,143439,0.05,0.001,58693,4,0.3
3834607,44,264,69108,0.15,0.004,45442,9,0.5
1899120,32,408,114975,0.05,0.001,64458,5,0.7
782097,36,360,59178,0.3,0.008,38497,8,0.3
594036,54,144,40829,0.3,0.008,41202,21,0.3
613454,28,456,65895,0.05,0.001,41445,5,0.7
17091013,43,276,300000,0.15,0.001,138661,9,0.3
0,22,528,66320,0.05,0.001,44404,5,0.5
515909,29,444,49403,0.15,0.001,37389,9,0.7
4362113,48,216,58191,0.05,0.001,35151,4,0.3
5676973,31,420,134748,0.05,0.001,65347,7,0.5
7555681,47,228,88463,0.05,0.001,56657,4,0.5
150628525,48,216,300000,0.05,0.001,166275,7,0.5
13557148,34,384,203402,0.05,0.001,88876,5,0.7
1969259,57,108,47011,0.3,0.004,40437,19,0.3
24151002,50,192,108705,0.15,0.001,79534,6,0.5
397063,27,468,60836,0.05,0.001,38435,6,0.5
3132445,43,276,66783,0.15,0.004,44739,7,0.3
4431285,42,288,85024,0.05,0.001,51477,4,0.5
12252491,51,180,88492,0.3,0.008,47249,18,0.3
17255,24,504,55385,0.15,0.004,46488,7,0.3
105877,29,444,36642,0.15,0.001,36406,9,0.3
129005,36,360,43824,0.15,0.004,44659,7,0.7
191145,30,432,26404,0.15,0.004,28376,6,0.3
24173049,56,120,110387,0.15,0.004,65680,6,0.3
5220889,44,264,61128,0.15,0.004,40091,8,0.3
3793889,57,108,65020,0.15,0.004,51018,6,0.3
6374012,53,156,75822,0.05,0.001,39110,7,0.3
2509922,45,252,107370,0.05,0.001,81192,7,0.5
10992571,53,156,55520,0.15,0.004,41984,7,0.3
793595,28,456,70762,0.05,0.001,38870,4,0.5
10613365,31,420,144019,0.05,0.001,74534,4,0.7
18860651,40,312,70594,0.15,0.004,37040,8,0.5
108901,32,408,28395,0.3,0.004,23923,13,0.5
11688427,51,180,131525,0.05,0.001,96188,7,0.3
821622,47,228,23761,0.3,0.004,20493,8,0.5
28068645,42,288,148764,0.05,0.001,89517,7,0.5
285649,41,300,38627,0.3,0.004,43053,16,0.7
1208855,27,468,89527,0.05,0.001,54248,7,0.7
1241104,35,372,61118,0.15,0.001,41927,8,0.7
8571640,31,420,300000,0.05,0.001,129944,4,0.7
2169326,36,360,113899,0.15,0.001,77632,8,0.5
4500871,51,180,69041,0.15,0.004,36576,9,0.5
10586943,34,384,300000,0.15,0.004,128678,7,0.5
1377005,30,432,59609,0.15,0.004,33290,8,0.7
0,22,528,74758,0.15,0.004,55313,6,0.5
10535252,50,192,102226,0.05,0.001,62218,5,0.5
770977,28,456,111147,0.05,0.001,71418,4,0.7
19831,23,516,50905,0.15,0.004,39392,7,0.5
39026024,54,144,93311,0.15,0.004,67313,8,0.5
31760874,48,216,161399,0.15,0.004,92510,8,0.3
2508171,25,492,300000,0.3,0.004,150114,17,0.5
7120886,57,108,300000,0.3,0.004,220919,10,0.3
10800133,32,408,162564,0.15,0.004,66092,7,0.7
140080,38,336,27403,0.15,0.004,24005,8,0.5
41152,24,504,54902,0.15,0.001,42875,9,0.5
5347060,38,336,55672,0.15,0.004,35431,8,0.5
10434,23,516,20817,0.15,0.001,13124,6,0.3
13095520,40,312,127090,0.05,0.001,70602,5,0.3
3119620,38,336,53854,0.05,0.001,32307,5,0.5
14451025,50,192,54954,0.15,0.004,36158,8,0.5
4675989,36,360,77657,0.15,0.001,50833,7,0.3
634736,24,504,79650,0.05,0.001,48877,7,0.7
15656860,44,264,187519,0.15,0.004,119973,8,0.5
133208,27,468,20000,0.15,0.004,16182,8,0.3
10699328,49,204,66872,0.05,0.001,41507,6,0.5
337163,27,468,39312,0.15,0.004,30784,8,0.7
13561264,38,336,201922,0.05,0.001,106066,4,0.7
748162,37,348,79311,0.05,0.001,73056,5,0.5
1270087,33,396,70057,0.15,0.004,45747,6,0.5
38364330,58,96,122526,0.15,0.001,69246,7,0.5
219357,26,480,63537,0.3,0.008,47275,8,0.3
398109,45,252,42972,0.3,0.008,46906,20,0.5
574972,35,372,25279,0.15,0.001,18478,8,0.3
36013522,48,216,300000,0.05,0.001,147680,4,0.7
159409,24,504,75494,0.15,0.004,47435,7,0.5
692734,36,360,39752,0.05,0.001,31454,4,0.5
279995,31,420,46560,0.15,0.001,41332,7,0.5
32189444,47,228,169767,0.05,0.001,88807,4,0.5
16135720,56,120,104390,0.15,0.001,66651,7,0.3
671830,42,288,48430,0.15,0.001,37464,6,0.5
116366677,57,108,204713,0.05,0.001,93265,7,0.3
1439538,37,348,66356,0.05,0.001,57816,7,0.5
56205,25,492,61414,0.05,0.001,57840,5,0.5
2328618,26,480,130718,0.05,0.001,50419,4,0.7
307461,24,504,78548,0.05,0.001,42837,5,0.5
526148,34,384,44523,0.05,0.001,37473,6,0.5
33054508,57,108,132076,0.05,0.001,52833,7,0.5
21659132,55,132,186185,0.15,0.004,135483,7,0.3
1510874,25,492,140023,0.05,0.001,85214,7,0.7
2960,24,504,20000,0.3,0.004,14683,14,0.5
141485,40,312,26681,0.15,0.004,24635,6,0.7
3221005,41,300,83823,0.05,0.001,66383,4,0.3
7663723,28,456,181867,0.05,0.001,84244,5,0.5
8212583,47,228,71183,0.3,0.004,54310,23,0.5
7109251,50,192,48521,0.05,0.001,40874,5,0.5
103856488,54,144,300000,0.05,0.001,192379,4,0.5
7718051,43,276,145944,0.15,0.004,84179,7,0.3
176814,48,216,32662,0.15,0.004,31954,7,0.7
12137439,44,264,90555,0.05,0.001,49162,4,0.5
523321,30,432,44412,0.15,0.004,33985,7,0.7
6370821,45,252,73335,0.15,0.004,58134,8,0.5
4813295,52,168,70375,0.05,0.001,50499,4,0.3
965471,35,372,56826,0.3,0.004,33650,19,0.7
40992989,50,192,188204,0.15,0.004,99744,9,0.7
294273,35,372,27871,0.3,0.004,24878,11,0.3
3439028,38,336,76248,0.3,0.004,47974,19,0.3
2243153,32,408,68127,0.15,0.004,44977,8,0.7
1620826,30,432,82928,0.05,0.001,54708,4,0.5
1751574,27,468,132794,0.05,0.001,67343,6,0.7
9624401,38,336,124449,0.05,0.001,51258,4,0.7
108016607,54,144,98832,0.15,0.004,62861,6,0.3
9382997,58,96,51069,0.15,0.004,27842,8,0.3
10280053,55,132,112948,0.05,0.001,77442,4,0.3
10161128,59,84,66315,0.3,0.008,42928,11,0.5
40358346,53,156,88322,0.05,0.001,53622,6,0.3
19222120,42,288,168567,0.05,0.001,99450,6,0.5
2294227,36,360,57926,0.3,0.004,38536,17,0.3
1131169,28,456,58966,0.05,0.001,34725,7,0.5
238985,27,468,60122,0.05,0.001,53602,4,0.5
4538259,33,396,74952,0.05,0.001,41270,7,0.5
628751,26,480,47208,0.15,0.004,29602,8,0.7
36493052,58,96,91081,0.15,0.004,56320,7,0.5
749037,29,444,81620,0.05,0.001,62178,7,0.7
7942657,43,276,73744,0.15,0.004,44610,8,0.5
35665175,55,132,69256,0.15,0.004,43634,9,0.3
132420142,55,132,300000,0.05,0.001,146879,7,0.3
689043,27,468,63135,0.15,0.001,38996,6,0.7
14379843,51,180,51307,0.3,0.008,37264,16,0.3
74760954,51,180,300000,0.05,0.001,157954,4,0.3
468169,36,360,51263,0.15,0.004,37240,8,0.5
732366,27,468,107551,0.05,0.001,55887,6,0.7
3241322,38,336,84628,0.05,0.001,49668,5,0.5
85414,29,444,43655,0.05,0.001,41694,6,0.5
12709250,56,120,65757,0.3,0.004,39826,16,0.5
7813835,38,336,85225,0.05,0.001,42075,5,0.5
0,22,528,50240,0.3,0.004,35255,20,0.7
264633,27,468,32876,0.3,0.004,25934,17,0.7
326040,27,468,45973,0.05,0.001,38321,7,0.5
238753,28,456,25845,0.15,0.004,20642,7,0.5
5757423,33,396,90321,0.05,0.001,63921,4,0.7
138128,23,516,129848,0.05,0.001,83395,7,0.5
29538,26,480,38896,0.15,0.004,36189,7,0.3
0,22,528,76647,0.05,0.001,48714,5,0.5
264314079,59,84,300000,0.05,0.001,135916,4,0.5
64454,28,456,38217,0.15,0.004,33178,6,0.7
556277,29,444,53083,0.05,0.001,33972,5,0.5
0,22,528,95489,0.05,0.001,46310,4,0.5
96583980,52,168,173511,0.15,0.001,85931,7,0.3
24660283,53,156,140908,0.15,0.001,88932,9,0.5
968815,36,360,33724,0.15,0.001,25800,7,0.5
75688379,53,156,252027,0.15,0.004,158445,8,0.3
29942677,53,156,168694,0.15,0.004,101386,8,0.3
11788676,41,300,102805,0.15,0.004,65403,7,0.7
125039765,54,144,194214,0.05,0.001,100492,5,0.3
13672018,55,132,103029,0.05,0.001,64289,4,0.3
22030325,37,348,300000,0.05,0.001,203956,4,0.7
11380299,45,252,165456,0.15,0.001,99193,6,0.5
30838463,55,132,90034,0.05,0.001,55342,5,0.3
768490,33,396,67830,0.15,0.001,33502,8,0.5
2236237,31,420,74792,0.15,0.004,52374,9,0.5
89165,23,516,56527,0.15,0.004,30588,7,0.5
6169523,30,432,300000,0.3,0.008,169990,8,0.5
29392070,56,120,85134,0.15,0.004,43798,8,0.3
38051459,58,96,102488,0.15,0.004,68646,8,0.3
1356252,35,372,51280,0.15,0.004,35026,8,0.5
107900626,58,96,206132,0.05,0.001,106941,5,0.3
18280831,48,216,146066,0.05,0.001,78439,6,0.3
1447606,36,360,55314,0.15,0.004,37014,8,0.5
36797927,51,180,108818,0.3,0.008,52483,10,0.3
1413097,32,408,95370,0.05,0.001,60998,5,0.5
8400340,42,288,68896,0.15,0.004,41036,7,0.5
3065245,53,156,42929,0.15,0.004,36507,6,0.3
17379624,54,144,94034,0.15,0.001,56352,7,0.5
15457615,56,120,98123,0.05,0.001,63321,5,0.3
6937944,48,216,52016,0.3,0.008,28173,9,0.5
38896955,48,216,153070,0.05,0.001,69390,5,0.7
1685909,30,432,100874,0.15,0.004,65565,9,0.5
1214192,28,456,71326,0.15,0.001,42742,6,0.7
575350,24,504,300000,0.3,0.008,121265,8,0.7
1507876,52,168,25291,0.15,0.004,20985,9,0.3
359919,44,264,34064,0.3,0.008,33567,8,0.7
15508688,46,240,95105,0.05,0.001,59520,4,0.7
5540853,36,360,79509,0.15,0.004,54218,7,0.5
4715845,59,84,47235,0.05,0.001,35069,4,0.3
335220,30,432,41356,0.15,0.004,34003,7,0.7
5313025,41,300,67007,0.15,0.004,37615,7,0.7
21017695,42,288,125587,0.05,0.001,63627,5,0.5
77242,34,384,29960,0.3,0.004,29648,15,0.5
3313006,35,372,54343,0.15,0.004,32137,7,0.3
3302421,37,348,89522,0.15,0.004,66105,7,0.7
0,22,528,25574,0.15,0.004,26795,6,0.3
500579,27,468,63031,0.05,0.001,49019,6,0.7
7886883,38,336,117003,0.05,0.001,82158,7,0.5
14458248,42,288,300000,0.05,0.001,140042,5,0.5
429784,29,444,60268,0.3,0.008,44176,22,0.5
10790270,53,156,61682,0.15,0.004,36521,7,0.5
29512779,58,96,174690,0.05,0.001,112644,6,0.3
2135546,35,372,110016,0.15,0.004,75256,8,0.3
25704800,56,120,67962,0.05,0.001,49905,4,0.3
11759413,53,156,66671,0.15,0.001,44324,9,0.3
301338,25,492,65564,0.05,0.001,48790,6,0.7
23526819,54,144,86093,0.15,0.001,52339,8,0.5
665008,33,396,81697,0.15,0.004,71777,9,0.7
0,22,528,102978,0.05,0.001,76816,6,0.7
2751861,27,468,300000,0.3,0.004,148034,11,0.7
119361900,58,96,300000,0.05,0.001,154575,4,0.5
21922588,42,288,274411,0.05,0.001,177246,5,0.5
502089,36,360,36010,0.3,0.008,28481,18,0.5
72896670,54,144,210121,0.15,0.004,79718,8,0.3
1270754,30,432,50322,0.15,0.001,30005,8,0.7
3707154,58,96,68523,0.3,0.008,50270,12,0.3
9496448,39,324,66261,0.15,0.004,37439,8,0.3
8639950,32,408,97055,0.15,0.001,62425,8,0.7
113425662,57,108,260499,0.05,0.001,158562,4,0.3
76982,35,372,36315,0.15,0.004,34296,7,0.3
81083979,53,156,300000,0.15,0.001,134280,9,0.3
511036,26,480,107784,0.15,0.004,70424,6,0.7
135705,41,300,20000,0.15,0.004,18364,9,0.7
32236875,50,192,97610,0.3,0.004,50053,10,0.3
27833761,50,192,86450,0.15,0.004,60349,7,0.5
11560751,49,204,82928,0.05,0.001,53592,4,0.5
294317,28,456,51732,0.05,0.001,39242,4,0.3
24087688,52,168,206547,0.15,0.004,127200,7,0.5
1218862,32,408,81661,0.15,0.001,58007,8,0.7
5273876,46,240,57960,0.05,0.001,45367,7,0.5
115199,38,336,35004,0.15,0.004,33119,9,0.7
40018011,49,204,123777,0.05,0.001,63355,5,0.5
56308399,44,264,256808,0.05,0.001,130490,7,0.7
73666,29,444,23861,0.15,0.004,23588,7,0.5
10696719,58,96,44719,0.15,0.004,35187,6,0.3
17360805,53,156,120007,0.15,0.004,85782,6,0.5
223841,42,288,49477,0.3,0.008,45454,8,0.7
3529922,50,192,58563,0.3,0.004,29441,13,0.5
2895413,30,432,156310,0.05,0.001,55210,6,0.7
865546,35,372,51623,0.15,0.001,30367,9,0.5
267837,29,444,24122,0.15,0.004,20061,6,0.3
40908774,51,180,125465,0.05,0.001,63805,4,0.5
10906037,45,252,63970,0.15,0.004,39249,7,0.5
700075,28,456,88014,0.05,0.001,44682,7,0.7
8636629,38,336,131405,0.15,0.001,86366,7,0.5
124861,26,480,48127,0.3,0.004,35854,12,0.7
44088,27,468,21327,0.3,0.004,24527,19,0.3
113331820,53,156,176511,0.05,0.001,77623,6,0.5
1419291,28,456,69117,0.15,0.001,45975,7,0.5
6695827,42,288,56807,0.15,0.001,32953,7,0.5
3003536,41,300,60643,0.3,0.008,30656,22,0.5
2774305,52,168,51324,0.15,0.004,37353,8,0.5
113476203,57,108,227502,0.05,0.001,155727,6,0.5
8320623,43,276,104361,0.15,0.004,49827,6,0.7
8036719,52,168,73192,0.15,0.001,44458,6,0.3
48321191,39,324,191763,0.05,0.001,115001,7,0.3
11154368,37,348,133769,0.15,0.004,56305,7,0.5
11439802,56,120,107772,0.15,0.001,91615,7,0.3
24158443,55,132,118186,0.05,0.001,82327,5,0.5
17972543,51,180,73080,0.3,0.008,44367,9,0.3
962010,24,504,300000,0.05,0.001,138437,7,0.7
11070130,34,384,300000,0.15,0.001,151899,9,0.7
706315,37,348,21346,0.15,0.001,14510,9,0.7
17918470,50,192,76681,0.3,0.004,43289,16,0.5
4094301,39,324,52197,0.05,0.001,34117,5,0.5
1684843,46,240,44229,0.15,0.004,39122,8,0.5
4217971,49,204,84791,0.05,0.001,56013,5,0.3
34312,24,504,29411,0.3,0.004,22227,17,0.3
124505105,57,108,221912,0.15,0.004,89705,7,0.5
154303279,57,108,145554,0.15,0.004,64399,9,0.3
13673169,45,252,57706,0.15,0.004,33622,6,0.3
3130704,47,228,59576,0.15,0.001,37016,7,0.5
6190806,37,348,147321,0.05,0.001,103015,4,0.5
7228410,32,408,111423,0.05,0.001,62525,6,0.7
1197013,31,420,64905,0.05,0.001,41981,4,0.7
1023502,31,420,55906,0.15,0.004,33065,8,0.7
5152018,32,408,105435,0.15,0.004,58673,8,0.5
7878417,40,312,108452,0.05,0.001,70448,4,0.5
3652269,31,420,68344,0.15,0.004,32936,9,0.7
2017694,29,444,62841,0.05,0.001,37041,5,0.5
144031,25,492,52341,0.15,0.001,33673,7,0.7
19349,24,504,31039,0.15,0.001,22906,8,0.7
373365,33,396,47483,0.15,0.004,39204,9,0.5
8887294,55,132,132195,0.05,0.001,95965,4,0.5
17111912,49,204,86479,0.3,0.008,48230,13,0.5
6743857,38,336,75170,0.05,0.001,38559,6,0.5
22117570,49,204,65555,0.05,0.001,42524,7,0.3
663313,27,468,67647,0.05,0.001,35488,7,0.7
19975498,44,264,115084,0.15,0.004,72386,6,0.3
17336084,41,300,219395,0.05,0.001,120571,6,0.7
2943832,39,324,74817,0.3,0.008,55134,15,0.3
7619508,34,384,67795,0.05,0.001,41996,7,0.5
1954,23,516,30247,0.15,0.004,28190,6,0.5
3454793,39,324,81688,0.15,0.001,43460,8,0.5
138607,29,444,42357,0.15,0.004,38524,9,0.5
10455157,37,348,139686,0.15,0.004,59118,6,0.5
85441988,52,168,90680,0.05,0.001,50861,4,0.5
70420324,51,180,145112,0.05,0.001,67881,6,0.3
1414280,33,396,75158,0.05,0.001,51518,5,0.7
13108073,52,168,88787,0.15,0.001,63362,8,0.5
2157288,50,192,39893,0.15,0.004,33563,6,0.5
220953,25,492,56555,0.3,0.008,41248,15,0.3
1514027,32,408,59861,0.05,0.001,40857,6,0.7
3290013,44,264,117825,0.05,0.001,94230,4,0.5
5368233,47,228,64600,0.15,0.004,48097,8,0.5
2356476,28,456,106607,0.05,0.001,66270,5,0.5
8384213,52,168,59591,0.15,0.004,33602,9,0.3
243011,28,456,26730,0.15,0.004,22670,9,0.5
2886182,57,108,43299,0.05,0.001,44519,7,0.3
19135086,31,420,285574,0.05,0.001,146037,5,0.5
4357067,49,204,119795,0.15,0.001,87633,8,0.5
2356775,47,228,37659,0.3,0.008,30316,15,0.7
11428533,46,240,95309,0.15,0.001,56598,6,0.5
279420,27,468,43038,0.15,0.001,35147,8,0.7
60637408,56,120,138392,0.05,0.001,73150,5,0.5
3608497,36,360,64954,0.05,0.001,39723,6,0.3
1115267,55,132,40701,0.3,0.004,37951,12,0.3
20012,23,516,35084,0.3,0.004,27963,8,0.5
1241187,36,360,65164,0.3,0.008,38314,22,0.5
2434957,44,264,49538,0.15,0.004,43371,9,0.5
45762870,46,240,141937,0.15,0.001,74449,7,0.3
10623,23,516,37946,0.15,0.001,27996,7,0.7
1820916,50,192,44470,0.05,0.001,31485,7,0.7
5678424,39,324,112317,0.05,0.001,65407,6,0.5
22636,26,480,41590,0.3,0.004,41481,20,0.5
21814122,42,288,77355,0.05,0.001,47037,7,0.7
112737485,54,144,118138,0.05,0.001,62479,6,0.3
18205396,42,288,174552,0.05,0.001,105108,7,0.3
4562743,56,120,26476,0.15,0.001,19676,8,0.5
1616670,36,360,60974,0.05,0.001,35215,5,0.5
2246660,47,228,41319,0.15,0.004,34608,7,0.5
5276382,49,204,52269,0.15,0.001,36691,8,0.3
215223,32,408,25824,0.05,0.001,21872,6,0.3
31861079,58,96,51919,0.15,0.001,35141,9,0.3
2335260,48,216,59524,0.15,0.004,37795,8,0.7
5400482,47,228,102737,0.15,0.004,70370,6,0.5
397910,25,492,47457,0.15,0.004,36249,6,0.5
1248755,30,432,117494,0.05,0.001,82564,5,0.7
3021931,40,312,51999,0.3,0.004,31686,15,0.5
6230623,53,156,126480,0.05,0.001,112411,6,0.5
4293758,29,444,181111,0.05,0.001,100125,5,0.7
146988975,54,144,254276,0.05,0.001,145553,5,0.3
21577808,38,336,193495,0.05,0.001,92235,7,0.5
1257765,51,180,43340,0.15,0.001,38143,6,0.3
102518228,52,168,237161,0.05,0.001,105676,6,0.5
2277164,35,372,78872,0.15,0.004,53179,6,0.7
0,22,528,106422,0.05,0.001,75244,7,0.3
39177490,43,276,300000,0.15,0.004,104910,9,0.5
277094,36,360,39628,0.15,0.004,35972,7,0.5
35165590,35,372,284007,0.05,0.001,160667,4,0.3
4319135,48,216,96570,0.3,0.004,52941,8,0.5
963076,37,348,55948,0.15,0.004,38810,8,0.5
933236,33,396,56573,0.3,0.004,37782,19,0.5
12642100,49,204,102454,0.15,0.001,67892,8,0.5
2858770,56,120,41092,0.3,0.008,34157,15,0.3
9187518,47,228,70549,0.15,0.004,43020,8,0.5
2062057,27,468,194427,0.05,0.001,110506,7,0.7
109807976,56,120,300000,0.05,0.001,142526,4,0.3
170140602,55,132,300000,0.05,0.001,151045,7,0.3
117593,29,444,40391,0.15,0.001,30856,6,0.7
5706200,45,252,109023,0.05,0.001,76295,4,0.5
82823901,59,84,300000,0.05,0.001,118759,6,0.3
2350032,38,336,75427,0.15,0.004,47507,6,0.7
11818715,38,336,300000,0.05,0.001,145671,5,0.5
7754,23,516,26716,0.15,0.001,19701,6,0.3
135592180,58,96,300000,0.15,0.004,138133,8,0.3
102859,23,516,73267,0.05,0.001,50633,5,0.5
22149798,57,108,116843,0.15,0.004,71054,7,0.3
8517,24,504,34634,0.05,0.001,36350,7,0.5
6639092,48,216,45202,0.15,0.004,37794,6,0.3
5726012,39,324,164883,0.05,0.001,115574,5,0.7
7753864,58,96,73123,0.15,0.001,57695,6,0.3
1095484,39,324,65717,0.15,0.004,58193,9,0.3
25376498,59,84,56420,0.15,0.004,35622,8,0.3
1992010,44,264,29583,0.3,0.008,25185,12,0.5
171209,32,408,42642,0.15,0.004,44057,9,0.5
7421591,38,336,61863,0.15,0.004,37885,6,0.7
264021,31,420,20000,0.15,0.001,13843,8,0.5
6439529,59,84,58634,0.15,0.004,34382,7,0.3
7588414,44,264,51754,0.15,0.001,30661,6,0.7
2775869,33,396,54666,0.3,0.004,29090,23,0.5
5869296,36,360,119499,0.15,0.004,77101,7,0.3
32557361,50,192,126323,0.15,0.004,72518,8,0.5
3751688,46,240,67466,0.05,0.001,52237,6,0.5
11097443,38,336,80480,0.05,0.001,40214,6,0.3
9408303,43,276,83314,0.15,0.004,58165,8,0.3
1028047,44,264,34537,0.3,0.004,27244,13,0.3
6137757,42,288,84291,0.15,0.004,50174,8,0.3
964846,36,360,50751,0.05,0.001,44069,5,0.3
31601010,51,180,139685,0.15,0.004,92231,6,0.3
15206,25,492,32581,0.15,0.004,31812,7,0.5
1734487,33,396,51659,0.05,0.001,28542,5,0.5
0,22,528,28730,0.15,0.004,22766,6,0.5
4911758,39,324,58324,0.15,0.004,37431,6,0.5
5284905,33,396,119426,0.15,0.004,69909,7,0.7
225225,24,504,101149,0.05,0.001,56617,5,0.7
5692521,41,300,83699,0.15,0.004,56285,9,0.5
36655805,47,228,241494,0.15,0.004,140506,6,0.5
9170685,54,144,42830,0.15,0.001,30663,9,0.5
48454283,59,84,84009,0.15,0.004,57146,9,0.5
74837,33,396,30642,0.15,0.004,25504,9,0.5
496255,32,408,65679,0.15,0.004,51785,8,0.5
2085653,47,228,44773,0.3,0.008,40195,10,0.5
2431028,42,288,71008,0.3,0.004,43192,14,0.7
638132,35,372,51835,0.15,0.001,35993,8,0.3
177176,23,516,107086,0.15,0.001,74089,6,0.7
1059132,25,492,104966,0.05,0.001,62316,6,0.7
746303,28,456,60112,0.05,0.001,41296,6,0.7
12914641,55,132,100231,0.15,0.004,60456,7,0.5
83120,29,444,43055,0.3,0.008,36907,10,0.7
1068687,35,372,64082,0.3,0.008,33809,10,0.5
7071027,42,288,82078,0.15,0.004,60275,7,0.7
1457505,30,432,76691,0.15,0.001,45813,6,0.7
162166,37,348,40557,0.3,0.004,37882,20,0.3
719111,24,504,300000,0.15,0.001,139276,6,0.7
23437886,49,204,132728,0.05,0.001,58038,6,0.3
25224017,49,204,202250,0.05,0.001,103823,5,0.5
6660214,37,348,62039,0.15,0.004,28352,9,0.7
1389270,28,456,109365,0.05,0.001,67135,5,0.5
71566449,54,144,183316,0.05,0.001,91719,4,0.5
10382826,35,372,124054,0.05,0.001,57910,4,0.5
3051119,32,408,92753,0.15,0.001,50185,9,0.7
1177377,39,324,41486,0.3,0.008,33146,18,0.5
858766,33,396,58344,0.15,0.001,36540,7,0.7
2095152,54,144,28803,0.15,0.001,23525,6,0.3
3939318,26,480,300000,0.15,0.004,125343,6,0.7
176579652,53,156,300000,0.05,0.001,107459,6,0.3
31361948,42,288,300000,0.05,0.001,128408,6,0.5
1663629,25,492,127266,0.05,0.001,64330,7,0.5
122123398,51,180,300000,0.05,0.001,158242,4,0.5
7261271,46,240,80397,0.3,0.008,59722,20,0.3
40477551,55,132,139736,0.15,0.001,80955,7,0.5
2930114,59,84,59580,0.15,0.001,44170,9,0.3
156252247,58,96,300000,0.15,0.004,183072,7,0.3
515026,31,420,28762,0.15,0.004,24781,8,0.5
25525165,58,96,75266,0.15,0.001,49615,9,0.3
318049,28,456,49715,0.05,0.001,37226,7,0.5
1657221,30,432,105978,0.05,0.001,77492,6,0.5
7102046,41,300,54583,0.05,0.001,32600,6,0.5
21623929,51,180,157380,0.05,0.001,68586,5,0.3
1584064,39,324,48679,0.3,0.008,39415,10,0.5
970548,40,312,60198,0.3,0.008,38823,18,0.5
1017339,48,216,52040,0.3,0.008,34198,14,0.5
19555480,41,300,300000,0.15,0.001,160198,9,0.5
6518453,36,360,181568,0.05,0.001,93877,4,0.5
22366950,49,204,172133,0.05,0.001,78697,7,0.5
7409502,42,288,88918,0.3,0.004,57648,13,0.5
2248233,43,276,113137,0.05,0.001,79208,7,0.7
275986,25,492,64128,0.05,0.001,39046,6,0.7
22165347,53,156,76616,0.3,0.004,49648,12,0.3
3041854,49,204,53300,0.15,0.004,40329,7,0.5
2257437,41,300,94892,0.15,0.004,51709,9,0.5
9541331,38,336,150590,0.05,0.001,70788,6,0.3
3516380,47,228,31020,0.15,0.004,23418,9,0.7
305586,36,360,44356,0.15,0.004,40092,7,0.5
723003,31,420,45452,0.15,0.001,34163,6,0.7
3866000,34,384,59278,0.15,0.004,36151,7,0.7
46678755,53,156,169160,0.05,0.001,80546,7,0.3
62897911,48,216,184609,0.05,0.001,91655,5,0.5
35423856,53,156,246824,0.05,0.001,148347,5,0.3
5457109,41,300,61662,0.05,0.001,34317,5,0.7
46011,23,516,68751,0.15,0.004,50346,8,0.3
125365406,56,120,242134,0.05,0.001,159599,6,0.5
43924781,53,156,243252,0.05,0.001,139868,5,0.3
8392162,46,240,110749,0.15,0.004,78192,8,0.5
27341431,53,156,115167,0.3,0.008,76125,17,0.3
9218242,34,384,196173,0.05,0.001,82889,4,0.7
24633638,53,156,103553,0.15,0.001,73498,9,0.3
16841200,45,252,52475,0.05,0.001,30470,7,0.7
2341682,32,408,60078,0.05,0.001,29773,5,0.5
3486851,28,456,104911,0.05,0.001,56847,5,0.7
1754662,47,228,67378,0.05,0.001,53427,7,0.3
26195729,59,84,76127,0.05,0.001,48406,5,0.3
27528,23,516,35208,0.3,0.004,28044,22,0.5
122075811,57,108,300000,0.05,0.001,127189,7,0.3
7553313,40,312,110725,0.05,0.001,70868,5,0.5
23421,24,504,40317,0.3,0.004,29495,19,0.7
2281080,39,324,64645,0.05,0.001,55385,6,0.3
34254591,55,132,300000,0.3,0.008,208461,20,0.5
256688,31,420,46849,0.15,0.004,41866,8,0.7
469269,26,480,51884,0.05,0.001,40725,5,0.3
2593710,43,276,80049,0.15,0.004,48801,6,0.5
407721,32,408,32279,0.3,0.008,24342,20,0.3
12429547,49,204,114006,0.15,0.004,74484,6,0.3
18252584,53,156,239711,0.05,0.001,170482,4,0.3
3388531,42,288,63537,0.15,0.004,47924,9,0.7
78545,26,480,36250,0.15,0.001,30601,9,0.5
0,22,528,51229,0.15,0.004,37719,7,0.7
9988028,50,192,72851,0.15,0.001,37693,9,0.7
3305223,47,228,56975,0.05,0.001,42461,4,0.3
469513,28,456,53082,0.05,0.001,27523,6,0.3
256139,30,432,47860,0.15,0.001,44970,6,0.3
420854,31,420,30026,0.15,0.001,25694,8,0.7
1185023,50,192,35330,0.15,0.001,31349,8,0.5
458955,32,408,31372,0.05,0.001,25604,7,0.5
7505502,59,84,70323,0.15,0.001,45766,6,0.3
8208659,56,120,88337,0.3,0.008,54617,21,0.5
24221049,41,300,300000,0.15,0.004,145161,7,0.3
81535047,51,180,300000,0.05,0.001,200038,5,0.3
22922,23,516,46814,0.15,0.004,44273,6,0.3
8766393,44,264,58516,0.15,0.004,37266,9,0.7
17550354,44,264,84721,0.15,0.001,46630,9,0.7
4682384,38,336,116359,0.05,0.001,83150,4,0.7
19585155,41,300,169543,0.05,0.001,116734,5,0.5
2043552,29,444,124075,0.15,0.001,64349,6,0.5
2311000,33,396,82172,0.15,0.001,52991,9,0.7
10662279,52,168,97964,0.15,0.004,70207,8,0.5
7763421,36,360,74607,0.3,0.004,42695,14,0.5
3650758,41,300,106527,0.05,0.001,87221,5,0.5
1683609,31,420,74237,0.05,0.001,49254,4,0.7
176701,34,384,30538,0.15,0.004,27844,6,0.5
24833672,44,264,300000,0.05,0.001,129022,6,0.3
1231137,28,456,85635,0.05,0.001,65958,7,0.7
5315058,38,336,120219,0.05,0.001,66181,5,0.5
6660520,54,144,59760,0.3,0.004,38568,20,0.3
28379508,53,156,97455,0.15,0.001,57417,7,0.3
400702,39,324,40431,0.15,0.004,36179,9,0.3
111512348,55,132,163018,0.05,0.001,70688,5,0.3
37741746,50,192,282242,0.05,0.001,165620,7,0.5
42454982,57,108,140861,0.15,0.004,77287,9,0.5
3619128,29,444,105766,0.15,0.004,56091,6,0.5
6118,24,504,34885,0.15,0.001,33858,9,0.3
702098,30,432,68020,0.15,0.001,52724,9,0.7
10882587,38,336,120198,0.05,0.001,67367,4,0.5
1158665,33,396,42028,0.15,0.001,32925,7,0.5
13024598,43,276,125880,0.15,0.004,75090,7,0.3
17290128,43,276,131105,0.05,0.001,74884,6,0.7
1036662,26,480,85606,0.15,0.004,57191,8,0.5
90375,33,396,24658,0.3,0.008,22506,15,0.3
18471,24,504,46152,0.15,0.001,46218,6,0.3
411389,25,492,53774,0.15,0.001,35161,7,0.7
4076787,45,252,110170,0.3,0.004,75409,19,0.5
20525418,56,120,64668,0.05,0.001,41661,7,0.5
9944770,51,180,47302,0.15,0.004,34832,7,0.3
876248,25,492,128359,0.05,0.001,79732,4,0.7
15312760,49,204,139466,0.05,0.001,92182,6,0.5
19922305,35,372,300000,0.15,0.004,130725,7,0.3
1372850,36,360,41816,0.3,0.004,28376,16,0.3
134244,28,456,29535,0.15,0.004,23666,9,0.5
3662772,36,360,71161,0.15,0.001,35814,9,0.7
72557,30,432,20000,0.15,0.004,19120,7,0.7
13287542,53,156,87963,0.15,0.004,52916,7,0.3
17544969,58,96,107652,0.15,0.001,71627,9,0.5
7979547,52,168,100845,0.15,0.004,70128,9,0.5
1403958,24,504,300000,0.05,0.001,127341,4,0.5
3038733,53,156,60948,0.3,0.004,39034,22,0.5
1200405,37,348,51905,0.3,0.004,40803,11,0.5
2561590,48,216,84378,0.15,0.004,48264,8,0.5
3654227,42,288,67919,0.05,0.001,42012,6,0.3
270944,30,432,38176,0.3,0.008,30920,14,0.7
1182251,38,336,33024,0.3,0.004,23283,10,0.3
38461,25,492,40784,0.05,0.001,38082,6,0.5
1158469,37,348,60361,0.15,0.001,43270,8,0.5
878272,43,276,29812,0.05,0.001,25015,5,0.3
109700112,55,132,300000,0.05,0.001,176629,5,0.3
2998809,29,444,91434,0.05,0.001,47874,7,0.7
31999619,44,264,300000,0.05,0.001,179601,5,0.5
0,22,528,156711,0.15,0.004,69683,7,0.5
313934,44,264,39122,0.15,0.001,37543,7,0.5
30794,23,516,72127,0.05,0.001,47982,5,0.5
24204,25,492,23524,0.3,0.004,19548,13,0.7
8686156,57,108,65403,0.3,0.004,39585,8,0.3
9293664,48,216,76120,0.05,0.001,44763,5,0.5
3935829,35,372,111517,0.05,0.001,76341,6,0.5
1964024,35,372,64538,0.15,0.001,39306,8,0.7
4578769,44,264,55972,0.15,0.004,37698,7,0.5
1620961,25,492,141259,0.05,0.001,54233,7,0.7
6554587,36,360,123934,0.15,0.004,72019,9,0.3
21982850,38,336,196910,0.05,0.001,97582,7,0.5
4514268,58,96,92174,0.15,0.001,67263,9,0.5
17031693,49,204,85741,0.15,0.001,61294,9,0.5
101750972,44,264,300000,0.3,0.008,137749,16,0.3
40490157,56,120,169660,0.05,0.001,121390,5,0.3
53786,24,504,62388,0.3,0.008,48028,21,0.7
130845,27,468,30299,0.15,0.001,25253,8,0.3
3086664,26,480,135393,0.05,0.001,55053,5,0.7
0,22,528,84062,0.15,0.001,72344,9,0.3
591729,38,336,40272,0.15,0.004,33448,7,0.7
641611,31,420,66328,0.3,0.004,44182,13,0.5
3415516,33,396,84635,0.05,0.001,63487,5,0.7
6171,23,516,37103,0.15,0.004,29649,7,0.3
14625502,49,204,107548,0.15,0.001,53036,6,0.3
23205749,44,264,171067,0.05,0.001,76809,5,0.5
7479766,59,84,58738,0.15,0.001,35910,9,0.3
6155,23,516,34115,0.3,0.008,29602,15,0.5
1539811,37,348,59881,0.3,0.008,46250,19,0.7
4767528,40,312,61086,0.05,0.001,39483,7,0.5
595141,27,468,59189,0.15,0.004,34604,9,0.5
4295660,46,240,112933,0.15,0.004,68991,8,0.3
15771,23,516,76054,0.05,0.001,61480,7,0.3
2437366,59,84,82688,0.15,0.004,73974,8,0.3
1679977,35,372,73195,0.15,0.001,53496,7,0.5
34673208,56,120,183773,0.15,0.001,126743,6,0.3
8030117,59,84,64762,0.15,0.004,35647,6,0.3
1147244,46,240,41527,0.15,0.004,37065,9,0.3
307941,27,468,59047,0.15,0.001,34985,8,0.5
0,22,528,49523,0.15,0.004,45653,8,0.5
215307,25,492,70920,0.15,0.004,50439,7,0.5
18234235,51,180,114469,0.15,0.001,60249,9,0.3
3987695,29,444,146911,0.05,0.001,65103,7,0.7
43174275,42,288,178422,0.05,0.001,88922,6,0.3
40719897,42,288,300000,0.05,0.001,189170,6,0.3
481679,37,348,45676,0.3,0.004,39384,12,0.5
6991939,36,360,84671,0.15,0.001,53278,9,0.5
232002,26,480,55529,0.05,0.001,41744,6,0.5
30708927,49,204,140499,0.15,0.004,96118,6,0.3
2041391,29,444,51725,0.15,0.001,30636,7,0.5
32594370,44,264,155039,0.05,0.001,72649,4,0.5
2107028,50,192,48892,0.15,0.001,39108,8,0.5
7279721,33,396,300000,0.15,0.004,211685,9,0.7
41774,23,516,62148,0.15,0.001,44265,6,0.3
9026164,32,408,300000,0.15,0.004,130091,6,0.5
6110859,36,360,85707,0.05,0.001,55996,7,0.5
210033,35,372,34315,0.15,0.004,31813,7,0.3
8555853,51,180,73300,0.15,0.001,49974,7,0.3
34493917,57,108,121093,0.15,0.004,60436,6,0.5
1050654,47,228,39068,0.15,0.001,32469,8,0.5
331267,39,324,41943,0.3,0.004,36947,19,0.7
11212357,55,132,72344,0.05,0.001,51824,4,0.3
19076791,57,108,108437,0.05,0.001,65097,6,0.5
8906021,46,240,63618,0.05,0.001,32972,4,0.5
237787,25,492,72227,0.15,0.004,37012,7,0.5
13063339,41,300,176035,0.05,0.001,86680,7,0.5
15414941,45,252,172019,0.05,0.001,79868,4,0.5
54871770,58,96,82557,0.15,0.004,56298,9,0.3
305006,36,360,30395,0.15,0.001,22153,9,0.5
2013312,36,360,62320,0.15,0.001,50413,7,0.3
19016537,53,156,146014,0.15,0.004,77981,8,0.5
24887676,55,132,173281,0.05,0.001,87769,6,0.3
7084435,35,372,119695,0.05,0.001,60370,4,0.5
2244803,39,324,76120,0.15,0.004,58441,6,0.5
6851053,57,108,54840,0.05,0.001,40079,5,0.5
15835339,49,204,54911,0.15,0.001,37105,8,0.5
9444343,57,108,59556,0.15,0.004,39146,8,0.3
7168820,43,276,104696,0.05,0.001,74795,7,0.3
9519915,46,240,169430,0.15,0.004,113448,9,0.5
20148501,50,192,129173,0.05,0.001,63579,4,0.3
13795372,51,180,70718,0.15,0.004,48131,6,0.3
12947233,49,204,88758,0.3,0.004,58762,18,0.5
8949260,33,396,300000,0.15,0.001,147243,9,0.7
21513928,47,228,300000,0.15,0.001,112430,6,0.3
137434,26,480,34592,0.3,0.008,24176,17,0.5
5718142,59,84,106628,0.05,0.001,77512,4,0.3
1780664,34,384,67728,0.15,0.004,35211,8,0.7
8441768,55,132,69247,0.3,0.008,49302,22,0.3
15951339,44,264,175846,0.05,0.001,89933,7,0.5
3079616,39,324,62173,0.15,0.001,36281,9,0.5
7993602,51,180,50059,0.15,0.004,31953,6,0.3
11575215,44,264,129977,0.05,0.001,55988,7,0.3
15024263,40,312,84743,0.15,0.001,45025,8,0.5
28574178,42,288,257635,0.05,0.001,142966,6,0.5
728902,31,420,27377,0.15,0.001,20666,7,0.7
123191747,43,276,252364,0.05,0.001,131253,5,0.3
239024,29,444,37715,0.15,0.004,34330,9,0.3
103280555,58,96,152761,0.05,0.001,93381,7,0.3
9338,23,516,48067,0.15,0.001,42843,9,0.5
192840,33,396,48936,0.15,0.001,45400,7,0.5
125792,30,432,31446,0.3,0.008,28823,10,0.7
123133186,54,144,300000,0.05,0.001,130467,5,0.3
729299,25,492,87159,0.05,0.001,52203,6,0.5
1861711,32,408,58420,0.3,0.004,36713,14,0.7
257060,26,480,57195,0.3,0.008,34080,23,0.3
22630989,58,96,136745,0.05,0.001,76439,4,0.5
3713343,38,336,60707,0.15,0.001,41855,8,0.3
13818218,57,108,61221,0.3,0.008,33172,21,0.3
1825598,36,360,77432,0.05,0.001,55623,4,0.3
418454,34,384,36987,0.15,0.004,31786,8,0.5
5086524,34,384,62296,0.3,0.004,33135,8,0.7
3351604,41,300,50247,0.05,0.001,25455,5,0.5
3363993,44,264,84493,0.15,0.004,54488,9,0.5
309350,32,408,22457,0.3,0.004,16860,21,0.3
2861631,28,456,300000,0.15,0.004,118261,6,0.7
6605817,43,276,83488,0.15,0.001,49990,6,0.7
11997587,49,204,194085,0.15,0.004,112280,7,0.3
4846414,51,180,52065,0.15,0.004,42788,9,0.3
605190,27,468,51568,0.15,0.004,38029,6,0.7
105412805,48,216,184484,0.15,0.001,109300,7,0.5
11772443,51,180,107985,0.05,0.001,60230,6,0.3
5252240,29,444,173873,0.05,0.001,62470,4,0.5
347149,35,372,44558,0.05,0.001,37489,6,0.3
5317993,43,276,85692,0.15,0.001,53162,7,0.3
37332241,54,144,138259,0.3,0.004,54571,16,0.3
153806,27,468,20000,0.15,0.004,16735,6,0.5
7027059,47,228,95633,0.3,0.004,57133,19,0.5
17826,24,504,39181,0.05,0.001,39421,7,0.7
27910,26,480,42269,0.3,0.004,41703,15,0.5
7516402,31,420,205736,0.05,0.001,87623,4,0.7
19402076,56,120,110996,0.15,0.001,70526,7,0.5
15692907,40,312,146122,0.05,0.001,64154,7,0.7
1178665,29,444,63738,0.05,0.001,41596,4,0.5
1940600,41,300,40593,0.15,0.001,29259,9,0.3
557210,34,384,23732,0.15,0.001,20971,7,0.5
14552510,45,252,81822,0.05,0.001,50619,4,0.5
5462243,31,420,207539,0.05,0.001,124578,6,0.7
0,22,528,75711,0.05,0.001,56122,5,0.5
532195,28,456,30532,0.15,0.004,21925,6,0.5
369190,29,444,81365,0.3,0.004,67168,20,0.5
610192,48,216,48521,0.15,0.001,45681,8,0.7
158167,25,492,53308,0.05,0.001,35736,4,0.7
3998396,33,396,99376,0.15,0.001,53589,6,0.7
0,22,528,47744,0.15,0.004,41821,8,0.7
194065,37,348,20000,0.3,0.004,16811,8,0.5
3011729,45,252,50075,0.15,0.001,27691,6,0.3
37072902,56,120,124878,0.05,0.001,67387,6,0.3
4806823,41,300,111944,0.05,0.001,72377,6,0.7
5342866,57,108,50272,0.15,0.004,38805,8,0.3
1822591,28,456,153237,0.15,0.001,87067,9,0.7
327328,34,384,33221,0.15,0.004,26182,6,0.3
4543301,40,312,39623,0.3,0.004,30729,11,0.3
0,22,528,300000,0.05,0.001,145097,4,0.5
2354015,49,204,31157,0.3,0.008,24820,17,0.5
2506290,48,216,73802,0.15,0.001,54576,8,0.5
4040138,55,132,49219,0.15,0.004,33868,8,0.5
4391852,40,312,83165,0.3,0.004,49270,10,0.7
66817905,59,84,81565,0.15,0.004,50775,6,0.3
16291033,58,96,116918,0.15,0.004,66156,6,0.3
100333528,52,168,300000,0.05,0.001,175654,7,0.3
481640,40,312,22714,0.3,0.008,16966,8,0.7
0,22,528,36430,0.05,0.001,33827,5,0.5
20470819,43,276,213074,0.05,0.001,91357,5,0.5
270893,28,456,70821,0.05,0.001,49014,4,0.3
827709,32,408,44723,0.05,0.001,33820,4,0.7
29259934,45,252,192777,0.05,0.001,96554,7,0.5
801337,59,84,35794,0.3,0.008,34033,19,0.3
41288633,59,84,197256,0.05,0.001,97167,7,0.5
13840612,59,84,67623,0.3,0.008,51548,20,0.5
25318,27,468,20000,0.3,0.004,20951,9,0.3
1310010,25,492,300000,0.3,0.008,141449,22,0.5
27054275,57,108,120098,0.05,0.001,64176,7,0.5
2261151,38,336,93028,0.15,0.001,68975,7,0.7
4574474,36,360,73410,0.15,0.004,35471,6,0.5
4564124,34,384,159080,0.15,0.004,62221,7,0.7
4514479,41,300,90778,0.05,0.001,71304,5,0.3
302254,39,324,30822,0.3,0.008,29841,15,0.3
762049,33,396,102172,0.05,0.001,85705,5,0.7
159153945,53,156,197965,0.05,0.001,77316,5,0.3
4791389,33,396,168707,0.05,0.001,82519,7,0.5
933512,27,468,63821,0.15,0.001,38792,9,0.5
23345427,55,132,83047,0.3,0.004,61841,9,0.3
196565,25,492,41663,0.15,0.004,33167,9,0.3
285744,29,444,40293,0.3,0.004,31780,11,0.5
31666655,50,192,225858,0.05,0.001,97664,5,0.5
1997453,31,420,96914,0.15,0.004,69721,6,0.7
257539,36,360,48691,0.15,0.004,44909,7,0.7
69160,24,504,39389,0.3,0.008,28393,16,0.5
337333,27,468,65005,0.05,0.001,41081,4,0.5
0,22,528,137539,0.05,0.001,50893,4,0.7
67055880,41,300,300000,0.05,0.001,124030,5,0.5
5727027,27,468,174538,0.05,0.001,98106,4,0.7
40906851,54,144,165740,0.05,0.001,88504,4,0.5
30562785,54,144,119314,0.05,0.001,59237,4,0.5
1503254,33,396,56184,0.15,0.001,33753,9,0.5
348380,27,468,49594,0.05,0.001,43437,5,0.7
312629,36,360,43818,0.15,0.004,41089,8,0.5
13596834,48,216,145015,0.05,0.001,67320,7,0.3
106687002,57,108,245961,0.15,0.001,139941,8,0.3
26878911,54,144,157380,0.15,0.004,67818,8,0.5
23075381,55,132,51769,0.15,0.001,35444,6,0.3
32283117,58,96,216739,0.15,0.001,122222,9,0.3
5812,24,504,36080,0.15,0.004,33896,6,0.7
431996,32,408,32410,0.3,0.004,21676,21,0.3
232781,26,480,31975,0.15,0.004,25307,6,0.7
2947246,35,372,87680,0.05,0.001,54680,7,0.5
1943473,45,252,69652,0.3,0.008,43900,11,0.5
128443085,45,252,296882,0.05,0.001,139836,6,0.5
2302039,31,420,59655,0.15,0.001,29388,8,0.7
905891,45,252,35248,0.15,0.001,30016,9,0.3
72974140,58,96,185342,0.15,0.001,80630,7,0.5
20202352,41,300,81057,0.15,0.001,44903,8,0.3
157620830,53,156,300000,0.3,0.004,123653,23,0.3
3096149,49,204,34938,0.3,0.008,27459,10,0.7
19278015,37,348,300000,0.05,0.001,210449,7,0.5
1840980,29,444,96732,0.05,0.001,56005,5,0.7
2289578,42,288,54647,0.3,0.008,34177,17,0.3
42898264,42,288,154703,0.05,0.001,60223,7,0.5
126451,32,408,47173,0.3,0.004,45274,21,0.7
6435072,48,216,96724,0.15,0.001,60621,8,0.7
2899556,54,144,44658,0.3,0.004,30616,19,0.3
529085,55,132,42469,0.15,0.001,42724,8,0.5
30839240,35,372,279086,0.05,0.001,134773,7,0.7
1481769,36,360,73760,0.05,0.001,49378,6,0.5
1052095,39,324,43664,0.3,0.004,28186,8,0.3
696955,25,492,50166,0.05,0.001,29471,6,0.5
37007491,49,204,134041,0.05,0.001,57768,7,0.3
85188720,55,132,300000,0.05,0.001,173782,7,0.3
41471869,57,108,138485,0.15,0.004,81452,8,0.3
427183,30,432,47447,0.3,0.004,36099,14,0.5
20890424,57,108,74914,0.05,0.001,50511,5,0.5
1926258,35,372,55828,0.3,0.004,37480,15,0.5
1799741,31,420,55858,0.05,0.001,31709,5,0.7
836802,26,480,59523,0.15,0.001,41392,7,0.7
2770869,29,444,300000,0.15,0.004,152273,8,0.7
133895,32,408,27656,0.3,0.008,22678,19,0.5
42519,35,372,28759,0.3,0.008,28622,21,0.3
22628696,49,204,135347,0.15,0.001,59303,6,0.5
1421351,30,432,85109,0.15,0.001,58016,6,0.7
0,22,528,49669,0.05,0.001,42914,4,0.5
4374058,40,312,72249,0.05,0.001,42989,5,0.7
2410155,36,360,78837,0.15,0.004,55306,8,0.3
679961,41,300,39769,0.3,0.008,40528,14,0.7
25767778,58,96,108370,0.15,0.004,78519,7,0.3
803545,57,108,31743,0.15,0.004,36070,7,0.5
3279573,50,192,55581,0.15,0.004,44929,8,0.3
28178,25,492,41369,0.15,0.004,42362,7,0.5
110344,40,312,48317,0.15,0.001,47446,8,0.5
36592278,44,264,134453,0.05,0.001,51954,6,0.3
13491798,58,96,102570,0.15,0.004,68402,8,0.3
8276119,46,240,82515,0.15,0.004,56032,9,0.5
26968244,59,84,82635,0.15,0.001,53224,8,0.3
201269,51,180,22921,0.15,0.004,22074,8,0.3
1496816,43,276,49250,0.15,0.001,43607,7,0.5
6158726,37,348,112163,0.05,0.001,62508,4,0.7
59224460,57,108,50074,0.15,0.004,29191,8,0.3
10021103,48,216,62079,0.15,0.004,41462,8,0.3
30365423,52,168,158796,0.15,0.001,94277,6,0.5
1282941,59,84,41895,0.15,0.004,40010,9,0.3
21348602,51,180,143831,0.05,0.001,77802,4,0.5
2470161,36,360,88271,0.05,0.001,56030,4,0.3
6541783,57,108,51695,0.3,0.008,35595,21,0.3
466206,36,360,31510,0.15,0.004,27471,7,0.7
4305020,37,348,87961,0.05,0.001,60262,4,0.5
297762,42,288,39472,0.15,0.004,36893,8,0.3
10905621,56,120,53935,0.15,0.004,39916,7,0.3
10301102,59,84,51232,0.3,0.004,37550,9,0.3
140422,37,348,42126,0.15,0.004,41012,9,0.7
6469884,47,228,66460,0.15,0.004,40303,8,0.7
21079538,54,144,90447,0.15,0.001,49849,8,0.3
144633319,55,132,247227,0.05,0.001,144006,7,0.3
89045,26,480,42286,0.15,0.004,37928,9,0.5
3707460,40,312,76465,0.05,0.001,53865,5,0.3
4353757,56,120,51057,0.3,0.004,34925,23,0.3
13403753,52,168,152526,0.05,0.001,83359,5,0.5
40882477,59,84,183979,0.05,0.001,108340,5,0.3
310042,34,384,48818,0.3,0.004,56211,23,0.3
1211048,28,456,88175,0.05,0.001,60791,4,0.7
2344777,31,420,300000,0.15,0.004,187686,7,0.5
1279607,54,144,46914,0.15,0.004,40469,8,0.5
60473,33,396,31375,0.15,0.004,29648,8,0.3
5294907,44,264,77394,0.3,0.008,43818,9,0.5
148033,36,360,34988,0.3,0.004,33413,22,0.5
511505,25,492,89776,0.15,0.004,63940,9,0.7
186493,31,420,31865,0.3,0.004,28243,9,0.5
47056562,59,84,164048,0.05,0.001,67841,7,0.3
0,22,528,31706,0.3,0.008,22564,14,0.5
113357115,57,108,300000,0.3,0.008,201012,14,0.3
1298637,32,408,58812,0.05,0.001,34808,5,0.7
132018172,58,96,147784,0.05,0.001,107641,7,0.3
101107124,56,120,207124,0.05,0.001,127146,6,0.5
2477348,31,420,95686,0.05,0.001,53534,7,0.7
535114,36,360,31259,0.3,0.004,28448,14,0.7
28325407,57,108,156066,0.15,0.004,87661,7,0.5
19741319,45,252,112065,0.15,0.004,61416,7,0.7
6796643,45,252,77382,0.15,0.001,47461,8,0.5
7976443,45,252,200458,0.15,0.004,116391,7,0.7
2703279,26,480,300000,0.15,0.001,195256,7,0.7
516708,48,216,25114,0.15,0.001,22928,7,0.5
92526268,55,132,83576,0.3,0.008,57970,9,0.3
0,22,528,50604,0.3,0.008,35981,21,0.5
266104,34,384,42692,0.3,0.008,38346,14,0.7
2373370,49,204,45586,0.3,0.008,37122,16,0.3
8214417,51,180,63039,0.3,0.008,43686,20,0.5
286744,24,504,99982,0.05,0.001,59767,5,0.3
11624049,56,120,110984,0.3,0.008,78692,21,0.5
21474,24,504,22309,0.15,0.001,17407,9,0.5
13939329,54,144,63825,0.3,0.008,43367,16,0.5
1815115,55,132,42025,0.3,0.004,38469,11,0.5
1739466,56,120,46931,0.3,0.004,45073,10,0.3
11327507,48,216,100040,0.15,0.004,61520,7,0.5
748290,44,264,23227,0.15,0.004,17038,7,0.7
6984101,47,228,68593,0.15,0.001,46289,8,0.5
29066,25,492,40351,0.15,0.004,34904,6,0.3
91776,26,480,28487,0.3,0.004,25680,8,0.5
343915,28,456,40586,0.3,0.008,30234,23,0.3
883655,27,468,97073,0.05,0.001,61577,5,0.7
16699117,45,252,109593,0.05,0.001,56734,5,0.7
12071587,41,300,77125,0.05,0.001,48504,7,0.7
16461907,57,108,102576,0.15,0.004,77744,9,0.3
931242,36,360,36410,0.3,0.008,26565,9,0.5
240361,31,420,21931,0.15,0.004,15514,8,0.7
4972,23,516,20000,0.3,0.008,16513,17,0.7
1426836,53,156,45904,0.15,0.004,40290,7,0.5
503992,29,444,43405,0.3,0.004,32819,10,0.7
227676,30,432,22501,0.3,0.004,16549,11,0.5
36583774,41,300,300000,0.05,0.001,174037,7,0.5
907254,30,432,49029,0.15,0.001,39461,6,0.7
13821359,46,240,83853,0.15,0.004,61024,8,0.7
104186995,42,288,300000,0.05,0.001,183821,7,0.3
15464553,34,384,172518,0.05,0.001,106135,7,0.7
3241018,32,408,137000,0.05,0.001,87774,6,0.7
21032224,54,144,96490,0.05,0.001,56659,4,0.3
39287,26,480,32948,0.15,0.004,36044,9,0.5
3851619,48,216,65046,0.3,0.008,39679,10,0.3
569064,37,348,30554,0.3,0.004,23353,16,0.3
307946,37,348,49661,0.15,0.004,55885,7,0.5
22069593,52,168,71404,0.15,0.001,49264,7,0.5
2972562,56,120,36401,0.05,0.001,31094,5,0.3
2776999,33,396,69220,0.15,0.004,41364,9,0.7
31710916,49,204,69641,0.05,0.001,47162,7,0.3
254391,36,360,37555,0.15,0.001,39919,8,0.3
1018353,35,372,47666,0.3,0.004,39547,17,0.3
3749774,45,252,72929,0.15,0.001,62337,6,0.3
28897635,59,84,67198,0.15,0.001,35009,9,0.3
144268,30,432,48089,0.05,0.001,47843,6,0.5
16345757,46,240,91487,0.05,0.001,45308,6,0.7
29213716,55,132,236268,0.05,0.001,135213,4,0.3
24845660,43,276,300000,0.15,0.001,143628,6,0.3
22429300,47,228,300000,0.15,0.001,148611,9,0.7
72016879,46,240,235518,0.05,0.001,123905,7,0.5
426831,37,348,42925,0.05,0.001,37998,7,0.7
473903,27,468,61917,0.05,0.001,42337,7,0.5
12849700,38,336,151433,0.05,0.001,61101,7,0.3
34869352,44,264,134164,0.15,0.004,59022,7,0.5
1393460,32,408,103666,0.15,0.004,81297,8,0.5
4946054,42,288,95660,0.05,0.001,65568,5,0.5
1429692,34,384,100324,0.05,0.001,71165,7,0.7
2589280,49,204,38657,0.15,0.001,27795,6,0.5
5888782,49,204,87114,0.15,0.001,66024,9,0.3
1367718,58,96,27710,0.15,0.004,26066,9,0.3
140128,34,384,21512,0.15,0.004,19364,7,0.7
16601745,43,276,63160,0.05,0.001,42463,4,0.5
147216723,57,108,153637,0.05,0.001,55554,4,0.5
1066631,37,348,42074,0.15,0.004,31849,8,0.3
91320,27,468,41954,0.15,0.001,35464,7,0.7
12379775,48,216,96530,0.15,0.004,70169,7,0.5
202114,24,504,97025,0.05,0.001,67582,5,0.3
0,22,528,141215,0.05,0.001,78376,7,0.5
2236954,33,396,57374,0.15,0.001,38707,8,0.7
533941,29,444,33362,0.05,0.001,27323,5,0.7
57770,24,504,38416,0.05,0.001,26596,4,0.5
2883971,49,204,94658,0.05,0.001,68211,5,0.7
97808783,52,168,155451,0.15,0.004,81857,9,0.3
796415,29,444,82875,0.05,0.001,49409,6,0.7
11820,23,516,26025,0.15,0.004,18768,9,0.3
11037940,54,144,55756,0.3,0.008,38637,13,0.3
726712,38,336,44075,0.15,0.004,38344,9,0.3
6680668,47,228,79525,0.15,0.004,58117,7,0.3
79910369,54,144,178152,0.05,0.001,106877,5,0.3
1530226,35,372,82293,0.15,0.004,67276,7,0.5
8899936,37,348,103776,0.05,0.001,80337,6,0.5
1576684,28,456,149303,0.05,0.001,92008,4,0.7
2032479,37,348,92285,0.15,0.004,75911,7,0.5
21434971,44,264,190575,0.15,0.001,90610,6,0.5
92600593,58,96,300000,0.05,0.001,149268,6,0.5
83014,26,480,35305,0.15,0.001,31597,9,0.5
40028118,40,312,144276,0.05,0.001,62754,5,0.3
57448,29,444,34291,0.15,0.004,32650,7,0.3
8481442,41,300,202729,0.05,0.001,104366,6,0.5
560835,29,444,45291,0.15,0.001,34407,6,0.7
1601,23,516,27233,0.15,0.004,23148,8,0.3
3223350,52,168,52550,0.3,0.004,34911,18,0.3
7555707,38,336,194134,0.05,0.001,111050,4,0.5
13037443,46,240,86155,0.3,0.004,46151,10,0.7
4097734,58,96,62503,0.3,0.008,43185,23,0.3
27347397,38,336,300000,0.05,0.001,181929,4,0.3
6060308,39,324,211654,0.05,0.001,79620,4,0.3
30728716,56,120,77517,0.15,0.004,51957,7,0.3
1066864,39,324,31812,0.15,0.001,23636,7,0.5
3294914,39,324,68161,0.15,0.001,44765,6,0.5
134743,36,360,32814,0.15,0.004,28262,9,0.5
911161,32,408,108709,0.15,0.001,69254,7,0.7
104233,25,492,32101,0.3,0.008,26114,17,0.5
8214371,56,120,59488,0.05,0.001,42722,7,0.5
26265150,50,192,94237,0.15,0.001,71948,9,0.5
10390365,49,204,80869,0.15,0.001,48489,6,0.7
15769093,53,156,75744,0.05,0.001,42380,6,0.3
38226393,59,84,89153,0.05,0.001,55024,7,0.3
11781632,37,348,86340,0.15,0.001,53311,6,0.7
282522,37,348,29736,0.15,0.001,26486,7,0.5
2585263,44,264,46066,0.15,0.004,38757,8,0.5
1528516,32,408,81230,0.05,0.001,56172,4,0.7
4071695,56,120,28727,0.15,0.001,21970,6,0.3
199438,34,384,41662,0.3,0.008,40469,17,0.5
141913,32,408,27318,0.15,0.004,22839,9,0.3
9370472,40,312,75345,0.05,0.001,52099,7,0.5
17129685,41,300,178943,0.05,0.001,106209,7,0.3
67249327,56,120,105558,0.05,0.001,64213,7,0.3
103280570,54,144,163048,0.15,0.001,98860,7,0.5
227916,29,444,42714,0.05,0.001,37456,4,0.5
111322131,59,84,140446,0.05,0.001,57026,5,0.5
220560,29,444,84279,0.05,0.001,70112,7,0.7
3668000,39,324,87256,0.15,0.004,56821,9,0.7
567357,33,396,41442,0.15,0.004,32305,9,0.7
556666,28,456,68769,0.05,0.001,42791,4,0.7
432758,27,468,59372,0.15,0.004,41099,9,0.5
8618460,58,96,76304,0.15,0.001,53021,8,0.3
103843,25,492,29805,0.15,0.004,23295,6,0.7
5502305,47,228,56328,0.15,0.004,36992,7,0.5
1819974,29,444,117162,0.05,0.001,78640,7,0.7
136895,24,504,63027,0.05,0.001,51244,5,0.3
91488399,47,228,151853,0.05,0.001,77628,4,0.5
1928873,40,312,74180,0.15,0.001,53301,9,0.5
142961954,59,84,112518,0.05,0.001,68247,5,0.5
1750687,54,144,48744,0.3,0.008,50963,8,0.3
8689289,38,336,300000,0.15,0.004,176341,8,0.3
3648,23,516,20000,0.3,0.004,17008,17,0.3
183450747,57,108,215330,0.05,0.001,121158,6,0.3
24081282,43,276,140935,0.15,0.004,69129,6,0.5
645854,49,204,41323,0.3,0.008,40789,19,0.3
1320401,39,324,39512,0.3,0.008,30220,14,0.5
731057,44,264,39487,0.3,0.004,29592,14,0.3
665372,51,180,26441,0.3,0.008,23253,18,0.3
6356727,31,420,300000,0.15,0.001,144925,6,0.5
10501786,48,216,86788,0.05,0.001,57269,7,0.7
2744451,33,396,97487,0.15,0.004,55758,6,0.7
3761258,41,300,100724,0.15,0.001,78387,8,0.7
19680900,56,120,104586,0.3,0.008,54309,8,0.5
2306626,43,276,104614,0.3,0.004,79458,21,0.5
7117682,29,444,162413,0.05,0.001,67402,5,0.5
4477413,37,348,123962,0.05,0.001,85606,6,0.5
8808040,47,228,142997,0.15,0.004,68401,9,0.5
30797362,50,192,181860,0.15,0.001,86827,6,0.5
2082018,31,420,67056,0.15,0.004,40741,9,0.7
939070,34,384,35846,0.15,0.001,22811,6,0.5
0,22,528,37691,0.3,0.008,35093,22,0.3
224436,29,444,34112,0.3,0.004,25019,11,0.5
6324,23,516,20000,0.15,0.004,16210,9,0.5
1340647,50,192,29642,0.15,0.001,27220,6,0.5
782457,45,252,49265,0.15,0.004,41564,7,0.5
6233039,56,120,53776,0.15,0.001,41869,9,0.3
3662189,35,372,75521,0.05,0.001,58287,5,0.7
3354877,55,132,96803,0.05,0.001,73710,5,0.5
5980352,50,192,74581,0.05,0.001,58119,7,0.7
34366623,54,144,132524,0.05,0.001,61050,5,0.3
109078636,41,300,300000,0.05,0.001,170216,4,0.5
18243,24,504,55890,0.15,0.001,43850,8,0.5
1291364,34,384,77047,0.15,0.001,42183,7,0.7
1854045,55,132,57571,0.15,0.001,46441,9,0.3
28870020,59,84,117158,0.05,0.001,81553,7,0.3
7415802,43,276,157992,0.15,0.004,102097,6,0.7
39066085,40,312,300000,0.05,0.001,110820,5,0.5
387041,35,372,42957,0.3,0.008,36194,10,0.5
17412063,38,336,167549,0.05,0.001,77337,6,0.3
723218,30,432,116758,0.05,0.001,94654,5,0.5
45103,26,480,30476,0.3,0.008,23288,13,0.7
4714378,29,444,300000,0.05,0.001,166543,6,0.7
3744,23,516,20545,0.15,0.004,16836,9,0.5
433313,26,480,56547,0.15,0.001,35325,7,0.3
579026,31,420,36769,0.3,0.004,24051,10,0.7
91672753,55,132,129647,0.05,0.001,59299,4,0.5
5827050,53,156,66126,0.3,0.008,54015,14,0.5
16630982,47,228,83543,0.15,0.004,54835,9,0.3
504765,33,396,40165,0.15,0.004,30821,8,0.5
420173,26,480,68905,0.05,0.001,47763,6,0.5
411590,33,396,46963,0.05,0.001,33914,4,0.5
4882113,45,252,60902,0.3,0.008,39489,12,0.5
2378347,39,324,54962,0.15,0.001,39343,8,0.7
31711174,56,120,150297,0.05,0.001,66205,7,0.3
111348,31,420,44871,0.15,0.001,42175,8,0.5
863759,37,348,28764,0.15,0.001,20414,7,0.7
0,22,528,48683,0.15,0.004,38435,8,0.5
27922913,53,156,61871,0.3,0.008,33418,8,0.3
13913067,44,264,300000,0.15,0.004,129578,7,0.5
16589178,53,156,147027,0.05,0.001,70642,6,0.3
31128044,36,360,300000,0.05,0.001,190476,6,0.5
44960781,43,276,279210,0.15,0.004,146512,7,0.5
260706,27,468,56868,0.15,0.004,39401,9,0.5
18122965,56,120,61374,0.15,0.001,33314,7,0.5
3717,24,504,32642,0.15,0.004,31107,9,0.5
2366199,38,336,82243,0.05,0.001,49436,7,0.3
310917,32,408,45340,0.3,0.008,37142,17,0.5
2301258,33,396,69739,0.15,0.004,41390,8,0.7
10764042,38,336,300000,0.05,0.001,177286,5,0.5
5174743,57,108,90238,0.05,0.001,49872,7,0.3
8210746,56,120,85320,0.15,0.001,59963,8,0.5
16286675,58,96,48225,0.3,0.004,41250,11,0.3
63722820,44,264,191751,0.05,0.001,123058,6,0.3
93593404,59,84,205191,0.05,0.001,125403,6,0.5
23898997,48,216,193507,0.05,0.001,124108,5,0.5
62128921,58,96,172706,0.05,0.001,100499,7,0.5
155483,23,516,158813,0.05,0.001,82709,4,0.3
59431,23,516,107252,0.05,0.001,69773,7,0.5
12462937,35,372,178167,0.05,0.001,111695,4,0.7
11118444,49,204,82864,0.05,0.001,50801,7,0.7
20627579,35,372,159329,0.05,0.001,70385,4,0.5
24021803,47,228,97909,0.3,0.004,54625,17,0.5
2560601,43,276,67484,0.05,0.001,51744,4,0.7
0,22,528,33937,0.15,0.004,29859,7,0.3
1152762,30,432,96749,0.15,0.004,71638,7,0.7
22125857,55,132,148795,0.05,0.001,86280,7,0.3
24600753,57,108,119933,0.05,0.001,84958,5,0.3
20200227,51,180,106901,0.15,0.004,77392,6,0.3
247307,30,432,20000,0.15,0.004,15802,7,0.7
7727546,47,228,75452,0.05,0.001,44598,6,0.5
7538631,48,216,60857,0.15,0.001,34311,6,0.7
213364458,56,120,300000,0.15,0.004,139617,8,0.3
1955930,34,384,77594,0.15,0.004,52730,7,0.7
13501331,55,132,82568,0.3,0.004,46895,9,0.3
2794864,35,372,66369,0.15,0.001,39187,7,0.5
25100090,47,228,300000,0.05,0.001,156864,7,0.3
12633755,59,84,62652,0.15,0.004,39601,8,0.5
31040242,57,108,97637,0.15,0.004,58027,8,0.5
2317948,54,144,63517,0.15,0.001,45493,6,0.3
5849647,33,396,121230,0.05,0.001,54084,7,0.5
0,22,528,20000,0.15,0.001,16846,7,0.7
8014593,47,228,44420,0.3,0.008,30833,8,0.7
1121041,39,324,84636,0.15,0.004,62200,6,0.7
1137647,37,348,30991,0.3,0.004,25744,16,0.5
474257,26,480,87482,0.05,0.001,58662,6,0.3
1034379,45,252,44945,0.3,0.004,38884,13,0.7
2294616,47,228,58431,0.15,0.004,43247,7,0.5
1094045,30,432,76815,0.05,0.001,62599,7,0.7
924544,36,360,43177,0.15,0.004,34450,7,0.7
1408136,29,444,96748,0.3,0.004,62610,21,0.7
2431980,26,480,284424,0.05,0.001,154644,6,0.7
277156,31,420,25521,0.15,0.001,21919,8,0.7
504991,46,240,32443,0.3,0.008,26166,13,0.3
156755795,57,108,169442,0.05,0.001,106281,6,0.3
10737106,35,372,133226,0.15,0.004,78191,7,0.5
154285275,52,168,300000,0.05,0.001,108636,7,0.3
1496628,38,336,58595,0.15,0.004,42273,9,0.3
587566,50,192,27561,0.15,0.004,24554,8,0.3
1511417,43,276,56299,0.15,0.001,26036,7,0.7
3075280,42,288,71262,0.05,0.001,52101,5,0.7
63402874,48,216,173107,0.05,0.001,67142,6,0.7
31344,23,516,69703,0.15,0.004,51391,9,0.3
768530,32,408,54812,0.3,0.004,42078,15,0.5
480309,31,420,38938,0.15,0.001,30040,7,0.5
15491463,43,276,118213,0.15,0.004,58374,9,0.3
3317940,26,480,156969,0.05,0.001,76574,6,0.7
24592003,50,192,92909,0.05,0.001,54048,6,0.7
456696,28,456,82233,0.15,0.004,59109,7,0.3
3806028,34,384,99831,0.05,0.001,52514,7,0.7
44971,31,420,27773,0.3,0.004,26340,23,0.7
15912,24,504,27110,0.3,0.004,19418,15,0.5
24918022,59,84,67046,0.3,0.008,32306,19,0.3
35845889,59,84,60052,0.05,0.001,37789,7,0.3
109287391,50,192,139795,0.05,0.001,76707,6,0.5
20736755,47,228,115075,0.05,0.001,71925,7,0.7
12526577,47,228,101434,0.05,0.001,77075,7,0.5
484662,26,480,87279,0.05,0.001,65285,7,0.7
108716007,54,144,147031,0.05,0.001,84191,4,0.5
1753081,33,396,72957,0.05,0.001,44419,5,0.7
21531275,47,228,300000,0.05,0.001,156981,6,0.3
166997,25,492,51185,0.15,0.004,32695,8,0.7
29292,31,420,39584,0.15,0.004,38496,7,0.3
23631206,54,144,213636,0.15,0.001,101206,9,0.3
10039164,46,240,217452,0.05,0.001,161853,5,0.5
523648,40,312,33806,0.05,0.001,32728,7,0.5
8058816,36,360,97514,0.05,0.001,63687,5,0.3
4303338,52,168,26631,0.15,0.004,19851,9,0.3
12193559,46,240,109831,0.05,0.001,81025,5,0.7
10563930,49,204,90362,0.3,0.008,65920,19,0.3
28529,28,456,41133,0.15,0.004,37298,9,0.5
11616547,43,276,125399,0.15,0.001,62031,9,0.3
165873,30,432,32542,0.3,0.008,30567,22,0.7
4121022,52,168,70482,0.15,0.004,45049,8,0.3
1991352,45,252,36351,0.15,0.001,28407,8,0.7
7532460,40,312,99300,0.15,0.001,55600,9,0.5
34431156,35,372,238802,0.05,0.001,97604,7,0.5
4824591,49,204,97236,0.05,0.001,76036,6,0.7
335168,30,432,43607,0.05,0.001,38507,7,0.7
3542900,48,216,34346,0.15,0.004,28203,8,0.5
1622553,45,252,38081,0.3,0.004,33875,15,0.5
4173,23,516,43102,0.15,0.001,42756,6,0.5
316265,31,420,20000,0.3,0.008,13596,19,0.3
1046705,48,216,36631,0.15,0.004,31655,6,0.3
4600671,47,228,64256,0.3,0.008,43806,14,0.5
5454666,48,216,47158,0.15,0.004,34476,6,0.3
2984527,31,420,73443,0.15,0.004,45943,6,0.5
10812496,42,288,128658,0.05,0.001,52063,5,0.5
16280,23,516,37249,0.15,0.004,29442,7,0.7
24161262,41,300,194445,0.05,0.001,84173,6,0.3
0,22,528,95154,0.15,0.004,41964,9,0.3
1769774,34,384,63819,0.05,0.001,38784,6,0.7
727680,29,444,51937,0.05,0.001,36302,5,0.7
16839550,37,348,208970,0.05,0.001,107523,7,0.5
0,22,528,155874,0.05,0.001,81666,4,0.3
13706756,45,252,95099,0.15,0.004,59029,9,0.5
4994151,33,396,134795,0.05,0.001,90498,7,0.7
5579043,37,348,300000,0.3,0.008,206588,13,0.3
1706843,32,408,57094,0.05,0.001,39335,7,0.7
1044159,37,348,41118,0.15,0.001,27661,7,0.5
3034903,29,444,84086,0.15,0.004,48664,8,0.7
2138903,30,432,72676,0.05,0.001,39441,5,0.5
46031,25,492,45071,0.15,0.001,44503,7,0.3
28089046,39,324,300000,0.05,0.001,144813,4,0.5
4235754,33,396,104064,0.05,0.001,76665,6,0.7
848358,28,456,53362,0.05,0.001,38581,7,0.5
7700133,54,144,107848,0.15,0.004,74913,9,0.3
1210944,31,420,78849,0.15,0.001,53381,7,0.5
146969,35,372,23547,0.15,0.001,22956,7,0.5
505388,29,444,71470,0.05,0.001,46659,5,0.7
188543,27,468,41292,0.3,0.008,29639,18,0.5
11098187,46,240,139938,0.15,0.004,77592,9,0.7
4428512,41,300,82948,0.15,0.001,54191,7,0.7
58390,29,444,42096,0.05,0.001,38485,4,0.5
112220362,48,216,328865,0.05,0.001,115604,7,0.5
6341082,59,84,33452,0.15,0.004,25962,7,0.5
4843934,46,240,54925,0.3,0.008,39873,19,0.5
30898008,55,132,97605,0.05,0.001,62243,6,0.3
35593480,53,156,160970,0.05,0.001,98755,7,0.3
4479283,47,228,70994,0.15,0.004,39639,9,0.3
3762923,27,468,217957,0.05,0.001,109749,6,0.5
18232604,53,156,59629,0.3,0.004,37588,11,0.3
0,22,528,90237,0.05,0.001,46514,4,0.5
401928,40,312,49117,0.3,0.004,47558,10,0.7
1584100,51,180,44927,0.15,0.004,39171,7,0.3
16120360,33,396,300000,0.05,0.001,150686,4,0.5
2332321,53,156,63932,0.05,0.001,47239,7,0.3
137081,23,516,128857,0.05,0.001,91269,4,0.3
59215,24,504,60853,0.3,0.008,43568,21,0.7
72100340,54,144,154962,0.05,0.001,87816,5,0.3
762481,39,324,43532,0.3,0.008,38826,12,0.3
12283026,41,300,200662,0.15,0.001,99541,7,0.5
1745789,28,456,62815,0.05,0.001,28720,5,0.5
15435427,45,252,161595,0.05,0.001,93446,7,0.5
26090349,48,216,153592,0.05,0.001,65106,6,0.7
3444447,53,156,36679,0.3,0.004,29706,23,0.5
17486947,35,372,185554,0.05,0.001,97637,4,0.5
140747208,50,192,247460,0.05,0.001,133240,5,0.5
95531417,45,252,200426,0.05,0.001,90912,5,0.7
532016,58,96,20961,0.3,0.004,18582,14,0.3
1915423,27,468,94167,0.15,0.004,53466,7,0.7
100184,24,504,61701,0.05,0.001,40232,7,0.5
13007915,50,192,67726,0.15,0.004,45316,6,0.7
136965423,49,204,132073,0.05,0.001,51850,7,0.5
6129228,44,264,69767,0.15,0.004,37934,6,0.5
39869222,57,108,110371,0.15,0.004,67618,6,0.5
5543023,34,384,98252,0.05,0.001,59110,4,0.7
124814834,59,84,167727,0.05,0.001,109950,5,0.3
23814067,42,288,265374,0.15,0.001,99178,6,0.3
206570,40,312,28009,0.3,0.004,24847,23,0.5
95652153,54,144,125358,0.05,0.001,71837,4,0.3
84958976,59,84,161315,0.15,0.001,93970,9,0.3
5352932,44,264,82387,0.15,0.004,51623,7,0.5
9498368,32,408,300000,0.3,0.008,157930,8,0.5
6152,23,516,36965,0.15,0.004,33813,9,0.3
32521482,49,204,300000,0.15,0.001,153369,8,0.5
2811913,28,456,222903,0.05,0.001,138543,5,0.5
360098,28,456,42591,0.05,0.001,36454,5,0.7
123271,25,492,43740,0.15,0.001,30588,6,0.3
17604441,51,180,99918,0.05,0.001,52646,6,0.3
22459,23,516,43086,0.15,0.004,38966,6,0.3
42252,25,492,37963,0.15,0.004,36168,7,0.3
2136658,38,336,52618,0.15,0.004,33773,7,0.5
0,22,528,92407,0.05,0.001,50026,5,0.5
3924181,48,216,74613,0.3,0.004,46069,21,0.5
44779905,59,84,58563,0.05,0.001,37700,5,0.5
37192633,48,216,300000,0.05,0.001,112300,5,0.7
44233959,52,168,214375,0.05,0.001,94358,6,0.3
0,22,528,73604,0.05,0.001,46116,4,0.7
941628,27,468,68538,0.05,0.001,45181,5,0.7
144339,33,396,37165,0.05,0.001,36999,6,0.5
45280881,54,144,105064,0.05,0.001,69950,7,0.5
5400826,51,180,62335,0.05,0.001,44980,7,0.3
5671309,45,252,51257,0.15,0.004,33090,8,0.5
398301,29,444,30456,0.3,0.004,24255,16,0.5
3466,23,516,24156,0.3,0.008,20891,14,0.7
14733849,57,108,80407,0.15,0.001,41849,7,0.3
2525131,53,156,67624,0.15,0.004,45540,6,0.3
77561781,50,192,135374,0.05,0.001,64985,6,0.5
2669586,40,312,72404,0.15,0.004,44173,9,0.5
10006,23,516,20000,0.15,0.004,12988,7,0.5
32643141,45,252,90828,0.15,0.001,45623,8,0.7
372271,54,144,29176,0.3,0.008,33271,14,0.5
990854,26,480,102271,0.05,0.001,55016,6,0.7
31907522,51,180,91528,0.15,0.004,58552,8,0.3
85683564,52,168,308944,0.05,0.001,189465,7,0.5
3547043,49,204,55285,0.15,0.004,36688,8,0.5
3586130,48,216,50796,0.05,0.001,35262,7,0.5
303875,32,408,42522,0.05,0.001,38270,6,0.5
103970161,54,144,300000,0.05,0.001,126721,7,0.5
107538,23,516,98671,0.05,0.001,65239,5,0.5
548544,42,288,46601,0.3,0.008,46595,20,0.3
134516,33,396,30224,0.15,0.004,24460,9,0.5
13063,23,516,36902,0.05,0.001,34126,7,0.3
26062338,45,252,196240,0.05,0.001,122697,7,0.5
30912182,47,228,111950,0.05,0.001,71578,4,0.7
3449601,43,276,41597,0.3,0.004,34054,8,0.5
2308290,52,168,47923,0.3,0.004,46581,23,0.5
74346,23,516,86865,0.05,0.001,56339,7,0.5
23417883,29,444,247101,0.05,0.001,104114,4,0.7
17331,25,492,38221,0.3,0.008,38170,9,0.7
37824,25,492,49270,0.15,0.001,43654,9,0.5
497303,38,336,37626,0.15,0.001,33918,6,0.3
176009,28,456,37701,0.3,0.004,31935,12,0.5
69708,26,480,44045,0.3,0.008,36199,18,0.5
10443186,32,408,300000,0.15,0.001,176072,8,0.7
235079,26,480,57658,0.15,0.004,38071,9,0.3
34397516,43,276,186593,0.05,0.001,101659,7,0.5
1393721,32,408,57299,0.05,0.001,34481,5,0.7
68646929,44,264,300000,0.05,0.001,176818,6,0.3
2016397,32,408,50770,0.15,0.001,32060,9,0.7
725265,53,156,41462,0.15,0.004,37645,8,0.5
54288538,43,276,300000,0.05,0.001,168500,5,0.5
1690921,42,288,50248,0.15,0.004,32148,8,0.5
0,22,528,41989,0.15,0.004,27528,8,0.7
519243,33,396,43243,0.3,0.008,41813,10,0.7
12796645,48,216,90931,0.05,0.001,59491,5,0.5
4129269,30,432,91096,0.05,0.001,53083,6,0.5
4264815,35,372,56539,0.3,0.004,25954,18,0.5
471442,28,456,23066,0.3,0.004,17916,23,0.3
18108599,48,216,142880,0.15,0.004,89765,6,0.7
26251,23,516,29775,0.05,0.001,27247,4,0.7
30842517,44,264,154616,0.05,0.001,100628,4,0.5
81707,25,492,20474,0.15,0.004,15198,7,0.7
5375372,36,360,82505,0.05,0.001,53562,5,0.5
9400,23,516,39255,0.05,0.001,38086,7,0.3
1462612,25,492,153096,0.05,0.001,89991,7,0.7
2220549,31,420,69953,0.15,0.004,38151,6,0.5
5617972,35,372,102435,0.15,0.001,64407,7,0.5
124008548,56,120,169354,0.15,0.001,75393,9,0.3
5230195,54,144,110684,0.15,0.004,79998,9,0.3
2130160,37,348,91202,0.05,0.001,64685,5,0.5
33786025,52,168,64310,0.05,0.001,37133,7,0.3
42171907,59,84,97498,0.3,0.008,53115,19,0.3
0,22,528,102916,0.05,0.001,49413,7,0.5
72821,23,516,55633,0.05,0.001,29068,5,0.5
2482498,46,240,47755,0.15,0.001,37808,8,0.7
7649486,58,96,57196,0.05,0.001,46223,4,0.3
212857,34,384,31823,0.15,0.004,26204,7,0.7
15493523,43,276,165375,0.15,0.001,76040,6,0.3
4362254,28,456,258411,0.05,0.001,106580,5,0.7
0,22,528,65053,0.05,0.001,46498,6,0.3
19844,29,444,32983,0.15,0.001,31753,9,0.3
768934,33,396,55145,0.05,0.001,38381,4,0.7
4840976,53,156,45272,0.05,0.001,39796,7,0.3
34771740,44,264,216216,0.15,0.001,141230,9,0.5
1836944,59,84,37577,0.15,0.001,31044,8,0.3
21272396,46,240,300000,0.05,0.001,156238,4,0.5
2310559,32,408,74778,0.15,0.004,52836,6,0.5
579371,39,324,27720,0.3,0.004,19786,17,0.5
132669316,55,132,300000,0.05,0.001,150062,4,0.3
1409735,38,336,85876,0.15,0.004,66298,7,0.3
93752078,56,120,129465,0.05,0.001,55682,5,0.5
64567111,53,156,151758,0.15,0.001,77288,6,0.5
16455812,44,264,136778,0.05,0.001,75307,7,0.3
7187635,41,300,111411,0.15,0.004,86330,7,0.5
12587130,58,96,96807,0.05,0.001,58676,7,0.5
2849519,37,348,102719,0.05,0.001,69535,5,0.5
4727031,45,252,50344,0.3,0.008,29653,9,0.5
130558,31,420,46314,0.3,0.004,43650,21,0.7
16715389,57,108,106258,0.05,0.001,67194,4,0.5
1690683,56,120,49084,0.15,0.004,41297,9,0.3
2814228,37,348,70791,0.05,0.001,51879,6,0.5
5411670,33,396,161242,0.05,0.001,74100,7,0.7
1229231,32,408,74591,0.05,0.001,47889,7,0.7
902265,31,420,56146,0.15,0.004,35514,9,0.5
2331120,53,156,48176,0.3,0.008,40646,17,0.3
27218,24,504,22328,0.15,0.001,17144,6,0.5
12061,23,516,20000,0.15,0.004,15599,6,0.3
26614,23,516,81925,0.05,0.001,59978,5,0.3
112219,23,516,176576,0.05,0.001,92887,6,0.7
2173171,38,336,71840,0.15,0.004,40099,8,0.3
2773523,28,456,82773,0.15,0.004,49186,9,0.7
0,22,528,37158,0.15,0.004,39157,6,0.7
8251835,53,156,57138,0.05,0.001,34614,5,0.3
1426965,38,336,62850,0.3,0.008,41683,19,0.3
1036657,43,276,45523,0.15,0.004,39241,9,0.5
0,22,528,183323,0.05,0.001,85789,6,0.5
1864760,36,360,50937,0.15,0.004,32845,9,0.3
984997,31,420,56310,0.15,0.001,34783,6,0.7
8271599,44,264,67799,0.15,0.004,35247,8,0.5
135616,34,384,45499,0.15,0.001,44078,9,0.5
28572249,54,144,70661,0.05,0.001,62011,6,0.3
4399,23,516,32629,0.15,0.004,30069,6,0.7
10754518,54,144,51275,0.15,0.004,33888,9,0.3
4249374,39,324,70101,0.05,0.001,55356,7,0.5
137478,25,492,21517,0.15,0.001,14569,9,0.5
431563,29,444,49910,0.15,0.001,43709,6,0.5
288729,30,432,78838,0.15,0.004,61727,7,0.3
15452315,49,204,150765,0.15,0.004,108124,8,0.5
18949318,41,300,194234,0.05,0.001,113844,6,0.5
93121463,54,144,91440,0.05,0.001,51640,5,0.3
1011591,33,396,52342,0.15,0.004,38251,8,0.5
15725,23,516,28093,0.3,0.004,20731,9,0.7
27925292,47,228,300000,0.15,0.001,122336,6,0.3
955490,35,372,58751,0.15,0.004,37981,9,0.7
209292,29,444,51257,0.15,0.001,33153,6,0.3
14084879,40,312,89137,0.05,0.001,57156,7,0.5
13762589,46,240,189704,0.05,0.001,94768,7,0.5
999471,32,408,48469,0.15,0.001,35996,8,0.7
8039471,55,132,81408,0.15,0.004,62789,6,0.3
5397761,42,288,102391,0.15,0.001,60015,9,0.5
12368452,32,408,212507,0.05,0.001,102116,4,0.7
7609803,51,180,53293,0.15,0.004,24618,9,0.5
2123385,34,384,59826,0.05,0.001,41179,6,0.7
39013381,57,108,102145,0.15,0.004,69679,8,0.5
45690301,58,96,94429,0.05,0.001,51531,5,0.3
393021,28,456,50726,0.05,0.001,35015,5,0.5
35191,23,516,60413,0.15,0.001,44096,7,0.3
91467055,49,204,300000,0.15,0.001,148984,7,0.7
121553,23,516,72235,0.3,0.004,50833,12,0.7
742072,29,444,57433,0.05,0.001,29593,4,0.7
45291100,55,132,93530,0.3,0.008,59042,15,0.3
115120458,57,108,234930,0.05,0.001,135739,4,0.5
2597650,36,360,63169,0.15,0.001,44746,7,0.5
709997,32,408,40542,0.15,0.004,32967,9,0.7
107169649,54,144,300000,0.05,0.001,157171,7,0.3
2620099,46,240,61387,0.15,0.004,44353,9,0.5
104865,32,408,34212,0.3,0.008,33240,14,0.5
32777147,40,312,300000,0.15,0.001,130636,8,0.7
489570,37,348,32112,0.3,0.008,29011,19,0.3
876269,38,336,40949,0.15,0.001,36995,9,0.5
6078937,58,96,48700,0.15,0.004,40959,8,0.3
907989,31,420,51491,0.05,0.001,35608,5,0.7
1270699,34,384,63013,0.3,0.004,42654,13,0.7
2202565,44,264,68049,0.15,0.004,51373,9,0.7
3216664,30,432,96162,0.05,0.001,52288,4,0.7
1191022,39,324,49272,0.15,0.001,44314,8,0.5
62410856,58,96,300000,0.15,0.004,165962,7,0.3
3976191,46,240,61671,0.15,0.004,35142,7,0.7
13803990,31,420,300000,0.05,0.001,168004,4,0.7
1017229,42,288,48907,0.15,0.004,43871,9,0.3
39516575,55,132,87688,0.15,0.004,59350,8,0.3
736227,28,456,51138,0.15,0.004,38196,8,0.7
304625,47,228,29611,0.15,0.001,33440,6,0.5
10189148,31,420,126129,0.05,0.001,69960,5,0.7
41908,27,468,39864,0.3,0.004,39155,11,0.3
382266,58,96,46632,0.15,0.004,48381,9,0.3
214748,30,432,30039,0.15,0.001,24477,6,0.5
24651487,44,264,220604,0.05,0.001,127971,4,0.5
140006,28,456,65587,0.15,0.001,48861,7,0.3
4399720,48,216,59028,0.15,0.004,40116,6,0.7
621900,26,480,90055,0.05,0.001,58688,6,0.7
6015539,43,276,87030,0.15,0.004,57414,6,0.5
16422257,46,240,157441,0.05,0.001,86384,6,0.3
98872,29,444,42761,0.15,0.001,37373,7,0.3
1244788,24,504,300000,0.05,0.001,211954,6,0.5
2692034,45,252,72545,0.15,0.001,46738,6,0.3
23698,23,516,67571,0.15,0.004,44123,6,0.3
22424145,44,264,236579,0.05,0.001,132281,5,0.7
942084,35,372,34910,0.15,0.001,22549,6,0.7
17474219,56,120,90772,0.15,0.004,58524,9,0.5
20615558,53,156,81480,0.15,0.001,55000,6,0.3
692901,34,384,76729,0.3,0.004,50050,21,0.7
332387,37,348,27570,0.3,0.008,24326,17,0.5
633709,28,456,108626,0.05,0.001,48323,4,0.7
3658987,41,300,63060,0.3,0.004,40494,8,0.7
4660355,35,372,112838,0.05,0.001,82635,5,0.5
8869022,57,108,88495,0.15,0.001,54236,7,0.3
4291177,35,372,101996,0.15,0.004,61166,7,0.5
492283,45,252,47001,0.15,0.001,41615,9,0.3
12259469,53,156,53525,0.3,0.004,30078,11,0.5
0,22,528,33649,0.3,0.004,29266,10,0.5
1557889,30,432,53012,0.15,0.004,26142,7,0.5
662777,41,300,29910,0.3,0.008,28935,14,0.7
32708,26,480,32722,0.3,0.004,29842,18,0.3
3676687,38,336,55792,0.15,0.004,35261,6,0.5
3342633,35,372,127939,0.05,0.001,91661,5,0.5
34357553,53,156,122284,0.05,0.001,70662,4,0.3
3112454,51,180,60243,0.3,0.004,39673,11,0.3
6931055,50,192,74026,0.15,0.004,48159,8,0.7
116883112,57,108,173163,0.05,0.001,83042,6,0.5
22336377,41,300,177772,0.05,0.001,82626,7,0.3
5450961,47,228,98291,0.3,0.008,71004,10,0.7
39427,23,516,67986,0.05,0.001,49013,4,0.7
3413646,36,360,67282,0.15,0.001,45585,9,0.5
76202222,57,108,89932,0.15,0.001,55891,7,0.3
540277,41,300,33037,0.15,0.001,29867,9,0.5
124601300,45,252,300000,0.05,0.001,122200,7,0.3
19964934,58,96,58482,0.3,0.004,38134,14,0.5
600260,56,120,23775,0.3,0.008,22438,22,0.3
16900226,39,324,300000,0.05,0.001,149901,6,0.5
1666746,26,480,126428,0.15,0.001,55818,9,0.7
10904612,48,216,104496,0.15,0.001,76124,8,0.7
6445523,48,216,65035,0.15,0.004,37405,9,0.5
17731467,52,168,59140,0.05,0.001,33436,4,0.3
20840580,55,132,110022,0.05,0.001,64251,5,0.5
34081634,43,276,304957,0.05,0.001,174193,5,0.5
15849158,46,240,80273,0.05,0.001,50729,6,0.5
2024729,28,456,77575,0.05,0.001,38731,4,0.7
7463875,37,348,170895,0.05,0.001,74572,6,0.7
17729965,50,192,92336,0.05,0.001,66313,5,0.5
134607654,58,96,300000,0.15,0.001,169610,6,0.3
152755614,49,204,140659,0.15,0.001,57009,6,0.5
11817976,58,96,54447,0.15,0.004,36963,9,0.5
4174504,48,216,56387,0.15,0.001,40147,8,0.3
11185,23,516,45005,0.3,0.004,42692,10,0.3
55547,23,516,50892,0.15,0.001,29721,9,0.5
217769,25,492,66895,0.3,0.008,58326,10,0.5
4416171,39,324,95704,0.15,0.004,54773,8,0.5
23325,23,516,33086,0.05,0.001,28900,4,0.5
0,22,528,66796,0.05,0.001,41704,4,0.3
20476244,51,180,135868,0.05,0.001,61693,6,0.3
0,22,528,92614,0.15,0.004,57294,7,0.3
494778,38,336,47277,0.15,0.004,45508,6,0.7
1040652,29,444,157768,0.15,0.004,105247,6,0.5
5214393,42,288,98809,0.15,0.001,53642,7,0.5
20670187,59,84,70722,0.3,0.004,40984,15,0.3
0,22,528,300000,0.05,0.001,109590,4,0.5
63052,26,480,42049,0.05,0.001,37743,5,0.5
997405,35,372,47181,0.3,0.004,40901,13,0.3
2953916,50,192,53154,0.15,0.001,33208,9,0.7
129539654,59,84,132540,0.05,0.001,64799,6,0.3
9128878,36,360,131449,0.15,0.004,61006,9,0.3
13434948,49,204,133910,0.05,0.001,73151,5,0.3
6905132,51,180,87846,0.15,0.004,52986,9,0.3
2444376,37,348,59726,0.15,0.004,38369,8,0.5
3667610,39,324,67792,0.05,0.001,35334,6,0.5
657864,38,336,53675,0.15,0.001,41265,8,0.7
23963301,49,204,128151,0.15,0.001,79916,8,0.5
68540,25,492,23733,0.15,0.001,17854,8,0.5
608815,26,480,45849,0.3,0.004,31928,14,0.5
0,22,528,300000,0.15,0.004,119966,7,0.5
64199,26,480,20000,0.3,0.004,15327,17,0.7
210205,29,444,21992,0.15,0.004,12208,6,0.7
379900,47,228,24394,0.15,0.001,23091,8,0.5
9536220,52,168,85249,0.05,0.001,63843,7,0.3
11552879,48,216,89481,0.15,0.004,58519,7,0.7
838003,36,360,69023,0.15,0.001,50970,6,0.5
11006425,53,156,97033,0.15,0.001,48809,9,0.3
17641586,42,288,181722,0.05,0.001,79766,7,0.7
3577323,46,240,75604,0.3,0.004,48934,21,0.5
2156958,46,240,42952,0.3,0.004,29737,8,0.7
36870621,39,324,153949,0.05,0.001,88313,4,0.5
100315571,49,204,178472,0.15,0.004,92471,6,0.5
15691881,56,120,88233,0.15,0.004,55451,9,0.5
1174141,33,396,58518,0.15,0.004,42409,8,0.7
6210867,40,312,102258,0.15,0.004,63776,9,0.5
83698920,58,96,300000,0.3,0.004,205926,22,0.3
1575785,44,264,53655,0.3,0.004,34107,9,0.3
63465,24,504,69674,0.05,0.001,59653,4,0.3
22734039,35,372,170586,0.15,0.004,61467,8,0.5
805666,42,288,49423,0.3,0.008,46706,20,0.3
139719821,56,120,199582,0.05,0.001,88704,4,0.3
100238198,59,84,186198,0.05,0.001,119943,4,0.3
6257955,41,300,71765,0.15,0.001,53356,6,0.5
690850,28,456,81385,0.05,0.001,65988,7,0.5
810630,38,336,21455,0.15,0.001,15329,9,0.3
4027168,48,216,49422,0.15,0.001,39167,7,0.5
2694307,26,480,300000,0.15,0.001,131500,6,0.7
932900,32,408,119483,0.05,0.001,99182,7,0.7
73258172,55,132,97538,0.15,0.001,58830,8,0.5
39245555,56,120,212194,0.05,0.001,142724,4,0.3
4638958,37,348,62084,0.05,0.001,40962,7,0.7
19833253,56,120,112936,0.15,0.004,86213,8,0.3
3943099,44,264,55788,0.15,0.004,36095,6,0.5
5972069,38,336,81665,0.05,0.001,51993,5,0.5
11096080,53,156,78809,0.15,0.001,43229,7,0.5
3350234,49,204,52483,0.15,0.004,36108,7,0.7
12772715,46,240,67488,0.15,0.001,46610,7,0.5
573659,28,456,75086,0.15,0.001,39726,7,0.7
97983,25,492,20000,0.15,0.004,13473,8,0.7
41863,23,516,50213,0.05,0.001,29974,7,0.5
568106,26,480,66316,0.05,0.001,38436,7,0.7
2561816,44,264,65573,0.05,0.001,49578,4,0.5
318308,32,408,38241,0.15,0.004,31136,8,0.3
33448122,46,240,183442,0.05,0.001,96666,6,0.5
1276578,29,444,62094,0.3,0.004,35867,10,0.5
114464520,57,108,114456,0.15,0.004,75581,9,0.3
39836386,42,288,202850,0.05,0.001,86275,6,0.3
70233,32,408,35008,0.15,0.004,38389,7,0.5
2000091,28,456,133428,0.05,0.001,72057,7,0.5
177258,24,504,58111,0.05,0.001,44228,5,0.5
3795181,40,312,87689,0.05,0.001,60062,6,0.3
1229071,48,216,46540,0.3,0.004,43053,22,0.5
20370,25,492,35544,0.15,0.004,33286,6,0.7
0,22,528,35938,0.3,0.008,23735,23,0.7
11810086,55,132,104690,0.05,0.001,55908,5,0.5
2197725,40,312,70117,0.3,0.004,46687,21,0.7
2783839,45,252,101797,0.15,0.004,63876,7,0.7
41786,25,492,26877,0.15,0.004,24783,7,0.5
0,22,528,39512,0.15,0.004,35257,7,0.5
1546722,33,396,66629,0.05,0.001,36802,6,0.7
11218,24,504,39160,0.15,0.004,45476,7,0.5
14695655,51,180,121601,0.15,0.004,56395,7,0.3
104261931,46,240,169518,0.15,0.001,78196,8,0.5
3164243,31,420,91546,0.05,0.001,48548,5,0.5
23015,24,504,46311,0.3,0.004,39868,19,0.7
5046282,51,180,53950,0.15,0.004,29440,7,0.3
3667798,41,300,76848,0.05,0.001,45795,5,0.3
207091171,57,108,235723,0.05,0.001,106590,7,0.3
0,22,528,63669,0.3,0.004,42721,18,0.7
1026393,29,444,66807,0.05,0.001,46705,4,0.7
9696492,57,108,81031,0.15,0.001,46970,8,0.3
6936889,46,240,138234,0.15,0.004,85408,6,0.5
49689,26,480,30612,0.15,0.004,24576,7,0.7
9125922,38,336,144937,0.05,0.001,87188,4,0.5
5048559,51,180,58494,0.3,0.004,39953,8,0.5
14345699,52,168,69223,0.15,0.004,35209,8,0.3
8030142,52,168,95798,0.15,0.001,61983,9,0.3
14998998,48,216,95663,0.05,0.001,55587,6,0.3
957651,23,516,300000,0.05,0.001,142837,4,0.7
6243884,41,300,100435,0.05,0.001,60631,4,0.5
3687181,40,312,64878,0.05,0.001,43625,4,0.3
10763461,50,192,98558,0.05,0.001,53354,6,0.7
10656406,33,396,300000,0.15,0.004,166404,7,0.5
145616111,53,156,300000,0.05,0.001,136589,7,0.3
586363,47,228,22482,0.3,0.008,19914,11,0.5
1782857,32,408,57522,0.15,0.004,37843,9,0.7
1388323,34,384,90773,0.15,0.001,59508,7,0.7
13056056,42,288,255065,0.05,0.001,126308,5,0.5
13312559,55,132,70120,0.15,0.001,36762,7,0.3
6204944,46,240,81181,0.3,0.008,50387,8,0.5
103077226,57,108,112257,0.15,0.001,80713,6,0.3
1578043,26,480,175248,0.15,0.001,99146,8,0.7
0,22,528,116498,0.05,0.001,76212,5,0.3
161052,38,336,30813,0.15,0.001,29750,6,0.5
4997793,40,312,116795,0.05,0.001,92326,6,0.3
9198614,45,252,86230,0.15,0.001,43279,9,0.7
72648,23,516,55779,0.05,0.001,31643,6,0.5
12670474,57,108,111198,0.05,0.001,83968,6,0.3
10466591,40,312,159932,0.05,0.001,77112,4,0.3
112464089,59,84,160791,0.15,0.001,98264,7,0.3
10459277,31,420,248455,0.05,0.001,133001,4,0.5
45794426,56,120,124210,0.05,0.001,54570,7,0.3
0,22,528,73018,0.05,0.001,44037,5,0.5
11979834,53,156,72612,0.15,0.001,39553,8,0.3
44513844,54,144,134108,0.15,0.004,66199,7,0.3
1955635,33,396,95085,0.05,0.001,76972,6,0.5
775701,26,480,91075,0.15,0.004,58377,9,0.7
3374167,39,324,70080,0.05,0.001,40262,5,0.7
88989598,47,228,185064,0.05,0.001,69493,4,0.5
3757379,27,468,300000,0.15,0.004,164313,8,0.7
169299775,56,120,256899,0.05,0.001,105378,7,0.3
386095,25,492,90041,0.05,0.001,58346,6,0.5
1565189,32,408,50673,0.05,0.001,25130,7,0.5
11829086,50,192,71497,0.15,0.001,40974,8,0.5
2224972,31,420,68360,0.3,0.004,46912,14,0.7
2028520,38,336,44849,0.15,0.004,31559,8,0.3
57102937,37,348,235924,0.05,0.001,132806,4,0.7
5058844,56,120,61060,0.15,0.004,44482,6,0.3
846796,36,360,35488,0.15,0.001,22798,9,0.5
717802,35,372,40172,0.3,0.004,34750,21,0.7
32821291,47,228,214957,0.15,0.001,111918,6,0.5
93919677,50,192,300000,0.3,0.004,136850,12,0.5
43992916,45,252,194178,0.05,0.001,104843,5,0.3
32345,23,516,44487,0.05,0.001,32167,5,0.7
1324826,30,432,62734,0.15,0.001,37948,6,0.7
17092494,41,300,174886,0.15,0.004,110991,9,0.5
13525449,43,276,171079,0.15,0.001,73172,9,0.5
1625108,27,468,92271,0.15,0.004,54969,9,0.5
2827502,47,228,57784,0.15,0.001,31498,9,0.5
10186737,48,216,74931,0.05,0.001,43122,7,0.5
3338123,41,300,84575,0.15,0.004,59421,8,0.5
98125985,53,156,300000,0.05,0.001,191830,6,0.3
0,22,528,42615,0.15,0.004,36088,8,0.5
2084456,52,168,48724,0.15,0.001,45016,9,0.3
47419865,58,96,139313,0.15,0.001,86457,7,0.5
759026,29,444,44192,0.05,0.001,33728,4,0.5
1924461,57,108,36487,0.3,0.004,36127,23,0.3
7671668,52,168,52365,0.3,0.004,39789,21,0.5
2500473,51,180,43617,0.3,0.008,37130,19,0.3
12963552,59,84,74514,0.05,0.001,42060,5,0.3
3882611,38,336,77862,0.3,0.008,61527,9,0.5
134330,29,444,39201,0.3,0.008,36527,12,0.5
6006795,37,348,84206,0.05,0.001,55076,4,0.3
8728644,50,192,99264,0.05,0.001,78167,4,0.3
5063841,44,264,81171,0.15,0.004,50941,7,0.3
6200250,45,252,91195,0.05,0.001,67613,4,0.3
1000212,33,396,87607,0.15,0.004,48233,6,0.7
1373239,36,360,74179,0.15,0.004,46290,7,0.5
81189384,46,240,214978,0.05,0.001,114097,5,0.5
980291,36,360,28894,0.05,0.001,19550,7,0.5
2985912,51,180,40234,0.3,0.004,27757,21,0.5
10538353,48,216,96642,0.05,0.001,48090,6,0.5
0,22,528,96237,0.3,0.004,59565,8,0.5
4436549,59,84,41690,0.05,0.001,35139,5,0.3
1041452,36,360,63852,0.15,0.001,44679,6,0.5
7929307,31,420,139449,0.15,0.004,75540,8,0.5
6161604,52,168,75660,0.15,0.004,52441,9,0.5
2261288,49,204,35071,0.3,0.008,31464,22,0.3
4912624,39,324,96271,0.05,0.001,55896,5,0.7
20135707,58,96,210671,0.05,0.001,113106,7,0.3
910916,35,372,77669,0.15,0.001,55144,8,0.7
2626713,41,300,62330,0.05,0.001,38706,4,0.5
86421342,48,216,300000,0.05,0.001,153539,6,0.5
20393873,47,228,298360,0.05,0.001,185947,5,0.3
2447619,31,420,72221,0.15,0.004,46856,6,0.7
35026801,49,204,231195,0.05,0.001,156655,6,0.5
19159790,51,180,105636,0.15,0.001,53827,7,0.3
48384792,55,132,244011,0.15,0.004,102304,7,0.3
46991946,59,84,147599,0.05,0.001,70242,5,0.3
12165512,52,168,77076,0.15,0.001,45565,8,0.5
9828885,48,216,50993,0.15,0.001,34122,8,0.5
727258,55,132,35519,0.3,0.004,35964,8,0.5
977894,57,108,39402,0.15,0.001,39412,8,0.3
271790,45,252,34323,0.3,0.008,39745,9,0.5
119906231,59,84,300000,0.15,0.004,179942,8,0.3
5219922,44,264,79495,0.15,0.004,44103,8,0.7
137371039,55,132,164744,0.05,0.001,62154,7,0.5
3680298,27,468,87691,0.3,0.008,39062,17,0.5
14932226,55,132,110277,0.15,0.004,63112,8,0.5
9024987,46,240,60379,0.05,0.001,31586,5,0.5
72290515,57,108,300000,0.05,0.001,130041,4,0.3
622892,48,216,44438,0.15,0.001,37721,8,0.5
0,22,528,102602,0.15,0.004,67408,9,0.3
312559,23,516,129143,0.05,0.001,75007,7,0.7
67761932,40,312,300000,0.05,0.001,177182,7,0.3
6475747,41,300,74590,0.15,0.004,50591,6,0.3
59961,23,516,68540,0.05,0.001,48344,7,0.7
16841970,56,120,136236,0.05,0.001,89938,4,0.3
43614365,55,132,161741,0.05,0.001,97257,7,0.3
4242176,43,276,80102,0.15,0.004,62411,6,0.7
13430243,38,336,86943,0.15,0.001,45405,6,0.7
239862,25,492,36675,0.3,0.008,25189,18,0.7
1960439,31,420,63099,0.05,0.001,41004,6,0.7
28975878,43,276,300000,0.15,0.001,163553,8,0.5
6042436,34,384,157457,0.05,0.001,79046,7,0.5
1119791,39,324,31932,0.3,0.004,23364,17,0.5
4381438,58,96,44844,0.15,0.004,39994,8,0.3
8300448,45,252,66515,0.3,0.008,45078,19,0.5
10663633,54,144,72658,0.15,0.004,45999,9,0.3
1308900,31,420,74533,0.15,0.004,44986,8,0.7
25163316,58,96,90529,0.15,0.004,67467,8,0.5
49025,23,516,46673,0.15,0.004,31577,6,0.3
5206966,39,324,75667,0.15,0.004,51213,6,0.5
4364087,28,456,146086,0.05,0.001,72423,6,0.7
2752190,42,288,87078,0.05,0.001,66229,4,0.7
590974,34,384,43994,0.15,0.004,38409,6,0.5
19521668,47,228,128982,0.05,0.001,76525,7,0.5
128213887,59,84,244282,0.05,0.001,123373,4,0.5
511886,25,492,74591,0.05,0.001,57812,5,0.7
4449240,35,372,170205,0.05,0.001,85208,6,0.5
6302255,53,156,46616,0.15,0.004,41772,9,0.3
35558923,36,360,300000,0.05,0.001,144933,6,0.7
194430,25,492,57193,0.15,0.001,37086,7,0.5
6844631,47,228,88735,0.15,0.001,69293,8,0.7
237669,26,480,61654,0.05,0.001,49161,4,0.7
3057521,33,396,142326,0.05,0.001,95204,6,0.7
300661,35,372,43054,0.3,0.004,36043,18,0.5
33835380,53,156,91207,0.3,0.004,56762,14,0.3
91144075,49,204,300000,0.15,0.001,168161,9,0.3
11869,25,492,37949,0.15,0.001,42760,6,0.7
91931055,56,120,166803,0.05,0.001,92860,7,0.3
26017613,54,144,114186,0.15,0.001,72062,8,0.3
203088,29,444,43573,0.3,0.004,39591,13,0.5
241532,24,504,213864,0.05,0.001,88070,6,0.5
99240,26,480,34310,0.05,0.001,30547,4,0.3
458855,26,480,68511,0.15,0.004,55701,7,0.5
2749249,39,324,91771,0.05,0.001,59267,7,0.3
9296744,53,156,57180,0.15,0.004,36583,9,0.5
21061750,38,336,199042,0.15,0.004,92975,6,0.5
356150,39,324,34726,0.15,0.004,35867,8,0.7
1894791,32,408,102803,0.15,0.004,79117,9,0.7
38823475,55,132,132306,0.05,0.001,70773,7,0.3
5013847,49,204,49386,0.05,0.001,36456,4,0.3
23181654,33,396,242143,0.05,0.001,149919,4,0.7
63692,29,444,22751,0.15,0.004,23313,7,0.3
0,22,528,54693,0.15,0.001,38693,6,0.5
13333187,42,288,300000,0.15,0.001,189562,6,0.3
45017599,57,108,188180,0.05,0.001,90032,7,0.3
3964362,40,312,57060,0.15,0.004,41988,9,0.5
5689,23,516,20000,0.15,0.004,15169,8,0.5
6005615,41,300,222665,0.05,0.001,112219,6,0.7
15922782,41,300,122958,0.15,0.001,60592,7,0.5
3827360,36,360,69136,0.15,0.004,41776,6,0.5
7252197,54,144,87816,0.3,0.004,60810,10,0.3
55683888,48,216,202492,0.15,0.004,103730,6,0.3
76936,23,516,151704,0.15,0.004,70260,9,0.7
4599900,41,300,71842,0.05,0.001,41320,4,0.5
97490,23,516,107325,0.05,0.001,80902,7,0.5
22110055,56,120,94505,0.05,0.001,58700,5,0.5
8805804,45,252,55484,0.3,0.004,33260,11,0.5
0,22,528,300000,0.15,0.004,185277,8,0.5
4433034,41,300,122255,0.15,0.004,70334,6,0.5
51314,27,468,23865,0.15,0.004,19027,6,0.5
18444639,39,324,204495,0.15,0.001,87618,6,0.5
40597144,55,132,83410,0.15,0.004,46644,9,0.5
4520919,41,300,52487,0.15,0.001,38092,7,0.3
346464,36,360,35477,0.3,0.008,34911,17,0.5
7580216,59,84,103140,0.3,0.004,68685,21,0.3
6300614,31,420,300000,0.05,0.001,164887,6,0.7
214984,34,384,42659,0.15,0.004,36603,9,0.5
1098820,28,456,55593,0.15,0.004,36917,8,0.5
14148198,48,216,97094,0.15,0.001,66479,6,0.5
967173,39,324,38888,0.15,0.001,31124,6,0.3
1397271,30,432,64925,0.05,0.001,48795,5,0.7
8691482,31,420,121685,0.05,0.001,58069,4,0.7
125311316,55,132,300000,0.05,0.001,155551,5,0.5
29272790,41,300,189565,0.05,0.001,84558,6,0.5
817969,34,384,47430,0.05,0.001,37857,6,0.7
42393144,58,96,61629,0.05,0.001,38935,6,0.5
266889,23,516,74923,0.05,0.001,38799,6,0.5
4328100,46,240,76598,0.15,0.001,46411,9,0.7
5434444,35,372,300000,0.15,0.004,175659,8,0.7
39284212,44,264,300000,0.15,0.001,133536,7,0.3
6543111,28,456,180488,0.05,0.001,69176,7,0.7
2876692,59,84,39936,0.3,0.004,35360,8,0.3
151217866,58,96,178135,0.05,0.001,86371,5,0.5
7968385,29,444,300000,0.05,0.001,126384,4,0.7
6241,23,516,43702,0.15,0.004,35839,6,0.3
1767681,30,432,69356,0.15,0.004,48037,8,0.5
25447,26,480,38577,0.15,0.004,37928,7,0.5
2880506,33,396,71312,0.05,0.001,35242,5,0.5
21151978,57,108,62835,0.3,0.004,43052,17,0.5
2181620,38,336,31461,0.15,0.004,24237,6,0.5
28759181,44,264,216531,0.05,0.001,114136,4,0.7
0,22,528,300000,0.15,0.004,131188,7,0.3
5676036,38,336,65866,0.15,0.004,31583,6,0.5
506716,25,492,70889,0.05,0.001,46951,7,0.5
2810863,35,372,85629,0.15,0.004,59031,9,0.5
265741,34,384,24682,0.15,0.001,18528,9,0.5
14705697,47,228,300000,0.15,0.004,143259,6,0.5
14560495,44,264,120211,0.05,0.001,53848,7,0.7
151344,23,516,300000,0.05,0.001,173520,4,0.3
12311994,54,144,95418,0.05,0.001,64970,6,0.3
816348,39,324,44004,0.15,0.001,38919,6,0.3
7196920,49,204,95025,0.05,0.001,66779,6,0.5
5230042,36,360,128781,0.15,0.001,66243,6,0.3
10020853,30,432,300000,0.15,0.004,110724,7,0.7
17381754,51,180,140567,0.15,0.001,97757,7,0.5
1532916,52,168,29211,0.15,0.004,27088,7,0.3
7092435,41,300,109370,0.05,0.001,89632,4,0.7
36914,23,516,55567,0.15,0.001,34313,8,0.7
1466171,51,180,33306,0.3,0.004,36361,15,0.3
20665,24,504,46828,0.15,0.004,39606,6,0.5
821752,28,456,61606,0.05,0.001,32282,4,0.7
699048,43,276,36210,0.3,0.004,32794,14,0.7
130576849,48,216,300000,0.05,0.001,164942,6,0.3
144253497,56,120,300000,0.3,0.004,147679,9,0.3
1083891,26,480,94988,0.15,0.004,70469,7,0.7
4627747,49,204,79858,0.3,0.004,48852,22,0.5
8074053,40,312,73227,0.05,0.001,41114,6,0.3
842591,29,444,59192,0.15,0.004,39475,9,0.5
8326100,34,384,128518,0.05,0.001,64561,7,0.5
2005756,55,132,49750,0.3,0.008,47853,23,0.3
39724,30,432,22490,0.3,0.008,20409,20,0.7
13384643,42,288,158618,0.15,0.004,89544,7,0.5
8305858,39,324,73069,0.05,0.001,45602,4,0.5
3196760,46,240,55565,0.15,0.004,40498,6,0.5
38173191,46,240,202145,0.15,0.001,127857,7,0.3
3032556,38,336,103069,0.05,0.001,74786,5,0.5
11448420,51,180,100396,0.3,0.004,74063,20,0.3
23625084,56,120,62267,0.05,0.001,34868,7,0.5
0,22,528,20589,0.3,0.004,18675,14,0.3
24014484,54,144,100228,0.15,0.004,73103,8,0.5
6328875,54,144,71679,0.05,0.001,46379,4,0.3
8549078,58,96,81969,0.05,0.001,60797,7,0.3
20885113,34,384,300000,0.05,0.001,184561,6,0.5
242276,35,372,49295,0.3,0.008,44226,10,0.5
30320,23,516,119412,0.05,0.001,82521,5,0.5
494714,28,456,62786,0.05,0.001,39135,7,0.5
19232704,35,372,148974,0.05,0.001,48863,4,0.7
5033200,32,408,300000,0.15,0.004,197174,9,0.5
18600841,47,228,101933,0.15,0.004,60224,7,0.5
1118801,44,264,54971,0.15,0.004,39272,9,0.5
6572591,38,336,98670,0.15,0.004,70964,6,0.5
2842671,55,132,29912,0.15,0.004,23965,9,0.3
1403690,30,432,48019,0.05,0.001,38861,6,0.7
176366,27,468,42003,0.3,0.008,30770,12,0.5
217197,34,384,45267,0.05,0.001,40372,6,0.3
28602,25,492,20100,0.3,0.008,17152,18,0.5
1739889,39,324,43649,0.05,0.001,40371,5,0.7
6412821,40,312,139492,0.05,0.001,61308,7,0.7
1991177,31,420,89738,0.05,0.001,72886,6,0.5
84202,23,516,102914,0.15,0.004,71707,6,0.3
59452,24,504,50886,0.15,0.004,33583,6,0.3
2478449,29,444,115967,0.05,0.001,74371,7,0.7
2147703,46,240,39680,0.15,0.001,33654,8,0.3
531026,26,480,69877,0.15,0.001,50435,8,0.5
104679283,59,84,130290,0.05,0.001,78208,5,0.3
13168182,50,192,105673,0.15,0.004,73436,8,0.3
4724020,31,420,269852,0.05,0.001,168922,6,0.5
7849,23,516,34853,0.05,0.001,34706,4,0.3
6692004,39,324,67067,0.15,0.001,40939,7,0.7
1451016,36,360,43310,0.15,0.004,25366,9,0.7
98511513,59,84,104150,0.05,0.001,69425,7,0.3
19282909,39,324,127197,0.05,0.001,53065,5,0.7
239260,23,516,79622,0.05,0.001,50199,4,0.3
51288,27,468,38558,0.15,0.004,34884,8,0.3
98344236,47,228,244582,0.15,0.001,120056,6,0.3
19064078,51,180,151522,0.05,0.001,73785,5,0.3
0,22,528,168687,0.05,0.001,99319,5,0.5
1097712,31,420,50877,0.15,0.001,25169,9,0.7
18513284,43,276,300000,0.15,0.001,158814,7,0.5
2157145,52,168,35777,0.3,0.004,28739,19,0.3
16066,25,492,24744,0.15,0.001,22893,8,0.5
45507,36,360,38418,0.15,0.001,37599,8,0.7
12364559,54,144,61453,0.15,0.004,33618,9,0.5
30476617,49,204,97047,0.05,0.001,50723,5,0.5
9514831,47,228,121531,0.05,0.001,73690,6,0.3
319946,27,468,53414,0.05,0.001,43339,6,0.5
5770444,48,216,87271,0.15,0.004,43895,6,0.7
16919809,40,312,178473,0.05,0.001,98766,5,0.7
1086227,37,348,51102,0.15,0.004,40077,7,0.5
15867388,56,120,117305,0.05,0.001,76554,7,0.3
43541121,49,204,300000,0.05,0.001,203406,7,0.5
74576854,51,180,211322,0.05,0.001,119112,7,0.3
1425073,33,396,80798,0.05,0.001,58367,5,0.7
1673786,59,84,45661,0.3,0.004,39478,23,0.3
10157927,50,192,70556,0.05,0.001,52034,6,0.3
23182258,41,300,160388,0.05,0.001,108301,7,0.5
557584,39,324,27513,0.15,0.004,23573,9,0.3
0,22,528,61799,0.15,0.004,42637,9,0.5
1520279,25,492,204541,0.05,0.001,122967,5,0.7
78422839,57,108,129046,0.05,0.001,69830,4,0.3
335830,25,492,54679,0.15,0.001,31075,8,0.5
4811652,58,96,44379,0.3,0.008,38150,8,0.3
2631490,40,312,68150,0.15,0.001,43896,8,0.7
21220368,56,120,88809,0.15,0.004,54258,6,0.3
114980525,46,240,214457,0.05,0.001,126081,7,0.5
92555747,58,96,203679,0.05,0.001,94511,6,0.5
1027000,26,480,300000,0.3,0.008,185124,18,0.7
6475543,57,108,51631,0.05,0.001,33315,6,0.5
87305,29,444,31919,0.15,0.004,30337,7,0.7
17771526,32,408,300000,0.15,0.004,97989,6,0.7
4896904,32,408,128707,0.05,0.001,68776,5,0.7
3827274,34,384,90340,0.05,0.001,56907,6,0.5
49642763,57,108,188813,0.15,0.004,136705,7,0.3
75819744,50,192,239472,0.05,0.001,110715,5,0.3
106934545,56,120,300000,0.15,0.001,140796,8,0.3
6170527,44,264,86521,0.15,0.004,52370,6,0.7
2773325,52,168,38762,0.15,0.004,29326,8,0.5
2475633,40,312,69910,0.05,0.001,43215,7,0.5
153084,28,456,24806,0.15,0.001,21615,8,0.5
1821201,33,396,73885,0.05,0.001,50053,5,0.7
145638409,55,132,122501,0.15,0.004,54812,9,0.3
52235,29,444,35842,0.15,0.001,35247,7,0.7
10719019,50,192,127880,0.05,0.001,73513,7,0.3
3349673,30,432,119775,0.05,0.001,65944,4,0.5
8504870,50,192,80430,0.15,0.004,43743,9,0.3
19403595,57,108,94778,0.3,0.004,42409,18,0.5
21652,24,504,40729,0.15,0.001,36788,8,0.5
26404956,59,84,156558,0.05,0.001,85735,7,0.5
81406265,54,144,128095,0.05,0.001,75308,7,0.3
1736008,36,360,117808,0.05,0.001,100741,4,0.3
91120217,47,228,158940,0.05,0.001,62506,6,0.5
8972008,39,324,137507,0.05,0.001,51173,7,0.5
93080067,49,204,300000,0.15,0.004,118521,8,0.3
23755258,47,228,86101,0.15,0.001,57590,6,0.5
2439229,56,120,45539,0.3,0.008,37479,13,0.5
17063736,52,168,115495,0.15,0.004,87904,7,0.5
334815,24,504,97003,0.15,0.001,73730,7,0.5
4342793,27,468,124686,0.05,0.001,49107,4,0.5
132211174,57,108,258911,0.05,0.001,128714,5,0.3
2675555,47,228,75877,0.3,0.004,52756,8,0.7
2957343,54,144,55467,0.15,0.004,36022,7,0.3
2934596,53,156,36066,0.3,0.008,30975,13,0.5
12429620,57,108,64900,0.3,0.008,34147,15,0.5
10320338,47,228,86768,0.05,0.001,66022,5,0.5
1416716,30,432,102127,0.05,0.001,80278,4,0.7
0,22,528,92390,0.05,0.001,58968,7,0.5
390252,32,408,66031,0.15,0.004,46244,9,0.5
26741220,41,300,300000,0.3,0.004,151439,19,0.5
5736151,27,468,197023,0.05,0.001,115869,5,0.7
1170179,49,204,39906,0.3,0.004,37332,21,0.5
4237705,36,360,101238,0.3,0.008,62728,11,0.7
143836,29,444,27556,0.15,0.001,25066,6,0.5
8921596,27,468,300000,0.05,0.001,135328,6,0.7
114212,31,420,46756,0.15,0.004,41763,6,0.5
17792666,43,276,115990,0.05,0.001,67192,4,0.7
20375770,37,348,205915,0.05,0.001,83211,6,0.3
2821533,46,240,59151,0.3,0.004,36912,20,0.5
11916510,54,144,70528,0.3,0.008,35354,23,0.3
8631001,43,276,134806,0.15,0.001,80063,7,0.7
110539825,46,240,179314,0.05,0.001,86673,5,0.3
34220136,51,180,73142,0.05,0.001,45865,7,0.3
16223412,39,324,134653,0.05,0.001,72973,4,0.7
39818,25,492,40570,0.3,0.008,38476,23,0.7
13603317,28,456,166119,0.05,0.001,77094,6,0.7
2444179,37,348,58635,0.15,0.004,31050,8,0.5
1328967,31,420,104892,0.05,0.001,72303,4,0.7
19894077,54,144,137962,0.15,0.001,67716,8,0.3
537514,49,204,40001,0.3,0.004,31707,19,0.5
30788,24,504,49931,0.15,0.004,40492,9,0.7
11196663,44,264,109567,0.05,0.001,62926,7,0.5
123796,26,480,46485,0.15,0.001,36838,7,0.3
1078241,38,336,42325,0.3,0.004,33170,16,0.3
5122844,30,432,300000,0.15,0.001,108623,8,0.5
20968579,55,132,145896,0.15,0.004,73309,7,0.5
4482862,39,324,117131,0.15,0.004,78150,7,0.5
2435620,36,360,78720,0.3,0.004,55517,23,0.5
89198586,48,216,131365,0.05,0.001,48075,5,0.5
5681095,43,276,57980,0.15,0.004,32201,8,0.3
31504874,59,84,73894,0.15,0.001,48707,6,0.3
169704,24,504,80118,0.05,0.001,50016,4,0.3
1094916,33,396,66003,0.15,0.001,37466,9,0.7
2361468,34,384,100047,0.05,0.001,78105,7,0.5
32157743,48,216,136016,0.05,0.001,73617,5,0.5
89739674,51,180,170253,0.05,0.001,83796,7,0.3
3308273,42,288,55885,0.3,0.008,39749,18,0.3
6096946,41,300,92209,0.05,0.001,61864,4,0.7
4443382,36,360,300000,0.3,0.008,200537,18,0.5
34195141,42,288,300000,0.05,0.001,119445,5,0.5
24289738,52,168,178006,0.15,0.001,98774,9,0.3
45312067,49,204,142462,0.05,0.001,56160,7,0.5
8642350,44,264,62328,0.05,0.001,39003,5,0.7
8558516,50,192,65391,0.15,0.004,41774,9,0.5
17838278,55,132,91831,0.15,0.001,56788,6,0.5
74366,33,396,35792,0.15,0.004,36900,8,0.5
2808358,28,456,114421,0.05,0.001,79308,5,0.7
34851226,56,120,87842,0.05,0.001,66901,6,0.5
218636,34,384,29738,0.15,0.004,28294,7,0.3
2225447,39,324,72650,0.3,0.008,45932,9,0.5
88718,23,516,61909,0.05,0.001,36833,4,0.5
27457249,48,216,224404,0.05,0.001,130819,6,0.5
29905874,46,240,300000,0.15,0.004,182712,7,0.3
155543,37,348,29315,0.15,0.001,24490,8,0.7
89984305,50,192,300000,0.05,0.001,145116,6,0.5
922817,27,468,65580,0.15,0.004,37640,9,0.5
2054867,55,132,49468,0.3,0.004,46542,19,0.3
18866054,49,204,191018,0.05,0.001,138823,7,0.5
4242604,55,132,53403,0.15,0.001,28828,8,0.3
1184176,39,324,99351,0.05,0.001,74601,6,0.3
733851,28,456,79929,0.05,0.001,57129,4,0.7
39065553,51,180,136700,0.15,0.004,66628,7,0.3
4792883,32,408,73987,0.05,0.001,45854,7,0.7
11849092,43,276,141463,0.15,0.004,66814,6,0.7
5901538,39,324,63608,0.15,0.001,35844,8,0.5
5452462,57,108,35617,0.3,0.008,27366,23,0.3
33332628,52,168,94231,0.3,0.004,48263,12,0.5
1233005,42,288,49342,0.05,0.001,44486,4,0.5
1155576,35,372,66386,0.05,0.001,50228,5,0.7
3950452,48,216,51014,0.15,0.004,35280,7,0.5
10660177,50,192,117899,0.05,0.001,98483,7,0.5
15046342,56,120,87515,0.15,0.001,48561,8,0.5
18682963,44,264,123774,0.05,0.001,64550,6,0.5
1535843,30,432,54709,0.05,0.001,38720,5,0.7
4923381,41,300,75222,0.3,0.008,51999,10,0.5
120340153,45,252,300000,0.05,0.001,97138,5,0.3
1235968,29,444,79904,0.05,0.001,51946,4,0.5
5114,23,516,38961,0.15,0.004,32059,8,0.5
6003469,38,336,153092,0.05,0.001,75903,5,0.5
160366282,52,168,246846,0.05,0.001,99730,6,0.3
64664,30,432,34526,0.3,0.004,32336,17,0.5
9613495,51,180,58794,0.3,0.004,41594,20,0.3
17139859,41,300,82934,0.05,0.001,54056,6,0.7
25806369,45,252,148989,0.05,0.001,69437,6,0.7
88882112,50,192,295144,0.05,0.001,169361,4,0.7
1522612,39,324,33085,0.15,0.001,23757,7,0.3
52128,24,504,20000,0.3,0.004,15733,18,0.7
3314973,40,312,55414,0.3,0.004,36809,17,0.5
16495969,43,276,155125,0.15,0.004,74417,8,0.5
13831046,44,264,52740,0.05,0.001,31434,5,0.5
25300310,41,300,172917,0.05,0.001,90160,6,0.5
998072,29,444,71395,0.15,0.004,41892,6,0.7
216709,27,468,53176,0.15,0.001,43865,7,0.5
49735363,36,360,300000,0.05,0.001,128404,4,0.3
40126964,53,156,148691,0.15,0.004,87331,8,0.5
2263325,55,132,41205,0.3,0.008,32140,8,0.3
1877670,34,384,64002,0.15,0.001,35998,7,0.7
1675903,35,372,56339,0.15,0.004,32517,6,0.5
2968658,33,396,81746,0.15,0.004,42337,6,0.7
2396538,40,312,51019,0.3,0.008,32110,14,0.7
1897528,32,408,103846,0.05,0.001,62392,5,0.5
43342,26,480,32225,0.3,0.004,27218,19,0.5
819692,37,348,34409,0.15,0.004,27981,8,0.5
82145663,57,108,300000,0.3,0.008,116613,18,0.5
1226359,27,468,64565,0.05,0.001,39092,7,0.5
39868006,43,276,277448,0.05,0.001,117095,5,0.5
4296114,43,276,67053,0.3,0.004,40435,19,0.5
5904425,58,96,66453,0.3,0.008,38088,22,0.3
839762,34,384,27617,0.05,0.001,20763,5,0.7
10760705,48,216,73044,0.05,0.001,47949,6,0.7
600425,33,396,38967,0.15,0.001,34477,8,0.7
0,22,528,130592,0.05,0.001,54980,4,0.5
5068656,46,240,94775,0.05,0.001,79522,4,0.5
154105233,56,120,238577,0.05,0.001,118599,6,0.5
3701263,36,360,70804,0.15,0.004,49674,9,0.3
7486617,40,312,87797,0.05,0.001,56192,5,0.7
2931057,43,276,67907,0.3,0.004,46369,20,0.5
4148465,48,216,42374,0.15,0.004,30882,7,0.3
895027,26,480,82476,0.05,0.001,64135,7,0.7
31710853,39,324,300000,0.05,0.001,199374,4,0.5
9361470,38,336,143570,0.15,0.004,66013,8,0.5
1518831,27,468,63778,0.15,0.004,39353,8,0.5
18577709,48,216,84357,0.05,0.001,52137,6,0.7
59124,25,492,22527,0.3,0.004,17915,12,0.7
69141287,59,84,107562,0.15,0.004,59703,9,0.3
25891284,41,300,93998,0.15,0.004,55545,8,0.5
4106293,35,372,141731,0.15,0.004,61035,9,0.3
303921,43,276,39044,0.3,0.004,31758,8,0.5
2072000,40,312,72213,0.15,0.004,46781,6,0.7
3364823,34,384,193926,0.05,0.001,142147,5,0.7
6974859,40,312,114736,0.15,0.004,85725,7,0.5
13709455,43,276,300000,0.15,0.004,162981,8,0.3
1008421,27,468,78196,0.05,0.001,49851,7,0.5
10524230,35,372,91001,0.05,0.001,54070,6,0.3
85133685,55,132,123112,0.05,0.001,59674,6,0.3
3219878,36,360,111473,0.15,0.004,80041,8,0.3
9577477,50,192,117482,0.05,0.001,79573,4,0.3
12797369,54,144,65865,0.15,0.004,43750,7,0.5
0,22,528,45071,0.15,0.001,35090,6,0.3
6528779,45,252,84371,0.15,0.004,51799,6,0.7
4570123,46,240,71935,0.3,0.004,53080,10,0.5
33527865,57,108,141865,0.05,0.001,69160,6,0.3
34843912,56,120,167914,0.05,0.001,124383,6,0.3
47812604,52,168,186363,0.05,0.001,103123,4,0.3
17400190,54,144,68147,0.3,0.008,48413,20,0.5
521856,26,480,80137,0.05,0.001,44303,4,0.5
77176,23,516,49719,0.15,0.004,38736,7,0.7
114339756,53,156,122693,0.15,0.001,67253,7,0.3
5213628,27,468,300000,0.05,0.001,138373,6,0.7
1123984,30,432,63980,0.15,0.004,35668,7,0.5
41646,28,456,31864,0.3,0.004,31339,15,0.3
279604,30,432,28113,0.15,0.004,19893,9,0.5
3894816,32,408,136048,0.15,0.004,66661,6,0.7
101882695,59,84,127695,0.15,0.001,63694,9,0.5
4659,23,516,41007,0.15,0.001,40966,7,0.5
8700790,37,348,127820,0.15,0.004,71038,9,0.3
115113,24,504,82228,0.15,0.001,52810,7,0.7
23158950,42,288,197957,0.05,0.001,106431,7,0.7
69418,24,504,62098,0.05,0.001,35610,5,0.3
5014258,34,384,76010,0.05,0.001,45637,5,0.7
269659,24,504,300000,0.15,0.004,158616,6,0.7
283428,29,444,37775,0.15,0.004,32962,9,0.7
136272110,58,96,276616,0.05,0.001,147555,7,0.3
145598,33,396,35518,0.15,0.001,34650,9,0.5
2687034,28,456,101149,0.05,0.001,67946,6,0.7
3039589,31,420,105242,0.05,0.001,57416,7,0.5
4851312,39,324,73762,0.15,0.001,48796,7,0.3
261151,55,132,23629,0.3,0.004,21083,16,0.5
1424471,29,444,107473,0.05,0.001,62494,5,0.7
7091103,44,264,83265,0.15,0.001,44243,9,0.5
28031000,49,204,67899,0.05,0.001,45046,6,0.5
1933485,31,420,68149,0.15,0.004,43109,8,0.7
1856502,32,408,56096,0.15,0.001,33360,7,0.7
19992342,41,300,300000,0.05,0.001,161039,4,0.5
5710827,43,276,95338,0.15,0.004,61762,7,0.3
1566469,32,408,67243,0.15,0.004,43132,7,0.5
14836827,39,324,117296,0.05,0.001,67005,6,0.3
0,22,528,25688,0.15,0.004,21843,8,0.3
1784554,47,228,60575,0.15,0.004,36734,8,0.3
266639,34,384,48082,0.15,0.004,40646,7,0.3
9842847,43,276,108277,0.15,0.004,64549,6,0.7
1466020,44,264,95934,0.15,0.004,81188,7,0.5
1617843,33,396,92907,0.15,0.001,60338,9,0.7
24433035,50,192,128739,0.15,0.001,86234,8,0.5
35414263,46,240,133738,0.05,0.001,59231,4,0.3
1055340,33,396,74207,0.15,0.001,50440,6,0.5
896488,51,180,37422,0.3,0.004,35166,23,0.3
3997535,44,264,107232,0.05,0.001,77800,6,0.3
199464173,56,120,222930,0.05,0.001,89346,6,0.5
2606033,38,336,54115,0.3,0.008,30589,18,0.7
1957574,55,132,51139,0.15,0.004,37114,9,0.3
15185341,38,336,201609,0.15,0.001,85044,8,0.3
88313,23,516,72928,0.05,0.001,42680,4,0.5
12302191,32,408,120584,0.05,0.001,53572,7,0.7
1000344,30,432,84854,0.05,0.001,51552,4,0.5
0,22,528,81477,0.15,0.001,50336,7,0.7
1953468,42,288,76085,0.15,0.001,60662,9,0.5
7443775,28,456,300000,0.15,0.004,118211,6,0.7
2573550,49,204,41348,0.15,0.001,32139,7,0.3
3276604,59,84,58775,0.3,0.004,36499,22,0.3
4623383,43,276,73687,0.05,0.001,50313,5,0.5
15214,24,504,27507,0.15,0.004,25942,9,0.5
485067,35,372,34629,0.3,0.004,31345,15,0.7
2384296,52,168,39567,0.05,0.001,39228,7,0.5
14775582,36,360,144838,0.15,0.004,73645,8,0.5
16859397,57,108,77227,0.15,0.001,54481,7,0.3
38807335,59,84,129525,0.15,0.004,72378,6,0.5
34651983,55,132,90305,0.15,0.001,43380,6,0.3
23133613,56,120,114062,0.15,0.001,79738,8,0.5
37418300,49,204,300000,0.05,0.001,195097,5,0.5
2319580,38,336,75293,0.15,0.001,48313,6,0.5
2860850,48,216,61775,0.3,0.008,47506,22,0.5
0,22,528,23264,0.3,0.008,19034,21,0.5
14533929,49,204,99813,0.05,0.001,59754,6,0.5
4667448,51,180,63325,0.3,0.008,40796,10,0.3
7417060,41,300,64676,0.15,0.004,49511,9,0.5
1707481,32,408,81038,0.05,0.001,60492,5,0.7
158519,25,492,52070,0.05,0.001,29997,6,0.3
124484,25,492,94551,0.15,0.001,79115,6,0.3
1885258,34,384,300000,0.3,0.004,174053,23,0.7
27873274,50,192,105708,0.05,0.001,63010,6,0.3
4441898,33,396,112592,0.15,0.001,68675,6,0.5
42341,25,492,29224,0.3,0.008,35526,8,0.5
372073,28,456,67594,0.15,0.004,52561,8,0.5
13217476,56,120,73595,0.05,0.001,62654,4,0.3
2566563,27,468,137336,0.05,0.001,66425,5,0.7
1308397,41,300,43510,0.15,0.001,34405,6,0.5
23172489,58,96,74321,0.15,0.001,39160,8,0.5
196892,23,516,82372,0.05,0.001,56265,6,0.5
3069485,46,240,63282,0.15,0.001,34932,9,0.3
13171266,54,144,70964,0.3,0.004,48604,19,0.3
95793373,51,180,300000,0.15,0.001,144539,8,0.5
11334790,58,96,60369,0.3,0.004,41887,19,0.5
9355644,49,204,89242,0.15,0.004,61894,6,0.5
23174396,37,348,213201,0.05,0.001,94706,5,0.5
1364981,44,264,33185,0.3,0.008,25257,9,0.7
107947928,48,216,144063,0.05,0.001,67067,6,0.3
7372362,29,444,250968,0.05,0.001,151355,4,0.7
287779,23,516,278946,0.05,0.001,139050,4,0.5
15277461,43,276,117986,0.15,0.001,61451,7,0.5
2225876,45,252,33041,0.15,0.004,24387,6,0.3
31605,27,468,33728,0.15,0.001,33932,7,0.3
20661474,43,276,121761,0.05,0.001,64266,7,0.5
340441,45,252,46521,0.15,0.004,44328,6,0.5
29686985,41,300,156206,0.05,0.001,94168,6,0.5
8759976,37,348,121734,0.15,0.004,69725,9,0.3
11182392,57,108,86917,0.3,0.004,47485,20,0.3
2670846,42,288,117721,0.15,0.004,87469,8,0.5
3459156,35,372,106871,0.15,0.001,72468,9,0.5
915716,30,432,28659,0.05,0.001,22375,4,0.7
4517790,51,180,59088,0.15,0.001,38578,8,0.3
548506,31,420,39099,0.15,0.001,28875,7,0.5
1330270,35,372,43118,0.15,0.001,33341,9,0.3
10969900,54,144,79400,0.15,0.004,53871,9,0.3
101751047,58,96,194409,0.05,0.001,93566,5,0.3
9399994,30,432,188325,0.05,0.001,98110,5,0.5
29312728,57,108,300000,0.15,0.004,182727,8,0.3
8061725,48,216,106199,0.05,0.001,63677,6,0.5
8301875,43,276,65583,0.3,0.004,42704,22,0.3
30039722,57,108,95919,0.15,0.004,53231,6,0.3
35263,31,420,20000,0.3,0.008,18483,13,0.3
73775025,51,180,195998,0.15,0.004,105912,7,0.5
0,22,528,40213,0.15,0.004,32407,9,0.5
4582672,44,264,96275,0.15,0.001,75379,8,0.7
288133,35,372,21254,0.15,0.001,16353,6,0.7
1936453,40,312,41720,0.15,0.004,32026,6,0.5
3191115,55,132,35158,0.15,0.004,30622,8,0.3
1280182,45,252,27262,0.3,0.004,20736,20,0.3
9792428,47,228,72550,0.05,0.001,44712,6,0.5
1865725,51,180,107367,0.15,0.001,87082,7,0.3
609501,32,408,93228,0.15,0.004,75470,7,0.5
5553098,43,276,54157,0.15,0.004,35052,6,0.3
1201924,49,204,32549,0.15,0.001,30471,7,0.5
2562754,37,348,59657,0.15,0.004,37504,9,0.3
13151,23,516,45735,0.05,0.001,38769,6,0.5
43696108,54,144,106059,0.15,0.004,52666,6,0.3
930780,56,120,39481,0.3,0.004,38474,20,0.3
428730,30,432,65237,0.05,0.001,40825,6,0.3
56466,24,504,58128,0.15,0.001,45888,6,0.5
36802457,42,288,300000,0.05,0.001,134298,6,0.5
1359821,37,348,40319,0.05,0.001,30921,5,0.3
21969951,54,144,293653,0.05,0.001,205305,7,0.3
26121231,56,120,76784,0.15,0.001,46668,6,0.3
3705025,35,372,64143,0.15,0.001,47111,6,0.3
11197347,52,168,29013,0.15,0.004,20235,7,0.3
5646899,35,372,76973,0.05,0.001,44750,5,0.5
454737,45,252,41883,0.3,0.008,39566,16,0.5
11810194,45,252,115244,0.05,0.001,77693,4,0.7
559463,35,372,45788,0.15,0.004,37805,7,0.5
5472531,32,408,137551,0.05,0.001,84507,7,0.5
14214389,53,156,75808,0.15,0.001,49049,7,0.3
17529866,54,144,69693,0.15,0.001,37142,6,0.3
8323033,59,84,90040,0.15,0.004,62346,6,0.3
10288579,36,360,149507,0.05,0.001,99323,4,0.5
131294011,58,96,300000,0.15,0.001,157750,6,0.3
90294037,59,84,300000,0.3,0.008,124575,10,0.3
2974172,44,264,63116,0.05,0.001,37333,6,0.5
111239,27,468,33708,0.05,0.001,29900,4,0.5
11626123,54,144,171196,0.05,0.001,65302,7,0.3
129764821,48,216,300000,0.15,0.001,200264,8,0.5
159004101,53,156,264254,0.15,0.004,114457,6,0.3
162330,27,468,30017,0.05,0.001,23198,6,0.3
216995,29,444,40934,0.15,0.001,32143,7,0.5
17036260,51,180,106803,0.05,0.001,71582,4,0.3
6436599,41,300,69096,0.3,0.008,42058,19,0.3
11327018,56,120,77368,0.15,0.004,53877,7,0.3
599946,34,384,44659,0.05,0.001,39440,4,0.7
18849304,46,240,141602,0.05,0.001,82103,6,0.3
240888,28,456,60365,0.15,0.001,50568,6,0.5
14405709,54,144,75652,0.3,0.008,50778,18,0.3
247671,30,432,23175,0.15,0.001,19043,9,0.3
13022262,38,336,102347,0.05,0.001,62178,6,0.5
94888290,58,96,160523,0.05,0.001,101870,4,0.3
196107,26,480,47532,0.15,0.004,36142,9,0.3
3661098,38,336,72380,0.15,0.004,52694,8,0.3
24270087,54,144,148086,0.15,0.004,71176,8,0.3
12075420,42,288,88858,0.15,0.001,64685,8,0.7
1087301,35,372,39364,0.15,0.001,30120,8,0.5
1253131,28,456,80751,0.05,0.001,48104,6,0.7
11342172,31,420,165642,0.05,0.001,90906,4,0.5
31746118,56,120,93426,0.15,0.004,42040,6,0.5
174865309,57,108,220286,0.05,0.001,144635,7,0.3
311467,25,492,50955,0.3,0.008,33403,17,0.3
504554,28,456,65314,0.15,0.004,40516,8,0.7
108171,24,504,87495,0.05,0.001,74386,7,0.7
32548233,54,144,85404,0.05,0.001,57540,4,0.3
4580361,46,240,62792,0.3,0.008,40332,15,0.5
874631,36,360,45815,0.15,0.001,37618,9,0.5
4526298,51,180,87440,0.3,0.004,53983,14,0.3
72346052,56,120,160583,0.05,0.001,88532,4,0.3
84179988,56,120,196652,0.05,0.001,144695,4,0.3
4919429,55,132,47790,0.05,0.001,37588,4,0.5
4638730,43,276,52523,0.15,0.004,33980,7,0.3
392784,35,372,36834,0.15,0.004,30352,9,0.5
45196,31,420,24973,0.15,0.001,29663,8,0.5
684584,36,360,60749,0.15,0.004,49258,9,0.3
49936982,58,96,104096,0.05,0.001,60622,7,0.5
9524854,54,144,84907,0.15,0.004,57222,8,0.3
2549055,44,264,82710,0.3,0.008,52077,20,0.5
15238,24,504,44193,0.15,0.004,32833,8,0.5
698944,35,372,42658,0.05,0.001,38934,5,0.7
427306,37,348,44102,0.15,0.004,43766,6,0.3
4060823,54,144,82897,0.15,0.001,72229,9,0.3
39488456,53,156,135482,0.05,0.001,63673,4,0.5
8445378,32,408,300000,0.15,0.001,140033,9,0.7
2581174,30,432,83553,0.05,0.001,48476,7,0.5
6842505,47,228,74560,0.15,0.004,46890,8,0.5
24256119,56,120,153508,0.15,0.004,78665,7,0.5
16188246,50,192,73083,0.05,0.001,49430,7,0.5
3297649,35,372,87025,0.05,0.001,63539,4,0.5
166628551,54,144,228681,0.05,0.001,89136,7,0.3
1681561,41,300,79856,0.15,0.004,67038,7,0.3
616864,41,300,78568,0.15,0.004,69289,7,0.3
261637,32,408,59553,0.15,0.001,52044,8,0.3
26056,23,516,103658,0.05,0.001,86329,4,0.5
22837150,39,324,132025,0.05,0.001,55817,7,0.5
803955,37,348,60079,0.15,0.004,35739,6,0.5
125182,25,492,25407,0.05,0.001,19322,5,0.7
1157857,33,396,33851,0.3,0.004,27036,22,0.7
799808,48,216,33336,0.3,0.004,25022,14,0.5
17874591,33,396,300000,0.3,0.004,131552,16,0.5
0,22,528,300000,0.15,0.004,135469,9,0.7
85791,23,516,55947,0.05,0.001,41467,7,0.5
297264,25,492,97876,0.05,0.001,82952,7,0.5
3933296,52,168,35597,0.15,0.001,26152,7,0.5
3390425,45,252,55639,0.15,0.004,34057,8,0.7
272285,39,324,27879,0.15,0.001,26319,9,0.5
16759268,41,300,300000,0.15,0.004,177021,8,0.5
13134512,46,240,108157,0.05,0.001,74622,4,0.5
1536233,27,468,116974,0.05,0.001,83565,4,0.5
1960701,38,336,71174,0.3,0.004,50068,17,0.3
24746594,40,312,175771,0.05,0.001,121087,7,0.3
0,22,528,30840,0.15,0.001,26983,7,0.7
12682,23,516,73142,0.3,0.008,53995,8,0.5
39214,23,516,52976,0.15,0.001,30588,6,0.3
3018900,27,468,166504,0.05,0.001,102398,6,0.7
9014455,56,120,81578,0.05,0.001,65955,4,0.3
48743673,52,168,167711,0.05,0.001,74048,7,0.3
297352,31,420,40961,0.05,0.001,33811,6,0.5
5388045,32,408,86237,0.15,0.004,52832,9,0.5
17741124,58,96,158730,0.15,0.004,101685,9,0.5
4776063,59,84,31696,0.15,0.004,23112,6,0.3
0,22,528,20000,0.15,0.001,17899,8,0.5
107667258,57,108,130764,0.05,0.001,76170,4,0.3
16613139,52,168,182149,0.15,0.004,69190,6,0.3
10877277,33,396,171646,0.15,0.004,102230,9,0.5
57305945,43,276,181348,0.05,0.001,83516,6,0.7
11139380,49,204,94725,0.15,0.001,69671,8,0.3
927937,37,348,44753,0.3,0.004,35115,8,0.5
7276175,44,264,117944,0.15,0.004,80719,6,0.3
2910021,48,216,37424,0.15,0.004,32483,7,0.7
12869315,30,432,221410,0.05,0.001,147146,7,0.5
2566420,45,252,62177,0.3,0.008,37408,11,0.3
1022568,35,372,52701,0.15,0.001,34299,7,0.5
11523792,53,156,135451,0.05,0.001,98181,6,0.3
65008757,58,96,65236,0.15,0.001,37053,7,0.5
3727266,41,300,87846,0.15,0.001,73058,9,0.5
12960675,43,276,91535,0.05,0.001,62694,4,0.3
22599690,53,156,127143,0.05,0.001,74475,7,0.5
20847912,57,108,89894,0.15,0.004,59665,7,0.3
1800012,43,276,100328,0.15,0.001,65464,9,0.5
296452,38,336,47222,0.3,0.008,46200,10,0.5
3116967,49,204,65334,0.3,0.004,50618,16,0.3
33254468,42,288,117028,0.05,0.001,75383,4,0.7
268318,25,492,51567,0.15,0.004,27863,9,0.5
31241,23,516,50285,0.05,0.001,31081,7,0.3
1691244,52,168,45592,0.15,0.001,40360,8,0.3
265493,39,324,36205,0.15,0.004,40602,7,0.5
3624959,43,276,63856,0.3,0.008,39591,19,0.3
370391,25,492,63128,0.15,0.001,38241,8,0.3
2902823,45,252,61888,0.3,0.004,37667,9,0.3
93289666,56,120,149129,0.15,0.001,83494,7,0.3
15298671,58,96,66283,0.05,0.001,43114,4,0.3
3357254,33,396,82666,0.15,0.004,45395,7,0.7
10797214,49,204,68833,0.15,0.001,52774,7,0.5
191163709,52,168,300000,0.05,0.001,143136,5,0.5
23558550,56,120,53480,0.3,0.008,42175,15,0.3
4328570,32,408,137870,0.15,0.004,89325,6,0.7
9092259,48,216,141775,0.15,0.004,80444,6,0.5
717195,37,348,47979,0.15,0.004,39197,7,0.3
20546967,57,108,300000,0.05,0.001,200568,4,0.5
3080401,43,276,59994,0.3,0.008,37307,23,0.3
7200029,41,300,109151,0.15,0.001,74980,8,0.5
828071,48,216,36761,0.15,0.001,27702,7,0.5
372089,40,312,49721,0.15,0.004,51336,6,0.7
447506,38,336,34899,0.15,0.004,31398,6,0.5
8133907,46,240,64525,0.3,0.008,40227,8,0.3
31927792,49,204,165772,0.05,0.001,81671,6,0.3
14849996,45,252,141104,0.05,0.001,93562,5,0.5
180043,36,360,38821,0.15,0.001,36597,6,0.3
1014847,59,84,20000,0.15,0.004,17594,6,0.3
38255398,49,204,209854,0.15,0.001,128166,7,0.7
6943588,28,456,192216,0.05,0.001,85398,6,0.7
4536105,44,264,80065,0.15,0.001,59025,9,0.3
6761503,55,132,76541,0.15,0.004,51924,8,0.3
10757393,33,396,123647,0.15,0.001,48805,7,0.5
5132102,36,360,65607,0.15,0.004,40909,6,0.5
10230418,45,252,58356,0.05,0.001,36803,7,0.5
5112090,31,420,76521,0.05,0.001,46431,4,0.7
2559409,33,396,110745,0.05,0.001,69067,5,0.5
1185650,52,168,61198,0.15,0.004,54829,6,0.5
360049,28,456,28489,0.05,0.001,20129,6,0.5
0,22,528,34743,0.15,0.004,29123,7,0.7
2722822,59,84,35486,0.15,0.001,26384,9,0.3
36831102,39,324,148202,0.05,0.001,62554,5,0.5
4315241,55,132,41553,0.15,0.004,36734,7,0.3
11402144,48,216,99639,0.15,0.004,84074,8,0.7
11838679,57,108,73070,0.15,0.004,47189,6,0.5
7076691,37,348,95582,0.15,0.004,56898,8,0.5
1556807,43,276,29243,0.15,0.001,24149,9,0.5
7871076,38,336,124897,0.05,0.001,74789,7,0.5
16108089,51,180,96014,0.15,0.004,59296,9,0.3
16153647,44,264,145820,0.05,0.001,83414,6,0.5
90451650,55,132,255053,0.05,0.001,107591,7,0.3
386870,24,504,300000,0.3,0.004,176850,18,0.5
204004,25,492,55219,0.15,0.001,29904,6,0.5
4470210,42,288,59565,0.15,0.004,32919,6,0.5
5403,24,504,38325,0.15,0.001,38354,6,0.5
5087745,49,204,56984,0.3,0.008,36474,16,0.3
3271790,54,144,60854,0.3,0.008,51136,13,0.3
30868246,45,252,177974,0.05,0.001,94570,7,0.3
0,22,528,30599,0.15,0.001,26866,9,0.3
220675,25,492,30487,0.05,0.001,21519,4,0.5
1130445,47,228,36207,0.15,0.004,30781,8,0.7
16751341,55,132,85972,0.15,0.001,46860,8,0.3
25982389,38,336,124890,0.05,0.001,74369,6,0.3
1228702,35,372,20128,0.15,0.004,15525,7,0.5
10512761,57,108,104884,0.05,0.001,57862,5,0.5
3223079,50,192,74439,0.3,0.004,44021,17,0.7
10149025,47,228,94387,0.05,0.001,68445,7,0.5
0,22,528,136703,0.05,0.001,62805,4,0.5
115777,30,432,31009,0.15,0.004,27996,6,0.3
8618303,35,372,165148,0.15,0.004,76050,9,0.7
171100690,58,96,300000,0.05,0.001,186935,4,0.3
1317786,34,384,69228,0.05,0.001,50465,5,0.7
233824,31,420,45937,0.15,0.004,41414,6,0.3
101299,27,468,23060,0.15,0.001,19595,6,0.5
100500682,54,144,148670,0.15,0.004,73710,7,0.3
1305258,33,396,51831,0.15,0.001,36546,7,0.7
1524340,37,348,78131,0.05,0.001,64127,7,0.7
7267473,37,348,135361,0.15,0.004,62201,8,0.7
106108027,56,120,300000,0.05,0.001,168926,6,0.3
1394643,57,108,33075,0.15,0.001,25904,6,0.5
0,22,528,22752,0.3,0.008,19755,12,0.5
2807088,33,396,108614,0.05,0.001,81122,6,0.7
5402809,26,480,273612,0.05,0.001,156475,7,0.7
766398,41,300,86739,0.15,0.001,68032,8,0.3
184316,27,468,47295,0.05,0.001,43442,6,0.5
41551838,47,228,250830,0.05,0.001,128354,5,0.5
7119010,35,372,162525,0.15,0.001,95548,6,0.5
5049181,55,132,66272,0.3,0.008,35018,11,0.3
413084,24,504,123899,0.05,0.001,79620,4,0.5
3479343,45,252,70166,0.05,0.001,49637,5,0.5
5578283,38,336,172683,0.05,0.001,108766,6,0.3
130256,27,468,37011,0.3,0.008,28793,12,0.3
159142627,56,120,391749,0.05,0.001,223461,7,0.3
27768282,47,228,138708,0.05,0.001,81905,4,0.5
9230438,47,228,104851,0.05,0.001,53167,6,0.3
3358895,54,144,60007,0.15,0.004,42006,7,0.3
1263077,27,468,203294,0.05,0.001,127447,7,0.7
160476,33,396,44732,0.15,0.004,41265,8,0.7
880939,26,480,72291,0.05,0.001,42257,5,0.7
172067,24,504,113427,0.05,0.001,74564,5,0.5
8599475,40,312,198185,0.05,0.001,121061,6,0.7
1228092,32,408,57791,0.3,0.008,43192,23,0.7
41608,29,444,34381,0.15,0.004,36379,7,0.5
106792529,53,156,144529,0.05,0.001,78450,6,0.3
20362125,52,168,154750,0.05,0.001,77081,6,0.5
2667392,44,264,78369,0.05,0.001,55004,7,0.7
7407283,58,96,100539,0.15,0.001,78193,8,0.3
15249494,51,180,106734,0.05,0.001,74412,5,0.5
1567430,56,120,23381,0.15,0.004,16215,6,0.3
1276703,50,192,37011,0.15,0.001,31517,8,0.5
122600793,58,96,300000,0.15,0.004,152745,7,0.3
2688972,51,180,39109,0.3,0.008,36668,18,0.3
37091273,59,84,108942,0.05,0.001,74618,6,0.3
496556,38,336,21519,0.15,0.001,16497,7,0.5
0,22,528,28668,0.15,0.001,27801,9,0.5
167985,24,504,78727,0.05,0.001,46139,6,0.5
29715350,31,420,160935,0.05,0.001,67046,6,0.7
95194,34,384,38401,0.05,0.001,36703,5,0.7
427917,42,288,31513,0.3,0.004,27537,22,0.3
24577,26,480,20412,0.3,0.008,17132,10,0.7
3863238,33,396,102826,0.05,0.001,63062,7,0.7
110276052,59,84,300000,0.15,0.004,187977,9,0.3
49335578,55,132,300000,0.15,0.004,175971,8,0.5
22089253,55,132,89179,0.05,0.001,65017,4,0.3
5325333,40,312,101578,0.15,0.001,64481,9,0.5
9582685,43,276,108233,0.15,0.004,66232,6,0.5
2483702,33,396,64501,0.05,0.001,39104,6,0.7
6050671,41,300,169839,0.3,0.008,87133,9,0.5
1975764,40,312,50318,0.05,0.001,35880,5,0.3
34795008,48,216,208028,0.05,0.001,126640,6,0.5
243709,30,432,39207,0.15,0.004,32106,6,0.5
123240008,56,120,155612,0.15,0.004,72380,8,0.3
19227452,48,216,300000,0.05,0.001,156163,4,0.7
2545911,49,204,74000,0.15,0.004,50576,9,0.3
638878,34,384,41744,0.3,0.004,34974,19,0.7
5829678,32,408,55968,0.05,0.001,34728,6,0.7
104579945,52,168,300000,0.05,0.001,129680,4,0.3
1677906,49,204,43001,0.15,0.001,43144,7,0.3
21598233,53,156,111113,0.15,0.004,79148,8,0.3
698917,28,456,60201,0.05,0.001,42697,7,0.7
1400911,52,168,34520,0.15,0.001,30093,6,0.3
94658415,58,96,150233,0.05,0.001,86270,7,0.3
13665740,50,192,101947,0.15,0.001,66922,7,0.3
37525769,36,360,300000,0.15,0.001,129907,7,0.5
8288275,45,252,91725,0.05,0.001,43037,5,0.5
28686290,56,120,57790,0.05,0.001,27697,6,0.3
14025917,58,96,92196,0.15,0.004,49017,9,0.3
2181373,39,324,76407,0.3,0.008,43027,18,0.5
9156676,45,252,72430,0.3,0.004,49398,17,0.5
38229803,55,132,139527,0.05,0.001,64480,5,0.3
5283822,40,312,67902,0.15,0.004,38202,7,0.5
32836960,46,240,147363,0.05,0.001,75464,4,0.7
185607,33,396,45164,0.3,0.008,45682,14,0.5
11715953,58,96,59631,0.15,0.001,42430,6,0.3
1067855,36,360,52409,0.05,0.001,35667,6,0.7
41825609,59,84,78963,0.15,0.001,52435,6,0.3
1108534,34,384,60288,0.15,0.004,40093,7,0.7
5017375,40,312,65734,0.15,0.004,46492,6,0.5
35796677,56,120,91902,0.15,0.004,63936,8,0.3
17107797,46,240,83283,0.15,0.001,44992,6,0.3
1241725,35,372,58564,0.15,0.001,48201,8,0.5
49018598,54,144,174779,0.05,0.001,116223,6,0.3
704382,27,468,97818,0.05,0.001,70052,4,0.7
2239138,43,276,55584,0.3,0.008,30599,19,0.3
100867145,53,156,300000,0.05,0.001,173868,7,0.3
7570555,40,312,147292,0.05,0.001,73423,7,0.5
116229100,54,144,265894,0.05,0.001,121264,7,0.3
19624373,55,132,106076,0.15,0.004,76442,8,0.3
4766539,51,180,51415,0.3,0.004,41019,11,0.5
724932,35,372,35454,0.15,0.004,24252,7,0.3
3640038,40,312,63097,0.15,0.004,36851,6,0.3
67660,28,456,27355,0.15,0.004,23683,8,0.3
10643831,49,204,74041,0.05,0.001,50272,4,0.5
604255,43,276,33191,0.15,0.001,31993,8,0.7
12077691,44,264,92806,0.15,0.004,64685,6,0.5
3085198,54,144,48000,0.05,0.001,45618,6,0.3
561675,33,396,40195,0.15,0.001,33256,7,0.7
7506077,34,384,187052,0.15,0.004,90349,8,0.5
151358065,56,120,180188,0.05,0.001,64374,7,0.3
2990163,37,348,71898,0.05,0.001,39143,6,0.5
41121890,56,120,227470,0.15,0.004,122324,9,0.3
230037,25,492,38587,0.05,0.001,25910,7,0.3
91187316,47,228,300000,0.05,0.001,131890,6,0.5
105375,26,480,54577,0.15,0.001,39423,7,0.5
7468207,42,288,70594,0.15,0.004,42589,7,0.5
1420236,48,216,49162,0.3,0.004,47875,19,0.3
3320503,40,312,57176,0.15,0.004,29777,9,0.3
929356,30,432,64519,0.05,0.001,32640,6,0.7
4106638,37,348,95013,0.15,0.004,72238,9,0.3
15454564,42,288,300000,0.15,0.001,126993,8,0.3
2625491,26,480,300000,0.05,0.001,116014,4,0.7
30447288,57,108,115978,0.05,0.001,63047,4,0.3
599233,31,420,48387,0.05,0.001,36421,4,0.5
996576,41,300,50398,0.3,0.008,35974,21,0.5
33303,23,516,64903,0.15,0.004,40241,8,0.3
12158660,41,300,174776,0.05,0.001,93848,5,0.5
10297776,46,240,132032,0.3,0.008,47519,14,0.5
17586530,53,156,132186,0.05,0.001,83357,4,0.5
6339202,50,192,59917,0.3,0.004,36535,9,0.5
712531,37,348,31831,0.15,0.001,23538,9,0.5
6510132,40,312,85531,0.15,0.004,65539,9,0.5
858063,32,408,75193,0.05,0.001,56922,5,0.5
2980199,50,192,82890,0.15,0.001,65375,7,0.5
13469464,59,84,201559,0.15,0.001,120802,6,0.3
480264,32,408,38348,0.3,0.008,31053,11,0.3
3121989,37,348,58697,0.15,0.004,36205,6,0.3
88777026,42,288,300000,0.15,0.004,125633,7,0.5
1058784,31,420,85442,0.3,0.004,61821,18,0.7
5079156,51,180,67132,0.15,0.004,40966,7,0.5
217748,32,408,34621,0.15,0.001,21713,9,0.3
142258,33,396,38675,0.3,0.008,34670,17,0.5
1292258,31,420,51888,0.3,0.004,26312,15,0.5
496307,47,228,33456,0.15,0.001,31662,8,0.5
1635871,52,168,42901,0.15,0.004,37217,7,0.3
3148882,34,384,61553,0.05,0.001,40741,6,0.7
3800617,36,360,70529,0.15,0.004,41755,9,0.3
715581,27,468,68573,0.05,0.001,40230,5,0.5
24592,25,492,22636,0.15,0.004,17489,7,0.5
209831978,59,84,300000,0.15,0.004,135063,9,0.3
20839264,50,192,103302,0.15,0.004,60442,9,0.5
8008468,51,180,86575,0.05,0.001,53275,7,0.3
664776,25,492,75555,0.05,0.001,45504,4,0.5
276756,28,456,31767,0.05,0.001,24922,5,0.3
573057,32,408,41606,0.15,0.004,35981,6,0.7
7277933,39,324,137717,0.15,0.001,79409,9,0.5
41507865,45,252,251229,0.05,0.001,154464,6,0.3
47071898,45,252,220648,0.05,0.001,108853,6,0.7
0,22,528,20608,0.15,0.001,18121,6,0.3
2949703,31,420,91908,0.15,0.004,54448,9,0.5
236361,35,372,39854,0.15,0.001,37304,7,0.3
686351,27,468,53278,0.05,0.001,35084,7,0.7
2131727,30,432,51723,0.05,0.001,32016,4,0.5
20626923,58,96,163851,0.15,0.001,95617,9,0.3
62099973,50,192,188567,0.05,0.001,102488,5,0.7
2094918,35,372,78363,0.15,0.004,42112,8,0.7
611223,26,480,48325,0.05,0.001,37284,6,0.7
0,22,528,132893,0.15,0.001,62494,6,0.7
20464789,53,156,66361,0.3,0.008,39187,20,0.3
22318396,58,96,100034,0.05,0.001,61290,4,0.3
9600021,50,192,88034,0.05,0.001,58161,7,0.5
433163,45,252,39996,0.15,0.001,35538,7,0.3
11687,23,516,31814,0.15,0.004,29260,7,0.3
38668239,59,84,150028,0.15,0.004,95774,8,0.3
8341944,41,300,94214,0.05,0.001,57083,6,0.5
5136146,31,420,139061,0.05,0.001,85775,7,0.7
33318162,42,288,264419,0.05,0.001,112391,4,0.7
9676533,43,276,143125,0.15,0.001,74148,8,0.5
1621,23,516,31260,0.3,0.004,35396,10,0.5
7071502,55,132,51013,0.15,0.001,39464,6,0.5
5469719,41,300,91272,0.05,0.001,52866,4,0.3
3032743,33,396,91683,0.15,0.004,44586,7,0.7
45887,28,456,32681,0.3,0.008,28936,10,0.5
6132,24,504,26040,0.15,0.004,23455,7,0.5
546782,34,384,33527,0.15,0.004,27594,7,0.5
6978021,34,384,300000,0.15,0.004,190629,8,0.7
553570,29,444,60924,0.15,0.004,39457,7,0.5
85021440,56,120,143069,0.05,0.001,57925,6,0.3
13419386,44,264,62529,0.15,0.001,42322,8,0.3
43344951,59,84,300000,0.05,0.001,173836,6,0.3
7148763,36,360,140730,0.05,0.001,85254,4,0.5
20287670,41,300,120605,0.3,0.004,40807,12,0.5
240481,37,348,48306,0.15,0.001,47674,6,0.5
4586725,34,384,83031,0.3,0.008,51156,11,0.7
32742050,54,144,160071,0.05,0.001,85248,4,0.3
543994,35,372,34180,0.15,0.004,23384,8,0.3
101425179,59,84,142906,0.05,0.001,63663,5,0.5
88593,25,492,49776,0.15,0.001,42751,8,0.3
2210817,36,360,61819,0.15,0.004,43983,8,0.7
35423582,48,216,120528,0.05,0.001,53544,5,0.5
3551758,53,156,31793,0.3,0.004,28072,15,0.5
2815584,33,396,128548,0.05,0.001,74474,4,0.5
1461031,47,228,43494,0.3,0.008,35131,14,0.3
1450590,28,456,57496,0.05,0.001,30314,5,0.5
13618360,44,264,71486,0.05,0.001,42426,6,0.3
346595,29,444,20000,0.15,0.004,13689,6,0.3
399567,37,348,29674,0.15,0.001,23005,8,0.3
70416,27,468,20000,0.15,0.001,17866,9,0.3
1484559,33,396,67904,0.15,0.004,46283,8,0.7
24172873,59,84,54453,0.05,0.001,42400,6,0.3
18832580,48,216,110503,0.15,0.004,68480,7,0.5
2948906,40,312,49134,0.3,0.008,32682,20,0.7
29370479,59,84,104106,0.05,0.001,52898,5,0.5
42711,26,480,30278,0.15,0.004,27477,6,0.3
6401624,40,312,113724,0.05,0.001,65799,4,0.3
18902115,53,156,58593,0.05,0.001,34515,7,0.3
7629769,57,108,64642,0.15,0.001,42161,8,0.3
436273,37,348,32933,0.3,0.004,29568,23,0.3
97486448,57,108,112619,0.05,0.001,68137,4,0.3
6289002,50,192,56917,0.15,0.001,35060,7,0.3
6890650,27,468,300000,0.15,0.001,144769,7,0.5
26945110,59,84,83970,0.15,0.004,49055,9,0.5
4042929,33,396,85471,0.15,0.004,53474,6,0.7
12995557,49,204,85896,0.3,0.008,50747,14,0.3
4470449,42,288,75191,0.15,0.004,39050,8,0.5
5120886,52,168,79048,0.3,0.008,67572,16,0.5
5359663,38,336,126433,0.05,0.001,76720,4,0.7
2809576,39,324,56587,0.15,0.001,32625,8,0.5
2211841,36,360,51591,0.05,0.001,33997,6,0.5
15717629,45,252,133280,0.05,0.001,69636,6,0.5
1375406,38,336,57495,0.15,0.001,39743,8,0.5
372532,34,384,35861,0.3,0.004,28852,18,0.7
587274,42,288,41256,0.15,0.004,39558,8,0.3
557406,35,372,61451,0.15,0.004,53441,9,0.3
49273964,55,132,134787,0.15,0.004,81117,6,0.5
5638019,41,300,57574,0.15,0.004,41995,7,0.7
10678,23,516,30418,0.3,0.008,26340,10,0.3
16817427,34,384,192094,0.05,0.001,114797,5,0.7
179627,42,288,28500,0.15,0.001,26581,7,0.7
85177705,46,240,180423,0.05,0.001,75192,4,0.7
3303552,49,204,100669,0.15,0.004,67175,9,0.3
48431497,48,216,203130,0.05,0.001,103630,4,0.5
8234796,45,252,62360,0.05,0.001,40939,5,0.5
970671,27,468,80903,0.05,0.001,50691,5,0.7
26033849,50,192,143553,0.05,0.001,68053,6,0.5
8964272,42,288,127601,0.15,0.004,89850,6,0.7
115607,24,504,82794,0.05,0.001,50497,7,0.5
0,22,528,20905,0.3,0.004,17936,10,0.5
5848664,42,288,90453,0.15,0.004,53817,8,0.5
7041289,50,192,91379,0.3,0.008,63242,18,0.5
10127198,41,300,147990,0.15,0.001,68892,7,0.5
957975,33,396,54294,0.3,0.008,28130,18,0.7
149039,29,444,39286,0.15,0.001,33115,8,0.3
32191979,55,132,217677,0.15,0.001,101997,9,0.5
25251556,48,216,110990,0.05,0.001,62592,6,0.3
2894301,52,168,68655,0.3,0.004,53460,10,0.3
393669,30,432,47073,0.15,0.004,28996,9,0.5
14307262,59,84,58011,0.15,0.004,35596,6,0.3
0,22,528,76957,0.05,0.001,42920,4,0.3
3131782,43,276,62847,0.15,0.004,35797,7,0.3
2136324,42,288,65696,0.15,0.004,40563,6,0.3
140159,34,384,37909,0.15,0.004,40053,9,0.5
4567863,55,132,30333,0.15,0.004,24054,6,0.3
40550,24,504,45881,0.05,0.001,33171,4,0.3
2804272,38,336,79943,0.15,0.004,51206,7,0.5
4559640,32,408,231218,0.05,0.001,123327,7,0.5
24490923,50,192,139662,0.05,0.001,87235,5,0.7
342874,38,336,49904,0.15,0.001,42999,6,0.3
89025,32,408,36995,0.05,0.001,39732,5,0.3
32263573,58,96,226791,0.15,0.004,148893,6,0.3
5027607,28,456,117701,0.05,0.001,65628,7,0.5
1051878,38,336,38700,0.15,0.004,27354,8,0.3
6294262,48,216,71660,0.15,0.004,45036,9,0.5
85910,24,504,117444,0.05,0.001,90945,4,0.5
19293461,36,360,193786,0.05,0.001,89729,6,0.3
14949248,31,420,300000,0.05,0.001,169003,5,0.5
26832131,37,348,300000,0.05,0.001,129359,7,0.5
3487236,47,228,111855,0.05,0.001,80231,5,0.5
783271,33,396,52538,0.05,0.001,38714,7,0.7
19720473,58,96,59728,0.15,0.004,32281,8,0.3
6966796,30,432,262907,0.05,0.001,102429,4,0.7
9235555,51,180,66713,0.15,0.004,44221,8,0.3
43178985,43,276,300000,0.15,0.004,147077,6,0.7
27755756,48,216,154689,0.05,0.001,89735,7,0.3
1283679,55,132,47610,0.15,0.004,41886,8,0.3
162342124,56,120,224196,0.05,0.001,103861,4,0.3
27109137,32,408,300000,0.05,0.001,128906,4,0.7
13096470,41,300,141967,0.15,0.004,90039,9,0.7
948605,36,360,53249,0.3,0.004,34125,18,0.7
7355326,34,384,117449,0.05,0.001,69251,4,0.7
9479,24,504,52299,0.15,0.004,50118,7,0.5
4907849,30,432,151159,0.05,0.001,82741,7,0.5
23047267,56,120,97736,0.05,0.001,65503,7,0.5
63318653,50,192,300000,0.05,0.001,224704,5,0.5
2958506,48,216,50867,0.3,0.004,27569,8,0.3
1021871,42,288,48578,0.3,0.004,41748,9,0.7
3155646,34,384,89476,0.05,0.001,64142,5,0.7
2215474,30,432,125625,0.05,0.001,82405,4,0.7
270889,24,504,66875,0.05,0.001,47798,7,0.7
2864456,29,444,59368,0.15,0.001,35902,9,0.7
527170,48,216,31102,0.3,0.008,31961,15,0.3
125693508,56,120,300000,0.05,0.001,172597,5,0.3
7032051,34,384,135031,0.05,0.001,88540,7,0.7
7176712,38,336,147537,0.3,0.008,65188,19,0.5
2821879,54,144,63200,0.15,0.001,33179,7,0.3
10271594,55,132,62306,0.15,0.001,41311,6,0.3
3365057,45,252,72267,0.15,0.004,55700,9,0.5
22155419,44,264,113178,0.15,0.001,68257,9,0.7
15934184,43,276,150042,0.05,0.001,59560,7,0.3
18981768,49,204,81013,0.15,0.001,58559,8,0.5
21488605,49,204,300000,0.3,0.004,210952,19,0.3
2639553,33,396,76951,0.15,0.001,43860,6,0.5
3065998,35,372,69691,0.05,0.001,40848,7,0.5
6587756,32,408,147617,0.05,0.001,87627,6,0.7
39420,24,504,53491,0.15,0.001,29478,9,0.5
3107426,40,312,94639,0.05,0.001,70503,6,0.3
215575,37,348,32441,0.15,0.004,32987,7,0.7
128019,32,408,44172,0.3,0.004,50176,12,0.3
2243269,38,336,97835,0.15,0.004,75551,9,0.5
474441,33,396,51309,0.15,0.004,38294,8,0.7
796115,37,348,43513,0.3,0.008,36671,16,0.7
32545,29,444,22618,0.15,0.001,22122,8,0.3
3670202,34,384,65064,0.05,0.001,45007,7,0.7
0,22,528,40841,0.3,0.008,44768,16,0.5
922817,29,444,60810,0.05,0.001,30234,4,0.5
211856,29,444,44075,0.3,0.004,38422,9,0.5
94936139,53,156,300000,0.05,0.001,146498,6,0.3
1205820,45,252,34468,0.15,0.004,30396,9,0.3
8296159,43,276,101262,0.05,0.001,58295,5,0.5
252163,24,504,133969,0.05,0.001,85590,6,0.7
644394,32,408,48008,0.15,0.004,40243,9,0.7
40418279,54,144,203632,0.05,0.001,117827,7,0.3
5571552,49,204,87339,0.15,0.004,52637,9,0.5
667300,48,216,38383,0.15,0.001,36842,6,0.5
19267988,52,168,95292,0.05,0.001,61117,7,0.3
2107564,31,420,49378,0.05,0.001,35414,7,0.7
913887,28,456,38166,0.15,0.001,26461,6,0.7
2293090,35,372,82654,0.15,0.001,52323,9,0.5
192559,26,480,52316,0.15,0.001,39830,6,0.3
5300882,43,276,68701,0.15,0.001,38827,7,0.7
207105,27,468,31690,0.15,0.004,22984,8,0.7
34751,23,516,65410,0.05,0.001,42108,7,0.5
691834,38,336,20000,0.15,0.004,14756,9,0.5
3205547,45,252,75567,0.15,0.004,54514,8,0.7
894652,30,432,86894,0.3,0.004,62088,15,0.5
31180067,53,156,147369,0.15,0.004,73386,6,0.3
24059,24,504,28394,0.15,0.004,22593,8,0.3
14949052,43,276,100967,0.05,0.001,48934,6,0.5
4454370,42,288,91320,0.05,0.001,57682,7,0.5
84041,25,492,38192,0.15,0.004,28796,8,0.7
21362405,44,264,130705,0.05,0.001,59413,6,0.7
414405,26,480,62903,0.05,0.001,45182,4,0.7
1601193,32,408,54760,0.15,0.004,30534,9,0.7
2081115,28,456,81278,0.15,0.004,45168,6,0.5
12568636,44,264,150504,0.15,0.001,81521,9,0.3
14557967,58,96,76717,0.15,0.004,48113,7,0.3
115117347,56,120,265199,0.05,0.001,153813,7,0.5
41874302,59,84,89458,0.15,0.004,51907,8,0.3
21345843,55,132,111467,0.3,0.004,70465,21,0.3
12051678,49,204,65106,0.15,0.004,39672,7,0.3
35984175,51,180,151518,0.05,0.001,77830,6,0.5
150111381,56,120,204319,0.05,0.001,114950,7,0.3
3467951,31,420,116340,0.05,0.001,74667,5,0.7
2026028,32,408,86729,0.15,0.004,53487,6,0.5
1676511,28,456,65108,0.15,0.004,42368,6,0.7
5988238,36,360,170845,0.05,0.001,128184,5,0.3
4821864,26,480,194428,0.05,0.001,102129,6,0.5
28225903,44,264,241303,0.05,0.001,128313,7,0.7
165232,25,492,42630,0.15,0.004,33336,9,0.5
1996746,45,252,40687,0.15,0.001,34357,7,0.7
128506,24,504,71341,0.15,0.004,47104,8,0.5
1893917,52,168,50696,0.3,0.004,35657,17,0.3
11578384,43,276,139567,0.05,0.001,74381,5,0.5
12829337,58,96,93638,0.15,0.004,73122,9,0.3
155976,32,408,22272,0.15,0.001,19067,8,0.3
17022226,49,204,116855,0.05,0.001,83282,5,0.3
76076,27,468,33781,0.3,0.004,25866,23,0.5
7095412,47,228,65882,0.05,0.001,45167,6,0.5
633133,29,444,55210,0.15,0.004,33732,9,0.7
130927437,54,144,246443,0.05,0.001,109574,4,0.3
26685742,36,360,186479,0.05,0.001,79121,6,0.3
71929201,46,240,149180,0.3,0.008,59213,18,0.5
1502953,43,276,44970,0.15,0.004,35991,6,0.7
1484173,40,312,48585,0.15,0.001,34301,9,0.3
1133023,41,300,35375,0.15,0.001,26616,8,0.3
0,22,528,52294,0.05,0.001,33418,6,0.3
36135,24,504,51883,0.15,0.001,29714,8,0.3
1443233,27,468,96980,0.05,0.001,54034,7,0.5
75764784,54,144,140637,0.05,0.001,73317,4,0.5
857644,27,468,52469,0.05,0.001,33263,4,0.5
40807,23,516,71552,0.15,0.004,48728,6,0.7
39545171,49,204,126404,0.05,0.001,51300,4,0.5
34323218,53,156,88231,0.15,0.004,54335,9,0.3
6017,23,516,29975,0.15,0.001,26933,9,0.7
235762,31,420,35872,0.15,0.001,30147,8,0.3
856660,29,444,52361,0.15,0.004,28243,6,0.7
23930751,49,204,83005,0.15,0.004,44343,8,0.5
178474,36,360,37260,0.15,0.004,37715,6,0.7
2722503,30,432,52480,0.3,0.004,25063,10,0.7
4770434,47,228,51266,0.15,0.001,34894,7,0.7
1556902,41,300,48727,0.3,0.008,41747,19,0.5
0,22,528,44205,0.15,0.004,30707,7,0.5
90941124,45,252,262653,0.05,0.001,130104,4,0.3
82382,24,504,60513,0.05,0.001,40707,6,0.5
43325099,54,144,70532,0.3,0.004,40381,22,0.5
1464108,39,324,48726,0.15,0.004,33913,6,0.5
88186387,56,120,300000,0.15,0.004,128466,6,0.5
451733,37,348,48320,0.15,0.004,45073,8,0.5
1318715,28,456,72249,0.15,0.004,43350,9,0.7
11829879,50,192,64202,0.15,0.004,36473,6,0.5
10110444,35,372,128682,0.05,0.001,63971,7,0.7
9842109,31,420,300000,0.05,0.001,205215,7,0.7
18093498,48,216,75312,0.15,0.001,40952,6,0.5
8517188,44,264,58148,0.15,0.004,34847,8,0.5
3250706,35,372,53613,0.15,0.004,27420,6,0.3
72190,28,456,29332,0.15,0.001,24744,8,0.5
14154997,38,336,166424,0.05,0.001,81002,4,0.5
9952227,38,336,80118,0.15,0.004,43314,6,0.5
4778248,52,168,54961,0.15,0.001,26952,6,0.3
15898320,57,108,80506,0.05,0.001,48317,7,0.5
227866,26,480,44430,0.15,0.004,27968,7,0.5
662274,42,288,40400,0.15,0.001,36615,8,0.5
14090405,56,120,78843,0.05,0.001,53910,7,0.3
2707621,31,420,96153,0.05,0.001,59737,6,0.7
1012751,29,444,59070,0.15,0.001,37884,9,0.7
34252447,43,276,169951,0.05,0.001,95205,7,0.7
14425695,55,132,145434,0.05,0.001,85963,6,0.5
1406184,39,324,57066,0.15,0.001,47541,7,0.5
6921581,38,336,85138,0.05,0.001,51903,5,0.3
2845101,35,372,54897,0.15,0.001,38283,7,0.5
2757100,32,408,112089,0.05,0.001,88510,7,0.5
4549558,42,288,71615,0.3,0.008,38466,21,0.5
25000854,39,324,167990,0.05,0.001,70439,5,0.5
13582877,59,84,92857,0.05,0.001,60390,4,0.3
12290381,36,360,291290,0.05,0.001,145494,7,0.5
11700674,53,156,80531,0.3,0.008,45698,21,0.5
21538205,47,228,300000,0.05,0.001,140350,4,0.5
105145,28,456,36511,0.3,0.004,32934,18,0.3
6623,23,516,49005,0.3,0.008,43919,21,0.5
42461250,48,216,205192,0.05,0.001,82282,6,0.5
36740229,40,312,300000,0.05,0.001,134716,7,0.5
1162898,46,240,44732,0.15,0.004,46783,6,0.5
21593724,56,120,91494,0.15,0.001,48210,8,0.3
1853029,39,324,54079,0.3,0.008,37289,10,0.5
0,22,528,27587,0.05,0.001,24600,5,0.5
1649025,40,312,55907,0.15,0.004,31750,6,0.5
454037,38,336,27293,0.05,0.001,27071,4,0.7
3688244,36,360,113850,0.15,0.001,57046,9,0.7
0,22,528,39045,0.15,0.004,33962,6,0.3
9767971,34,384,167583,0.05,0.001,109921,4,0.7
128108,30,432,31315,0.15,0.004,24990,9,0.3
58945,23,516,52248,0.3,0.008,34345,17,0.3
6429400,52,168,58521,0.05,0.001,40894,6,0.3
141096662,46,240,300000,0.05,0.001,164421,6,0.5
7236647,59,84,81152,0.15,0.004,58762,9,0.3
6560902,47,228,54080,0.3,0.008,34951,21,0.3
69910142,55,132,157972,0.05,0.001,84432,4,0.3
3569665,58,96,44552,0.15,0.004,39825,6,0.3
6659007,49,204,68377,0.15,0.004,40957,8,0.5
1013814,44,264,39927,0.15,0.004,35568,7,0.5
339938,32,408,46130,0.3,0.008,38416,11,0.5
314617,39,324,32665,0.15,0.001,25771,9,0.3
3257634,40,312,64641,0.05,0.001,45086,4,0.5
6814068,55,132,76804,0.3,0.004,46969,8,0.5
28867948,35,372,300000,0.3,0.004,164340,23,0.3
2267196,58,96,48930,0.15,0.004,46290,8,0.3
4168008,40,312,142886,0.3,0.008,73384,11,0.3
19245802,46,240,256157,0.05,0.001,126149,7,0.3
211510292,49,204,300000,0.05,0.001,128796,7,0.3
9719362,59,84,60725,0.15,0.004,36464,8,0.3
0,22,528,205650,0.05,0.001,164880,6,0.5
14083397,29,444,220418,0.05,0.001,95845,5,0.7
6541959,43,276,54348,0.05,0.001,34753,7,0.5
3268779,32,408,99782,0.15,0.004,68762,7,0.7
5483266,46,240,63642,0.3,0.004,33531,17,0.5
874330,32,408,66866,0.15,0.001,35322,6,0.7
3643349,44,264,58850,0.15,0.001,38196,6,0.5
1724097,42,288,55444,0.05,0.001,41283,5,0.3
1157835,29,444,97162,0.05,0.001,52369,7,0.7
7598137,44,264,64287,0.3,0.004,33199,11,0.3
30074418,54,144,131943,0.15,0.004,82275,6,0.3
124870,37,348,33473,0.15,0.001,30830,7,0.3
9722915,46,240,94052,0.05,0.001,61670,7,0.7
1165479,42,288,47163,0.15,0.001,37539,8,0.5
28157527,58,96,76327,0.05,0.001,41533,7,0.3
662193,28,456,74568,0.15,0.004,52543,6,0.5
242447,29,444,21663,0.15,0.004,16701,8,0.5
578450,29,444,96370,0.15,0.001,75561,7,0.7
30349486,51,180,123228,0.05,0.001,72851,4,0.3
5324297,42,288,51562,0.15,0.001,27864,9,0.5
3034455,30,432,76755,0.05,0.001,48200,6,0.5
90599,25,492,48234,0.15,0.004,44562,8,0.5
747486,45,252,28237,0.15,0.004,22587,7,0.3
5881968,50,192,80241,0.15,0.004,53653,9,0.3
24064276,50,192,103855,0.05,0.001,56932,7,0.7
82039445,55,132,95009,0.15,0.001,55567,9,0.5
43917470,44,264,300000,0.15,0.004,133307,7,0.3
17370162,58,96,128778,0.05,0.001,75402,5,0.3
1657706,49,204,42714,0.15,0.004,34666,6,0.5
1571073,29,444,51408,0.3,0.004,34521,20,0.7
4636797,41,300,102387,0.05,0.001,62477,7,0.3
38931607,56,120,75514,0.05,0.001,42089,6,0.5
9001738,43,276,72088,0.15,0.004,44270,6,0.3
16767179,52,168,56563,0.3,0.008,25677,11,0.3
3484898,43,276,59509,0.3,0.008,35996,11,0.5
5765588,42,288,112206,0.15,0.001,74167,6,0.5
2583753,34,384,50380,0.15,0.001,30475,6,0.7
4408357,49,204,47062,0.3,0.004,37947,8,0.5
2844708,29,444,122909,0.05,0.001,72602,4,0.5
12682350,57,108,105413,0.15,0.001,56766,6,0.5
19156286,44,264,79620,0.15,0.001,46038,8,0.3
2681892,37,348,71639,0.3,0.008,54849,18,0.3
5129292,56,120,94228,0.15,0.004,69846,6,0.5
0,22,528,72817,0.15,0.001,41490,6,0.3
0,22,528,56774,0.15,0.001,34369,7,0.3
1068194,44,264,42659,0.3,0.008,28931,14,0.7
2040083,37,348,74010,0.3,0.004,45265,20,0.3
25542,24,504,46579,0.15,0.004,41554,9,0.3
1396445,41,300,64086,0.15,0.001,32737,8,0.3
329931,31,420,45763,0.05,0.001,41202,4,0.3
133269219,58,96,199503,0.05,0.001,80363,6,0.3
3896898,52,168,57679,0.05,0.001,49485,6,0.3
16520189,49,204,92970,0.05,0.001,50643,6,0.5
16671873,56,120,93824,0.15,0.001,53283,7,0.3
3329309,28,456,141972,0.05,0.001,78728,7,0.7
301403,36,360,21360,0.3,0.008,17918,16,0.3
468377,50,192,34008,0.3,0.004,33183,21,0.3
0,22,528,180249,0.05,0.001,107076,7,0.7
8702147,31,420,153822,0.05,0.001,73848,5,0.7
7693939,36,360,153332,0.05,0.001,91530,4,0.5
1715749,26,480,116327,0.15,0.004,80359,7,0.7
443086,35,372,30883,0.15,0.001,24836,8,0.3
10351889,42,288,85653,0.15,0.004,46217,6,0.3
18198007,58,96,69440,0.15,0.004,38805,9,0.3
2153707,48,216,49855,0.15,0.001,36882,8,0.7
25162304,50,192,139248,0.15,0.001,79041,7,0.5
124890139,56,120,285252,0.05,0.001,209066,6,0.3
11149770,58,96,69948,0.15,0.004,44602,7,0.5
1487510,54,144,41588,0.3,0.008,32622,14,0.3
142672,32,408,22842,0.15,0.001,22231,8,0.5
30831905,56,120,99954,0.05,0.001,68039,4,0.3
49814,25,492,33583,0.15,0.004,25913,8,0.7
29822044,50,192,225162,0.05,0.001,126127,5,0.5
830381,33,396,35006,0.15,0.004,29430,6,0.7
5059195,38,336,100181,0.05,0.001,49506,5,0.5
12115355,58,96,99132,0.15,0.004,55603,9,0.3
2139903,47,228,43828,0.15,0.001,38878,7,0.7
883091,30,432,73343,0.3,0.004,53748,13,0.7
16235737,43,276,117045,0.05,0.001,63028,5,0.7
3716020,45,252,63713,0.15,0.001,34612,9,0.7
9606354,42,288,108413,0.15,0.001,65308,9,0.5
703759,38,336,55687,0.05,0.001,49114,6,0.5
30256499,51,180,240198,0.05,0.001,129417,4,0.3
16231,24,504,27006,0.15,0.004,23993,8,0.7
613936,36,360,46995,0.15,0.004,40356,6,0.5
21984774,58,96,75485,0.3,0.004,47826,14,0.3
99659425,53,156,300000,0.15,0.001,131600,7,0.3
187957,24,504,48788,0.05,0.001,33296,5,0.3
2287471,30,432,104496,0.05,0.001,72530,7,0.5
68356,29,444,35830,0.05,0.001,34620,6,0.5
60646,23,516,44080,0.15,0.004,34044,7,0.5
127841,30,432,33850,0.3,0.008,29057,13,0.5
4046170,42,288,77962,0.15,0.004,43169,6,0.3
94096,25,492,39118,0.15,0.004,32167,9,0.5
87328769,56,120,88508,0.05,0.001,60485,5,0.3
27080983,55,132,110702,0.15,0.004,86811,6,0.5
5234117,52,168,65491,0.15,0.004,43980,9,0.5
4108056,34,384,56408,0.15,0.004,35126,8,0.7
15892550,47,228,58957,0.05,0.001,38291,5,0.7
3769469,46,240,80070,0.15,0.004,51300,8,0.3
829489,26,480,53048,0.15,0.001,35068,6,0.7
3526428,47,228,44020,0.15,0.004,30758,9,0.5
25528306,43,276,169799,0.05,0.001,121949,4,0.3
22834763,51,180,112103,0.15,0.004,62608,8,0.3
2072874,41,300,61282,0.15,0.004,34991,7,0.7
9447264,39,324,94457,0.05,0.001,65720,6,0.5
2362485,26,480,202017,0.05,0.001,81514,7,0.7
3639420,30,432,80658,0.15,0.004,51570,8,0.7
23610888,54,144,149572,0.05,0.001,95391,6,0.5
18403314,52,168,112722,0.15,0.004,77885,6,0.3
502618,32,408,28417,0.3,0.004,20425,22,0.7
89928952,58,96,121736,0.05,0.001,55046,6,0.3
19802195,59,84,89684,0.15,0.004,49241,7,0.3
28863809,42,288,132289,0.05,0.001,60534,4,0.5
0,22,528,74204,0.15,0.001,40185,7,0.5
359090,37,348,44065,0.3,0.004,40687,21,0.5
577645,49,204,32986,0.15,0.001,32121,7,0.5
87240923,54,144,263833,0.05,0.001,104741,4,0.5
502402,39,324,26707,0.3,0.004,21633,19,0.3
2080180,34,384,68881,0.15,0.001,44801,6,0.7
8425836,52,168,79940,0.15,0.004,43995,8,0.5
3090568,49,204,52733,0.3,0.004,27670,15,0.5
88753,25,492,45738,0.3,0.008,36488,18,0.3
3136,23,516,31600,0.15,0.001,28256,6,0.7
874984,25,492,300000,0.15,0.004,201360,9,0.7
4231994,56,120,96253,0.05,0.001,77110,5,0.5
1070728,56,120,33236,0.15,0.004,33697,8,0.5
13994694,57,108,80369,0.3,0.004,69797,15,0.3
12723043,39,324,171437,0.15,0.001,85370,7,0.3
2570743,41,300,55483,0.3,0.004,31424,9,0.3
8500298,53,156,122189,0.05,0.001,48836,6,0.3
22423228,40,312,149789,0.3,0.008,99039,13,0.5
403671,50,192,31175,0.15,0.001,28218,9,0.5
17575121,51,180,300000,0.05,0.001,223473,4,0.3
612260,34,384,78167,0.3,0.004,72233,14,0.7
45289272,49,204,104597,0.05,0.001,76149,6,0.5
1340323,28,456,96266,0.05,0.001,61630,4,0.7
8971288,50,192,56753,0.05,0.001,36515,4,0.5
0,22,528,61386,0.15,0.004,36751,6,0.5
5064057,31,420,154502,0.15,0.004,101828,6,0.7
2104832,30,432,87362,0.3,0.008,50584,8,0.7
4043405,36,360,68896,0.05,0.001,42974,6,0.5
41486184,58,96,155420,0.05,0.001,85503,7,0.3
187622703,58,96,202427,0.05,0.001,82232,4,0.3
1626512,35,372,85828,0.3,0.004,57192,16,0.5
74880535,58,96,163733,0.15,0.004,92492,9,0.5
3602745,49,204,85053,0.15,0.004,58825,9,0.5
25444,24,504,56135,0.05,0.001,36843,4,0.5
272920,29,444,40589,0.3,0.004,31681,13,0.5
805475,43,276,41588,0.3,0.008,35969,10,0.3
13021726,42,288,88108,0.3,0.004,66407,23,0.7
5962977,36,360,74726,0.15,0.004,38082,7,0.5
82175655,54,144,139008,0.15,0.001,74744,6,0.3
15171247,57,108,81351,0.05,0.001,59578,6,0.3
112349434,59,84,186684,0.15,0.004,101853,7,0.3
236010,43,276,44144,0.3,0.008,41612,17,0.5
12641469,39,324,123844,0.05,0.001,76896,5,0.7
161051,38,336,36966,0.15,0.004,35493,6,0.5
225443,38,336,26526,0.3,0.008,24629,17,0.5
27012235,35,372,200597,0.15,0.004,82688,8,0.3
43286198,55,132,92594,0.05,0.001,56102,5,0.3
268366,28,456,42025,0.05,0.001,35445,5,0.7
2781,23,516,36487,0.3,0.008,34747,16,0.7
171566,28,456,42437,0.15,0.004,35404,7,0.7
16577524,45,252,131602,0.05,0.001,86019,4,0.5
2521431,30,432,100461,0.05,0.001,68854,6,0.7
256531,29,444,47373,0.3,0.008,40293,13,0.7
33393987,44,264,155668,0.05,0.001,73418,6,0.5
2848298,30,432,59186,0.05,0.001,34821,6,0.7
122704896,58,96,129566,0.15,0.001,65511,9,0.3
13233287,31,420,300000,0.05,0.001,125952,6,0.7
84680,24,504,90700,0.15,0.004,46432,6,0.5
710502,28,456,91426,0.05,0.001,57283,5,0.5
177862,31,420,24713,0.15,0.001,20770,7,0.7
2709269,42,288,73595,0.15,0.004,41052,9,0.5
206238,39,324,45670,0.3,0.004,43402,14,0.7
143717777,51,180,201680,0.05,0.001,92904,6,0.5
2119638,36,360,57254,0.15,0.001,43463,6,0.3
120003099,53,156,300000,0.05,0.001,202722,6,0.5
153794,35,372,22021,0.3,0.004,18284,15,0.3
10831776,57,108,81040,0.15,0.004,57242,7,0.3
2521706,36,360,51786,0.15,0.004,33249,8,0.5
4298359,45,252,117574,0.05,0.001,90060,7,0.5
470773,31,420,68487,0.3,0.004,41885,12,0.3
27462,23,516,76629,0.15,0.004,51326,9,0.7
3467297,59,84,73189,0.3,0.008,52720,9,0.3
24498925,45,252,267606,0.05,0.001,121642,5,0.5
39968,25,492,32972,0.3,0.008,31248,22,0.5
163423104,59,84,129762,0.05,0.001,59780,7,0.3
5834732,38,336,73181,0.15,0.004,39294,9,0.3
3265751,36,360,110035,0.15,0.004,57904,7,0.7
402046,31,420,62722,0.15,0.004,49592,6,0.5
2147,23,516,35171,0.15,0.001,29342,9,0.3
236005,27,468,45965,0.3,0.004,39097,13,0.5
572272,30,432,49002,0.05,0.001,39653,4,0.7
141731326,55,132,174845,0.05,0.001,77178,6,0.3
953347,29,444,75058,0.15,0.001,51660,8,0.5
1039958,50,192,46737,0.3,0.008,41820,17,0.5
1809842,44,264,29826,0.3,0.004,21444,20,0.5
3185944,39,324,64729,0.15,0.001,43818,8,0.7
11551,24,504,36352,0.15,0.004,35729,8,0.5
40125741,56,120,135151,0.15,0.004,89274,7,0.3
7618072,41,300,94957,0.15,0.004,54356,8,0.3
127286020,53,156,195809,0.05,0.001,83735,4,0.3
15906390,51,180,155999,0.05,0.001,83463,7,0.5
100521,28,456,25913,0.15,0.004,22860,7,0.7
96416413,53,156,188615,0.05,0.001,87855,4,0.5
1298911,43,276,55820,0.3,0.004,47349,16,0.5
1282188,52,168,43359,0.15,0.004,41322,9,0.3
5605913,47,228,70915,0.05,0.001,53863,5,0.7
1291125,42,288,32951,0.15,0.001,25505,7,0.3
16844486,44,264,144912,0.15,0.004,87070,8,0.3
746577,52,168,48711,0.3,0.008,47235,23,0.3
14012062,55,132,66810,0.15,0.004,40938,6,0.3
112023,25,492,43518,0.3,0.004,35152,15,0.3
156749440,57,108,260393,0.05,0.001,140248,4,0.3
316135,35,372,21908,0.15,0.001,19020,8,0.3
86545,30,432,20000,0.15,0.004,18241,7,0.5
26261148,48,216,95603,0.15,0.001,58461,6,0.5
27773307,59,84,152908,0.15,0.001,76328,9,0.5
6472206,37,348,141544,0.15,0.001,69725,7,0.5
140496,26,480,35863,0.05,0.001,24301,5,0.5
488616,38,336,25091,0.15,0.001,21660,7,0.3
7886058,51,180,55333,0.3,0.008,30571,10,0.3
92813516,52,168,189807,0.15,0.004,83666,6,0.3
1432065,33,396,74317,0.15,0.004,55301,7,0.7
9037524,57,108,50262,0.3,0.004,36042,12,0.3
1935294,41,300,99425,0.05,0.001,87444,5,0.5
11194090,39,324,153920,0.05,0.001,74723,4,0.3
0,22,528,98135,0.15,0.001,65274,8,0.7
14882700,46,240,113488,0.15,0.001,68996,8,0.5
3919704,38,336,72381,0.15,0.004,45698,7,0.5
27798705,50,192,135370,0.15,0.004,80537,6,0.3
8475140,32,408,120864,0.05,0.001,47927,6,0.7
1167469,28,456,63067,0.05,0.001,36094,7,0.7
7710080,44,264,96079,0.15,0.004,70027,7,0.7
237499,28,456,31735,0.15,0.001,21898,9,0.5
110570889,48,216,212782,0.15,0.004,123497,9,0.5
67549,23,516,59890,0.15,0.001,32454,7,0.5
3371696,54,144,81575,0.15,0.004,69942,9,0.3
5085379,49,204,75558,0.3,0.004,43942,14,0.3
10377742,44,264,84313,0.05,0.001,55087,6,0.3
11533289,51,180,59700,0.15,0.004,37728,9,0.3
40847129,50,192,250489,0.05,0.001,130825,6,0.3
4086389,28,456,199201,0.05,0.001,144065,6,0.7
4936911,59,84,31819,0.15,0.004,26204,9,0.3
880751,31,420,28339,0.15,0.001,20870,9,0.7
404648,25,492,50026,0.15,0.004,25868,9,0.5
3916335,49,204,70469,0.15,0.004,42360,7,0.5
2175910,26,480,192867,0.05,0.001,99232,5,0.7
192829,31,420,44217,0.15,0.001,32327,6,0.7
11018512,29,444,300000,0.15,0.001,148162,8,0.7
508220,41,300,30349,0.15,0.004,28671,7,0.5
4702897,45,252,85633,0.05,0.001,73915,5,0.7
875348,25,492,62343,0.15,0.004,35461,8,0.7
7111195,55,132,104030,0.05,0.001,91339,4,0.5
244931,26,480,61082,0.15,0.004,42681,6,0.5
869672,32,408,33731,0.15,0.001,25845,8,0.7
294791,42,288,45722,0.15,0.004,43400,7,0.3
17070090,42,288,180759,0.05,0.001,93006,5,0.5
4614036,43,276,53774,0.15,0.004,25670,7,0.7
28998747,47,228,124398,0.05,0.001,59975,6,0.7
2939439,48,216,101515,0.15,0.004,74094,6,0.5
82268565,58,96,247295,0.05,0.001,154361,4,0.3
3072985,37,348,33362,0.15,0.001,22207,8,0.5
1325644,54,144,47836,0.15,0.004,43507,7,0.3
2074782,46,240,26739,0.3,0.008,20212,18,0.3
63968,23,516,89364,0.05,0.001,58881,4,0.7
44249,28,456,41452,0.15,0.001,40828,8,0.5
3146557,36,360,74948,0.15,0.001,39541,7,0.5
35360177,48,216,300000,0.15,0.004,143099,9,0.5
93981238,58,96,167748,0.15,0.004,80504,8,0.5
967412,41,300,55561,0.3,0.004,33603,18,0.3
4727173,52,168,63848,0.15,0.004,51793,8,0.3
7827621,46,240,122298,0.15,0.004,79952,6,0.3
655521,30,432,45184,0.3,0.008,31937,15,0.5
4122787,50,192,54341,0.3,0.004,31465,21,0.3
1547826,36,360,64129,0.15,0.001,37011,9,0.5
11287895,52,168,80086,0.05,0.001,47934,7,0.3
1556,23,516,39507,0.3,0.004,43238,9,0.3
61388,25,492,31747,0.15,0.004,29443,6,0.3
24232463,43,276,207639,0.05,0.001,83610,5,0.5
2779655,33,396,64260,0.15,0.004,33872,9,0.7
743567,29,444,87987,0.05,0.001,67953,4,0.7
525261,28,456,39787,0.15,0.001,31977,6,0.7
715666,49,204,42995,0.15,0.001,43915,7,0.3
0,22,528,32858,0.3,0.008,29476,18,0.5
3598172,39,324,61786,0.15,0.001,34073,7,0.5
8936701,56,120,103598,0.05,0.001,57890,7,0.5
78337361,41,300,188071,0.05,0.001,96687,7,0.5
41555114,55,132,126166,0.3,0.008,62548,22,0.3
25601216,51,180,133658,0.15,0.004,67412,6,0.5
510393,27,468,57785,0.15,0.004,36448,7,0.7
37849480,56,120,126183,0.05,0.001,53772,6,0.3
3248730,37,348,85073,0.15,0.004,54427,8,0.3
2447230,46,240,59044,0.3,0.004,32381,13,0.5
1784627,24,504,238090,0.05,0.001,117966,5,0.5
961546,36,360,43632,0.15,0.004,38369,9,0.3
33458212,50,192,130888,0.15,0.001,72538,8,0.5
5243450,41,300,57829,0.15,0.001,41460,9,0.3
0,22,528,48991,0.3,0.008,43218,23,0.5
9967,24,504,38778,0.05,0.001,37993,4,0.5
12515407,40,312,180044,0.05,0.001,77956,4,0.5
3535832,54,144,95285,0.3,0.008,74201,13,0.3
4949449,41,300,72446,0.15,0.001,46572,6,0.5
17815406,43,276,136653,0.05,0.001,59033,7,0.5
649091,41,300,37453,0.15,0.004,35734,6,0.3
4120678,38,336,75474,0.15,0.004,43573,8,0.7
305548,42,288,32515,0.15,0.001,32129,6,0.7
24061048,38,336,197729,0.05,0.001,109690,5,0.7
4687325,39,324,103609,0.15,0.001,80104,6,0.3
109035068,57,108,300000,0.15,0.001,176821,8,0.3
4636466,28,456,134341,0.05,0.001,64819,7,0.7
1321859,28,456,94078,0.15,0.001,65269,6,0.5
2804723,46,240,66890,0.15,0.004,50383,7,0.5
3008658,38,336,54707,0.15,0.004,33728,8,0.5
5453267,45,252,48739,0.15,0.001,36199,8,0.5
46930160,53,156,190454,0.05,0.001,111483,5,0.3
5231896,40,312,63126,0.3,0.008,35922,18,0.3
36897615,40,312,300000,0.3,0.004,200791,9,0.5
9482033,39,324,82962,0.15,0.001,52041,7,0.3
150723301,55,132,300000,0.05,0.001,158686,4,0.3
42937,28,456,32896,0.15,0.001,31824,9,0.5
22002092,35,372,300000,0.05,0.001,162820,6,0.7
498726,25,492,52687,0.15,0.001,32897,8,0.3
5291925,48,216,64757,0.3,0.008,35809,17,0.5
20791776,39,324,126705,0.05,0.001,72327,5,0.7
3297,23,516,22661,0.15,0.004,20079,9,0.5
6162998,46,240,76176,0.05,0.001,51415,4,0.3
2607920,44,264,53983,0.05,0.001,40339,7,0.5
671667,33,396,28661,0.15,0.001,23601,8,0.7
2946851,32,408,65388,0.05,0.001,35073,5,0.5
25021204,57,108,82262,0.05,0.001,55630,5,0.3
783921,33,396,36444,0.15,0.004,30261,6,0.5
14181457,46,240,125023,0.15,0.004,69310,9,0.3
6406358,50,192,60645,0.15,0.001,36270,8,0.7
682245,29,444,53833,0.15,0.004,38624,8,0.7
126034,34,384,29825,0.15,0.004,24601,9,0.7
26076,26,480,23662,0.15,0.001,21253,7,0.5
1670998,45,252,36910,0.15,0.004,31444,9,0.3
25541673,39,324,283668,0.05,0.001,145587,7,0.5
47711797,55,132,128825,0.05,0.001,55966,7,0.3
3192,23,516,24712,0.3,0.008,22253,12,0.3
40301956,56,120,165176,0.05,0.001,69142,5,0.5
138866334,52,168,300000,0.05,0.001,175662,6,0.3
699624,25,492,64762,0.15,0.004,39703,7,0.5
2340834,46,240,77650,0.05,0.001,57231,5,0.5
5140224,39,324,80516,0.15,0.004,53162,8,0.3
121763,23,516,84315,0.15,0.004,48204,8,0.5
93294,29,444,38635,0.05,0.001,36717,6,0.5
671877,29,444,55448,0.15,0.004,31046,8,0.7
2013633,28,456,53187,0.15,0.001,29892,6,0.5
288553,29,444,37590,0.15,0.001,28355,9,0.5
3392062,30,432,112475,0.05,0.001,81489,7,0.5
87095,23,516,94568,0.05,0.001,54094,6,0.5
11566559,50,192,95501,0.05,0.001,63071,4,0.3
239823,35,372,33991,0.15,0.004,29151,7,0.3
5983187,35,372,84041,0.05,0.001,57924,5,0.5
7011111,53,156,66008,0.3,0.008,48387,9,0.3
124718,32,408,20000,0.3,0.008,16207,10,0.5
45587902,57,108,152071,0.05,0.001,64701,6,0.3
1098357,37,348,48127,0.15,0.004,40747,7,0.3
84685,33,396,20306,0.3,0.004,16745,22,0.5
909200,29,444,54197,0.05,0.001,45433,7,0.7
85124,30,432,25266,0.15,0.001,25203,9,0.5
18632412,59,84,93690,0.15,0.004,65512,7,0.5
109806911,54,144,235993,0.05,0.001,121964,4,0.5
1429644,26,480,162493,0.05,0.001,86921,6,0.5
12825647,39,324,87338,0.3,0.004,62049,20,0.5
3423905,31,420,99200,0.15,0.004,61848,9,0.7
1499849,49,204,77842,0.3,0.008,62842,22,0.7
9743288,53,156,104928,0.15,0.004,81953,7,0.3
4148640,42,288,74522,0.15,0.004,49810,6,0.5
16890637,36,360,131870,0.05,0.001,87637,7,0.5
4434,24,504,25448,0.3,0.004,23426,22,0.5
1261498,33,396,51170,0.15,0.004,28950,7,0.7
659177,43,276,39932,0.3,0.004,33136,18,0.3
1624989,47,228,33393,0.15,0.001,28055,9,0.5
1532920,33,396,41828,0.15,0.001,30291,9,0.5
15190068,56,120,70683,0.15,0.001,42640,9,0.5
1015442,32,408,34899,0.05,0.001,26830,5,0.7
195328,28,456,27019,0.15,0.004,20184,6,0.5
6525877,34,384,127102,0.05,0.001,75924,6,0.7
11421941,40,312,117977,0.15,0.001,79121,9,0.5
7586,24,504,28840,0.3,0.004,26418,19,0.7
8020228,54,144,114676,0.15,0.001,92381,8,0.3
661493,41,300,32091,0.15,0.001,21669,8,0.5
6948831,31,420,300000,0.3,0.008,119375,23,0.7
36262530,39,324,154435,0.05,0.001,77510,7,0.3
10563141,29,444,153890,0.05,0.001,65687,4,0.7
1972062,44,264,63538,0.3,0.004,37239,10,0.3
5463574,53,156,59807,0.15,0.004,38894,9,0.3
7955225,42,288,64199,0.3,0.008,39357,18,0.7
193264,28,456,48646,0.15,0.004,40588,6,0.5
11312841,46,240,55840,0.05,0.001,32628,5,0.3
12932556,45,252,90095,0.05,0.001,49680,5,0.3
165471,34,384,40643,0.15,0.004,38148,7,0.7
22879282,44,264,85037,0.15,0.004,47791,7,0.3
3771217,56,120,60241,0.15,0.004,38132,8,0.5
3366930,26,480,226935,0.05,0.001,123207,4,0.7
7442596,46,240,77350,0.05,0.001,55716,4,0.3
5922271,53,156,80509,0.05,0.001,54701,6,0.3
85622,26,480,45630,0.3,0.008,39527,11,0.5
203572,30,432,25559,0.3,0.008,23397,18,0.5
78188140,53,156,120122,0.05,0.001,71379,4,0.5
8169706,41,300,80576,0.05,0.001,44422,4,0.5
466130,47,228,36231,0.15,0.004,32418,9,0.3
0,22,528,31309,0.3,0.004,26629,17,0.5
1465954,58,96,35896,0.3,0.008,33026,21,0.3
961870,28,456,60732,0.15,0.004,49273,8,0.7
7890527,35,372,300000,0.3,0.008,145166,8,0.3
87408,26,480,29107,0.15,0.004,22426,7,0.7
1150485,28,456,85832,0.15,0.001,46579,8,0.7
31851012,52,168,160280,0.15,0.001,69953,7,0.3
3882389,36,360,74130,0.05,0.001,42118,7,0.7
23533736,48,216,110750,0.15,0.001,64319,9,0.5
1771953,41,300,43949,0.3,0.008,39678,11,0.3
143877211,59,84,300000,0.05,0.001,155682,4,0.5
0,22,528,27907,0.15,0.001,29879,7,0.5
12615831,44,264,82469,0.05,0.001,49903,5,0.3
2641059,40,312,106547,0.05,0.001,62780,7,0.5
6843637,34,384,147466,0.05,0.001,89807,4,0.5
5786354,32,408,300000,0.15,0.004,165534,8,0.7
349073,26,480,53780,0.05,0.001,38370,6,0.5
13375227,51,180,114535,0.05,0.001,90834,7,0.3
1224522,28,456,75706,0.15,0.004,51093,6,0.7
3103658,41,300,59933,0.3,0.008,37390,12,0.7
4497243,49,204,91932,0.15,0.004,58058,8,0.3
5646600,39,324,75993,0.05,0.001,53215,4,0.7
193489,24,504,68318,0.05,0.001,42365,7,0.5
68888,25,492,20612,0.15,0.004,17384,7,0.3
11308978,38,336,97963,0.05,0.001,64172,7,0.7
22287914,33,396,300000,0.05,0.001,153759,6,0.7
64750,23,516,86647,0.05,0.001,59516,7,0.7
55119,29,444,33875,0.3,0.008,32384,10,0.3
1047190,33,396,48637,0.15,0.004,39845,9,0.5
119091,26,480,44572,0.15,0.004,43369,9,0.5
3335184,30,432,85295,0.05,0.001,49257,4,0.7
2233491,58,96,36964,0.3,0.004,31277,11,0.3
31471820,54,144,126232,0.05,0.001,72704,6,0.3
4473739,51,180,77057,0.3,0.008,48049,11,0.3
38508222,58,96,148508,0.05,0.001,72617,7,0.3
12199396,45,252,96413,0.05,0.001,50742,7,0.5
42088772,56,120,115546,0.15,0.004,72282,8,0.3
853206,42,288,32198,0.15,0.004,25202,6,0.5
498059,39,324,35901,0.15,0.001,31922,6,0.3
4529644,54,144,37947,0.3,0.008,29768,16,0.3
1499160,35,372,50203,0.15,0.004,27388,9,0.3
1979002,45,252,33979,0.05,0.001,23424,7,0.3
32911546,54,144,300000,0.15,0.001,144085,6,0.5
85819,27,468,25377,0.15,0.004,21011,9,0.3
518399,30,432,45460,0.15,0.004,34919,7,0.7
1737640,31,420,108795,0.05,0.001,70457,5,0.7
0,22,528,56588,0.15,0.001,38371,8,0.5
4988096,49,204,55207,0.3,0.008,36102,13,0.5
11536318,33,396,300000,0.3,0.008,131024,17,0.7
3626570,44,264,75658,0.15,0.004,53816,7,0.3
47310519,51,180,300000,0.15,0.004,171725,9,0.5
1924071,32,408,45478,0.3,0.008,30760,23,0.7
640934,33,396,47073,0.3,0.004,39372,15,0.5
4158271,26,480,300000,0.3,0.008,159882,13,0.5
4415913,27,468,300000,0.3,0.004,145470,17,0.7
423052,41,300,41237,0.15,0.001,39589,6,0.7
1873724,29,444,51314,0.05,0.001,26836,5,0.7
6864017,35,372,163425,0.05,0.001,78750,7,0.7
418304,38,336,31076,0.15,0.001,25541,9,0.3
10551772,54,144,127643,0.05,0.001,80636,6,0.3
1375587,37,348,64999,0.3,0.004,33145,16,0.3
1922707,35,372,63662,0.15,0.004,38461,9,0.5
165692,37,348,42061,0.15,0.004,40952,8,0.5
194663243,56,120,300000,0.05,0.001,133001,7,0.5
14426,25,492,23711,0.3,0.008,23565,13,0.5
16449671,33,396,210988,0.05,0.001,91503,5,0.7
8551889,37,348,83078,0.15,0.004,42353,8,0.7
38508,27,468,27121,0.15,0.001,25421,6,0.3
5679718,42,288,124589,0.05,0.001,78677,6,0.3
97617,23,516,91410,0.05,0.001,67542,5,0.5
3935439,28,456,159779,0.05,0.001,58741,7,0.7
528082,36,360,27570,0.15,0.001,24308,9,0.5
8309986,54,144,38534,0.3,0.004,29436,8,0.5
13675360,39,324,149630,0.05,0.001,82691,7,0.5
0,22,528,30632,0.15,0.001,22454,8,0.3
1391002,34,384,93363,0.15,0.001,57800,8,0.7
3174909,29,444,300000,0.15,0.001,114327,6,0.5
41222132,51,180,148161,0.05,0.001,68227,6,0.3
8780349,48,216,96963,0.15,0.004,68985,9,0.3
9457173,57,108,87601,0.15,0.001,64571,9,0.3
15610935,47,228,102350,0.15,0.004,59339,7,0.5
1850774,39,324,26794,0.15,0.001,19045,9,0.7
5740244,41,300,79607,0.15,0.001,55242,9,0.3
42106897,49,204,300000,0.15,0.001,145728,8,0.3
14264325,43,276,185161,0.15,0.004,81195,7,0.5
7735083,29,444,300000,0.05,0.001,136530,6,0.7
225723,34,384,21856,0.15,0.001,17326,6,0.7
2060656,34,384,71700,0.05,0.001,48424,6,0.5
18215230,42,288,121462,0.05,0.001,55610,5,0.5
3330861,32,408,81474,0.05,0.001,63492,6,0.7
5517,23,516,43209,0.05,0.001,41518,5,0.5
72982,23,516,208429,0.05,0.001,104386,4,0.5
80152,27,468,33525,0.15,0.001,27693,8,0.5
7758528,44,264,57463,0.3,0.004,38358,9,0.3
1350206,40,312,116175,0.05,0.001,112459,6,0.5
188768,34,384,40408,0.3,0.008,36623,18,0.5
9075,23,516,34525,0.15,0.004,31841,8,0.5
80903497,41,300,300000,0.15,0.001,118228,6,0.3
43118349,52,168,154329,0.05,0.001,80641,6,0.3
3713080,33,396,152488,0.15,0.004,59594,7,0.7
154448413,57,108,300000,0.05,0.001,163487,6,0.3
0,22,528,124031,0.15,0.001,83359,6,0.3
42369083,50,192,120280,0.15,0.004,71505,8,0.5
12235427,42,288,92163,0.15,0.001,46518,8,0.7
4713,23,516,37787,0.15,0.004,26051,6,0.3
13212663,57,108,60974,0.15,0.001,33045,7,0.3
3730436,45,252,85307,0.05,0.001,61167,4,0.3
8189,23,516,43066,0.15,0.004,37384,8,0.7
216699,34,384,29495,0.15,0.004,26577,7,0.7
505420,36,360,42742,0.15,0.004,29592,7,0.5
30393075,48,216,174870,0.05,0.001,74013,5,0.5
1396266,51,180,47353,0.15,0.001,39786,9,0.3
2051591,31,420,118879,0.15,0.004,70177,7,0.7
95968624,50,192,161066,0.05,0.001,94282,5,0.5
9330880,42,288,84784,0.15,0.004,55885,9,0.5
3979681,37,348,50401,0.3,0.004,35381,12,0.3
511526,25,492,50124,0.15,0.001,29580,8,0.5
5658443,30,432,134863,0.05,0.001,76951,7,0.7
16144816,59,84,66246,0.15,0.001,36479,6,0.3
43625632,54,144,82488,0.15,0.004,52373,8,0.3
942826,25,492,115612,0.15,0.004,74652,8,0.7
0,22,528,39277,0.3,0.008,26641,8,0.5
4738754,35,372,137308,0.05,0.001,67372,7,0.7
241556,26,480,69526,0.05,0.001,59539,5,0.5
6429109,32,408,166813,0.05,0.001,94339,7,0.5
7846699,33,396,300000,0.05,0.001,209899,7,0.7
13128327,58,96,63353,0.3,0.008,44971,20,0.3
136293010,57,108,300000,0.05,0.001,139697,5,0.3
494682,37,348,31531,0.3,0.008,24011,9,0.7
1109189,26,480,61213,0.05,0.001,39335,7,0.5
172011,25,492,23595,0.15,0.001,18036,6,0.5
2139973,48,216,52563,0.15,0.004,37736,9,0.3
0,22,528,55070,0.05,0.001,30981,6,0.7
12558449,53,156,107549,0.05,0.001,74111,6,0.5
1308355,35,372,107574,0.05,0.001,86766,6,0.3
184198,31,420,46515,0.15,0.001,44852,7,0.7
7415999,43,276,73978,0.05,0.001,51203,4,0.5
184399,25,492,46171,0.15,0.004,41116,7,0.5
43129026,50,192,267155,0.05,0.001,135111,7,0.5
432005,28,456,34219,0.15,0.004,25736,6,0.7
5681604,52,168,101659,0.15,0.001,75685,8,0.3
2329248,44,264,51926,0.3,0.008,25436,17,0.3
7373860,41,300,101619,0.15,0.001,59825,6,0.5
192118160,55,132,411800,0.05,0.001,154688,7,0.5
3481920,30,432,139291,0.15,0.001,63640,6,0.7
41132124,44,264,300000,0.15,0.001,119026,7,0.5
18629029,54,144,102928,0.3,0.004,72166,16,0.5
7373369,41,300,127829,0.05,0.001,82062,4,0.3
502262,28,456,60805,0.3,0.008,33613,17,0.7
105015,34,384,47305,0.3,0.008,42419,9,0.5
6230666,45,252,67973,0.15,0.001,37418,6,0.5
2769792,33,396,67367,0.15,0.001,34925,6,0.7
1166078,41,300,42707,0.15,0.001,33477,7,0.7
21841832,47,228,94228,0.05,0.001,55667,7,0.7
99054,28,456,26928,0.15,0.001,23472,7,0.5
212236,34,384,38215,0.15,0.004,41334,8,0.5
22368373,50,192,89824,0.15,0.001,54718,6,0.3
78308,23,516,80554,0.05,0.001,53940,5,0.5
1011216,33,396,48912,0.15,0.001,34172,9,0.7
2538797,37,348,85363,0.15,0.004,65978,7,0.3
7018692,52,168,63796,0.3,0.008,49657,10,0.5
5302949,33,396,104516,0.05,0.001,54762,7,0.7
862843,36,360,39539,0.15,0.004,31635,9,0.5
3446442,47,228,100103,0.3,0.004,72940,16,0.5
896233,53,156,40215,0.15,0.004,38740,7,0.3
2095263,48,216,48744,0.3,0.008,37650,9,0.3
16849791,51,180,95634,0.05,0.001,57428,7,0.3
3470653,47,228,63231,0.15,0.001,42848,9,0.3
6674080,39,324,132881,0.15,0.001,83067,6,0.3
75778,26,480,21880,0.15,0.004,19006,7,0.3
32221,25,492,43204,0.3,0.008,38537,18,0.7
1521618,28,456,71991,0.05,0.001,30865,5,0.7
504664,28,456,51792,0.3,0.008,28940,11,0.7
3207368,25,492,273941,0.05,0.001,131910,7,0.7
7425351,42,288,98849,0.05,0.001,56931,6,0.5
121012,24,504,69749,0.05,0.001,51482,4,0.5
61827451,59,84,178558,0.05,0.001,103284,7,0.5
52313,24,504,43977,0.15,0.004,31817,6,0.5
103065148,55,132,188998,0.05,0.001,109563,6,0.3
0,22,528,49712,0.05,0.001,44200,6,0.3
1839259,32,408,81063,0.05,0.001,47099,5,0.5
80298005,47,228,258464,0.05,0.001,114438,7,0.5
6684642,50,192,90707,0.05,0.001,64433,4,0.5
782112,36,360,38061,0.05,0.001,32274,5,0.5
10509525,52,168,97416,0.15,0.001,66276,7,0.5
3616322,48,216,57690,0.15,0.004,39615,7,0.3
57315,26,480,45008,0.15,0.001,42919,8,0.3
12618580,47,228,92785,0.15,0.001,56226,8,0.7
20559642,45,252,278448,0.05,0.001,153032,7,0.5
1305956,30,432,51685,0.05,0.001,28898,4,0.7
10703917,44,264,123170,0.05,0.001,65291,6,0.3
26326434,35,372,279630,0.05,0.001,146543,6,0.5
6470380,46,240,83745,0.15,0.004,50338,7,0.3
134829,33,396,35019,0.15,0.004,32098,6,0.5
20972265,37,348,229872,0.05,0.001,93761,7,0.5
2199488,30,432,99345,0.15,0.004,61692,9,0.7
168491,29,444,40095,0.3,0.008,34225,9,0.3
2049818,30,432,104244,0.15,0.001,59323,7,0.7
81893883,57,108,121686,0.05,0.001,53544,6,0.5
8701297,54,144,112945,0.15,0.001,75654,8,0.3
3175455,35,372,110094,0.05,0.001,64883,6,0.5
6392924,57,108,44070,0.15,0.004,33391,9,0.3
26517616,56,120,53025,0.15,0.004,34617,9,0.5
3527,23,516,49431,0.3,0.008,45404,20,0.5
106479973,55,132,300000,0.05,0.001,211205,7,0.3
800345,33,396,42706,0.15,0.004,33191,6,0.5
2231290,36,360,91460,0.15,0.004,77024,7,0.5
6972297,40,312,60985,0.15,0.001,42098,7,0.5
489257,54,144,49162,0.15,0.004,57234,6,0.3
7542998,50,192,94191,0.15,0.001,77767,6,0.7
575195,36,360,33101,0.3,0.004,32054,13,0.7
16632294,38,336,300000,0.3,0.004,118708,10,0.5
15194711,48,216,62007,0.15,0.004,39920,9,0.5
108144,33,396,26287,0.15,0.001,22102,7,0.7
36510007,58,96,260571,0.05,0.001,165732,7,0.3
133496,34,384,35221,0.15,0.004,35057,9,0.3
10725527,35,372,300000,0.05,0.001,193527,5,0.5
20838557,49,204,94822,0.15,0.001,60683,8,0.5
24807559,55,132,107498,0.05,0.001,72936,4,0.5
100326,24,504,87897,0.15,0.001,55234,7,0.3
2665851,48,216,49482,0.15,0.004,33943,8,0.7
1601606,37,348,56082,0.3,0.008,37018,20,0.5
2223825,39,324,50963,0.3,0.004,29316,17,0.7
582883,33,396,54096,0.15,0.004,36980,9,0.7
3959980,32,408,151081,0.15,0.001,79477,7,0.7
241748199,55,132,300000,0.05,0.001,150146,5,0.5
2745440,31,420,160011,0.15,0.004,81922,9,0.7
3295453,48,216,57367,0.3,0.008,46166,15,0.7
3424300,36,360,66588,0.15,0.004,37901,7,0.5
117206,28,456,29259,0.15,0.004,27244,9,0.3
445104,27,468,81965,0.05,0.001,56196,4,0.3
128573723,48,216,300000,0.15,0.001,158586,7,0.7
5239562,51,180,57264,0.05,0.001,41676,5,0.3
30227016,56,120,99126,0.05,0.001,64772,7,0.3
1683396,41,300,62604,0.3,0.008,36286,19,0.3
64013,25,492,40198,0.05,0.001,35742,5,0.5
36906,25,492,28375,0.3,0.004,24954,14,0.5
4017,23,516,20152,0.3,0.008,17382,21,0.7
3501748,43,276,100924,0.15,0.001,70696,7,0.7
50538,25,492,26649,0.3,0.004,19840,18,0.5
684459,48,216,40685,0.3,0.004,35028,16,0.7
1755020,44,264,50624,0.3,0.008,30804,22,0.3
625276,52,168,42668,0.15,0.004,43656,7,0.5
3941722,57,108,59694,0.15,0.001,34787,8,0.5
109821813,56,120,141098,0.05,0.001,61909,5,0.3
436448,28,456,62101,0.05,0.001,42957,7,0.3
32108125,52,168,133591,0.05,0.001,60809,4,0.3
4465367,35,372,123669,0.15,0.004,68832,8,0.3
327041,35,372,27231,0.3,0.004,23186,20,0.5
2465460,36,360,94375,0.15,0.004,53569,9,0.5
5555818,39,324,97044,0.15,0.004,61260,8,0.5
4305110,49,204,99727,0.15,0.001,79377,7,0.5
14391290,42,288,116924,0.05,0.001,77057,6,0.3
3190514,29,444,113338,0.15,0.004,63049,9,0.7
7610822,43,276,105374,0.15,0.004,78892,6,0.7
199157,27,468,30605,0.15,0.001,25079,7,0.5
11061117,34,384,113655,0.05,0.001,69618,4,0.5
998108,40,312,53082,0.15,0.004,35009,7,0.3
26517835,46,240,133043,0.15,0.001,71460,9,0.5
3756200,27,468,204389,0.15,0.001,93936,6,0.7
37263371,47,228,220667,0.05,0.001,99377,4,0.5
573797,30,432,40341,0.3,0.004,30055,18,0.7
3224084,38,336,50523,0.3,0.004,35645,10,0.7
227279,46,240,35159,0.15,0.004,33352,8,0.5
13181717,47,228,119218,0.3,0.008,71653,14,0.5
255796,30,432,41071,0.15,0.001,34327,8,0.5
22060421,59,84,114696,0.15,0.001,77685,6,0.5
223528,24,504,84778,0.15,0.001,57175,8,0.5
920627,27,468,63760,0.05,0.001,39064,4,0.7
10059628,36,360,198319,0.05,0.001,149889,4,0.7
12968684,55,132,125042,0.3,0.008,81931,21,0.3
627253,31,420,45142,0.05,0.001,30998,4,0.7
106328,29,444,35149,0.15,0.004,32025,8,0.5
769893,30,432,62583,0.15,0.001,44737,9,0.7
6822767,40,312,76047,0.3,0.004,49378,8,0.7
206232,31,420,36852,0.15,0.001,35717,7,0.5
0,22,528,138771,0.05,0.001,99638,6,0.5
22963,24,504,44737,0.15,0.004,45157,9,0.5
37689257,53,156,138957,0.15,0.001,53979,9,0.5
6998041,41,300,96554,0.15,0.001,60555,9,0.7
0,22,528,47556,0.15,0.001,42014,6,0.3
19657409,52,168,98394,0.15,0.004,55284,6,0.5
417925,37,348,49888,0.15,0.004,45551,7,0.5
21903645,49,204,202638,0.15,0.004,147218,8,0.5
2450634,48,216,62253,0.3,0.008,46035,18,0.5
52806,24,504,62207,0.15,0.001,40355,6,0.5
611773,31,420,29082,0.15,0.004,20579,6,0.7
16178496,43,276,79406,0.05,0.001,59447,7,0.3
5735649,33,396,149390,0.05,0.001,58465,6,0.5
13563286,58,96,59984,0.15,0.001,38350,6,0.3
953507,31,420,78385,0.15,0.004,52674,8,0.7
90078231,51,180,143338,0.15,0.004,70911,6,0.5
4484716,34,384,109149,0.05,0.001,74605,6,0.7
4928558,41,300,60760,0.15,0.004,33083,7,0.5
3374105,49,204,36689,0.3,0.008,26277,18,0.5
48506278,55,132,221682,0.05,0.001,149636,6,0.3
11976707,56,120,82835,0.15,0.004,54079,9,0.3
25597357,55,132,91097,0.15,0.004,63423,6,0.3
22997,32,408,35260,0.3,0.004,39003,16,0.5
1711414,36,360,35572,0.15,0.001,26765,8,0.5
36721470,54,144,145974,0.15,0.004,97488,8,0.3
3235160,38,336,65257,0.3,0.004,39762,23,0.5
13328424,51,180,98003,0.05,0.001,58397,6,0.3
0,22,528,39184,0.15,0.004,37200,6,0.3
130073754,49,204,180974,0.05,0.001,98951,5,0.3
893193,45,252,49160,0.15,0.004,41248,7,0.5
210590,24,504,74226,0.15,0.004,46960,8,0.5
7868640,38,336,87979,0.05,0.001,60593,4,0.3
4571507,45,252,90958,0.05,0.001,59916,5,0.7
5148257,38,336,44610,0.05,0.001,30307,4,0.5
376002,25,492,94682,0.05,0.001,62858,5,0.5
4309774,50,192,58434,0.15,0.004,36106,7,0.3
215616,39,324,20000,0.15,0.001,15675,9,0.5
2981303,43,276,36184,0.15,0.004,32079,8,0.5
10766659,41,300,138656,0.05,0.001,87970,5,0.3
2437687,37,348,34139,0.15,0.001,19358,7,0.3
10268583,51,180,75650,0.15,0.004,55904,6,0.3
503514,39,324,30373,0.3,0.008,26254,16,0.5
3372780,59,84,50459,0.3,0.008,24953,17,0.3
0,22,528,81089,0.15,0.004,63383,7,0.5
25866,25,492,25047,0.05,0.001,21635,6,0.5
61489699,51,180,110220,0.05,0.001,51829,4,0.5
94898115,59,84,129290,0.05,0.001,73738,4,0.5
17313275,52,168,246606,0.15,0.001,140339,8,0.5
8006650,39,324,147582,0.05,0.001,65946,4,0.5
32253530,53,156,102619,0.15,0.001,63269,9,0.3
91502392,59,84,60404,0.15,0.004,43791,7,0.3
277368,29,444,36888,0.3,0.004,32234,15,0.7
1390832,39,324,64073,0.15,0.001,37116,7,0.3
69671,24,504,44162,0.15,0.004,35875,8,0.5
1503668,55,132,31078,0.15,0.001,25843,9,0.3
3651452,53,156,39244,0.3,0.008,35461,10,0.3
544851,32,408,76312,0.05,0.001,62545,6,0.5
10129,24,504,37279,0.3,0.008,30391,13,0.5
45019175,42,288,199044,0.05,0.001,103008,6,0.5
3373459,41,300,79333,0.15,0.001,53343,6,0.5
110320,29,444,26195,0.05,0.001,24348,4,0.5
10538057,47,228,70890,0.15,0.001,47327,8,0.5
10132992,43,276,51324,0.15,0.004,33735,6,0.5
8896,24,504,27663,0.3,0.008,23323,20,0.5
3171223,30,432,84580,0.15,0.004,47228,6,0.5
86400,23,516,101747,0.05,0.001,71475,6,0.5
311371,42,288,49336,0.15,0.004,49449,6,0.5
8388770,54,144,31997,0.15,0.004,23991,6,0.3
3951505,37,348,50220,0.15,0.004,25880,9,0.5
9198841,36,360,160932,0.15,0.004,76013,6,0.7
146715735,59,84,300000,0.05,0.001,156253,4,0.3
89695185,55,132,184955,0.15,0.001,103038,8,0.3
99326,29,444,27774,0.15,0.001,24441,9,0.5
4333409,43,276,68558,0.3,0.008,43762,23,0.3
14400719,51,180,74967,0.15,0.001,45895,7,0.3
11875029,50,192,66181,0.15,0.004,46750,6,0.7
49894903,55,132,233104,0.05,0.001,106624,4,0.3
1501051,38,336,83156,0.05,0.001,60465,5,0.5
5878998,35,372,274966,0.05,0.001,144186,6,0.5
23863967,57,108,96524,0.15,0.001,48129,8,0.3
1068806,36,360,81643,0.15,0.004,61761,9,0.5
274137,24,504,88205,0.05,0.001,57114,7,0.5
58931,25,492,21884,0.3,0.008,17236,8,0.5
17205472,49,204,129490,0.05,0.001,68613,5,0.5
7708397,48,216,40826,0.15,0.001,31377,8,0.5
90646839,56,120,289721,0.05,0.001,165059,6,0.3
2985306,41,300,58528,0.15,0.001,41557,7,0.5
14882825,51,180,87671,0.15,0.004,52228,8,0.5
123467,30,432,44881,0.15,0.004,44458,9,0.3
36420369,56,120,182606,0.05,0.001,99036,4,0.3
14779602,58,96,63657,0.15,0.004,40243,6,0.3
853437,41,300,44663,0.3,0.004,40975,15,0.3
0,22,528,110327,0.15,0.004,83729,7,0.5
3540689,54,144,62519,0.3,0.008,43000,23,0.3
3267416,31,420,78475,0.05,0.001,45335,5,0.7
10166515,39,324,76527,0.15,0.001,38072,6,0.3
1734279,36,360,79175,0.15,0.001,55664,8,0.5
25135230,48,216,101715,0.15,0.004,55889,7,0.7
17676915,50,192,122051,0.05,0.001,72073,6,0.5
42094,23,516,65697,0.15,0.004,42793,7,0.5
10481896,36,360,164171,0.05,0.001,63817,5,0.3
76270,24,504,42061,0.15,0.004,30936,7,0.5
242311,35,372,22622,0.3,0.004,16580,13,0.7
5463636,39,324,64459,0.05,0.001,44638,6,0.3
126252879,55,132,253190,0.3,0.004,154532,21,0.3
2669416,27,468,300000,0.15,0.004,154905,8,0.7
138514,23,516,75854,0.05,0.001,53995,4,0.7
1650200,47,228,48873,0.3,0.008,42510,20,0.5
67079,26,480,31115,0.15,0.004,27704,7,0.5
19260067,50,192,67142,0.15,0.004,39835,7,0.5
4019102,39,324,84031,0.15,0.004,45585,8,0.3
1588666,56,120,39990,0.15,0.001,41643,6,0.5
220220,24,504,92655,0.05,0.001,67298,5,0.7
72373758,43,276,300000,0.15,0.001,114606,7,0.5
19511,23,516,31672,0.15,0.001,21860,6,0.5
1048836,42,288,56198,0.15,0.001,41796,7,0.7
66932196,47,228,300000,0.05,0.001,166992,6,0.3
17102664,57,108,74390,0.15,0.001,50639,9,0.3
5114736,37,348,143657,0.15,0.001,60486,6,0.5
498414,41,300,48668,0.05,0.001,51516,7,0.3
484915,43,276,39267,0.3,0.008,36727,8,0.7
20808,26,480,20000,0.15,0.004,19217,6,0.3
602937,31,420,39905,0.05,0.001,35189,5,0.5
32164,24,504,38951,0.3,0.008,29279,17,0.5
26987859,55,132,241684,0.05,0.001,149225,7,0.3
5629859,51,180,82902,0.05,0.001,46919,6,0.5
32966676,58,96,100903,0.15,0.001,65874,6,0.3
4896614,38,336,79626,0.15,0.004,44364,7,0.7
29799215,59,84,79938,0.05,0.001,54426,4,0.5
607685,44,264,30593,0.3,0.004,28103,20,0.5
8556018,52,168,96627,0.15,0.001,78222,7,0.3
4130,23,516,25380,0.15,0.001,24824,8,0.7
0,22,528,31928,0.3,0.008,20473,23,0.3
4273334,51,180,61986,0.15,0.004,33128,8,0.3
117961584,55,132,300000,0.05,0.001,134211,7,0.3
4354138,52,168,83632,0.15,0.001,47318,8,0.3
107803835,58,96,114675,0.05,0.001,79548,4,0.3
44210743,43,276,275513,0.05,0.001,136046,4,0.3
155279,25,492,44115,0.15,0.004,37823,6,0.5
9665803,34,384,87516,0.05,0.001,50407,6,0.7
724777,51,180,32733,0.15,0.001,27468,7,0.5
5187468,43,276,80673,0.05,0.001,53432,7,0.5
1701132,36,360,71698,0.15,0.004,41689,6,0.5
2790461,50,192,52086,0.15,0.001,43740,8,0.7
13171238,36,360,300000,0.3,0.004,111770,11,0.7
451501,43,276,29051,0.3,0.004,28834,10,0.5
566862,25,492,58566,0.15,0.001,38421,6,0.5
181439,26,480,29391,0.3,0.008,22833,21,0.7
202148,26,480,46316,0.15,0.004,41146,6,0.7
4034896,36,360,54947,0.05,0.001,31786,4,0.5
1142459,27,468,119912,0.15,0.004,69425,9,0.7
121584022,43,276,259160,0.05,0.001,125546,4,0.5
0,22,528,62182,0.05,0.001,39789,5,0.5
61791,32,408,26340,0.3,0.004,24414,15,0.7
14845390,41,300,90331,0.05,0.001,41337,6,0.7
638040,37,348,40808,0.3,0.004,35319,18,0.5
1275492,32,408,52896,0.05,0.001,34941,6,0.5
382318,35,372,51907,0.15,0.004,43004,6,0.5
1192721,27,468,56930,0.05,0.001,30799,4,0.7
59649,25,492,41676,0.3,0.004,35931,21,0.3
587210,47,228,30651,0.15,0.001,27806,6,0.3
6099199,57,108,64865,0.3,0.008,43474,9,0.3
1722707,43,276,40759,0.15,0.004,25387,7,0.5
3393646,55,132,53697,0.15,0.004,44772,6,0.3
8022,24,504,46455,0.3,0.008,44190,19,0.5
637558,28,456,74244,0.15,0.001,51331,6,0.7
423438,49,204,31686,0.3,0.008,28943,22,0.5
44715820,36,360,300000,0.05,0.001,162445,6,0.3
5243146,57,108,84701,0.15,0.004,71326,8,0.3
8130,24,504,24422,0.15,0.004,23056,8,0.5
125236,29,444,24406,0.3,0.004,19574,17,0.3
207091,29,444,39978,0.15,0.004,32430,9,0.3
1644312,38,336,64352,0.3,0.004,35251,8,0.5
9610381,36,360,133325,0.15,0.004,65340,6,0.3
40734371,40,312,300000,0.05,0.001,141487,5,0.3
11767539,58,96,62237,0.15,0.001,43372,7,0.3
625190,32,408,68229,0.05,0.001,52154,4,0.7
2030470,40,312,81512,0.15,0.001,57345,7,0.5
9593932,36,360,300000,0.15,0.001,159135,6,0.5
29542142,46,240,187238,0.05,0.001,83643,6,0.7
87665086,58,96,171133,0.15,0.004,98164,7,0.3
1776194,46,240,38369,0.15,0.004,27854,9,0.7
6397770,41,300,135419,0.05,0.001,50111,6,0.5
96727,26,480,20000,0.15,0.001,15539,8,0.7
18071827,50,192,60220,0.3,0.008,38919,17,0.3
247906,26,480,39009,0.05,0.001,26723,4,0.3
88127,26,480,26977,0.15,0.001,20935,9,0.5
219338,38,336,33314,0.15,0.004,32805,6,0.5
2061018,35,372,91247,0.3,0.004,61304,16,0.5
2419057,30,432,53375,0.05,0.001,32415,4,0.5
11538149,50,192,95595,0.15,0.001,52936,6,0.5
4761526,33,396,71222,0.15,0.004,36049,6,0.5
3742922,30,432,98670,0.05,0.001,66100,5,0.7
16817420,52,168,161398,0.15,0.004,61686,8,0.3
4414837,51,180,36207,0.15,0.004,30984,8,0.5
2079630,39,324,76599,0.15,0.001,44817,7,0.5
7814470,52,168,61179,0.15,0.004,38925,8,0.3
674304,29,444,59308,0.3,0.004,33005,8,0.5
633096,31,420,36358,0.15,0.001,27281,8,0.7
11083085,54,144,83568,0.05,0.001,49341,5,0.3
740577,52,168,49496,0.15,0.004,49659,6,0.3
39103532,58,96,246793,0.05,0.001,140411,6,0.5
10414677,51,180,44283,0.05,0.001,32966,6,0.5
17313937,43,276,127955,0.05,0.001,63144,5,0.7
3771821,32,408,178884,0.15,0.004,78560,6,0.7
43036,24,504,69019,0.15,0.004,45347,7,0.3
179844,25,492,66939,0.15,0.004,43970,6,0.5
0,22,528,56233,0.15,0.004,40431,7,0.7
5842635,56,120,90929,0.05,0.001,74170,6,0.3
1976827,33,396,83713,0.05,0.001,60293,4,0.7
1818116,38,336,74769,0.3,0.008,45503,22,0.5
1504673,54,144,25454,0.15,0.004,21299,9,0.5
145716,29,444,38693,0.15,0.004,38215,6,0.3
780763,29,444,49697,0.15,0.001,35625,9,0.5
9294921,56,120,63940,0.3,0.008,39742,22,0.5
1595988,31,420,51500,0.05,0.001,24016,4,0.5
143118983,49,204,300000,0.15,0.004,125431,7,0.5
25080954,56,120,82901,0.05,0.001,56130,4,0.3
12136358,54,144,68303,0.05,0.001,43642,7,0.5
153476207,58,96,300000,0.3,0.004,120500,17,0.5
120117694,59,84,122677,0.3,0.004,62182,21,0.3
11726679,31,420,300000,0.05,0.001,133765,5,0.7
910508,41,300,37403,0.05,0.001,31737,6,0.3
29178,24,504,36414,0.05,0.001,31251,6,0.3
1657881,56,120,38690,0.3,0.008,36661,12,0.3
26673,23,516,52631,0.15,0.001,36524,6,0.7
4571436,49,204,62710,0.3,0.004,41013,21,0.5
3558002,35,372,84926,0.15,0.004,56015,9,0.5
2704510,35,372,96649,0.05,0.001,72378,5,0.3
28578776,46,240,300000,0.05,0.001,168915,6,0.5
2209135,49,204,97710,0.05,0.001,92446,6,0.7
6502516,49,204,55208,0.15,0.004,38871,9,0.5
6261,23,516,34956,0.05,0.001,30719,7,0.5
16114427,44,264,71806,0.05,0.001,49348,5,0.3
46936614,57,108,105960,0.05,0.001,59362,5,0.3
442750,28,456,52921,0.15,0.001,36052,7,0.7
1404609,31,420,139517,0.15,0.004,89065,9,0.5
4191826,47,228,55518,0.15,0.001,34404,8,0.5
9343323,44,264,67007,0.15,0.004,50677,6,0.5
6653724,56,120,96938,0.15,0.004,73973,6,0.3
12755275,46,240,73796,0.05,0.001,48333,6,0.5
49794,25,492,30096,0.3,0.008,26040,13,0.3
227824,32,408,25766,0.15,0.001,19635,7,0.5
73048836,43,276,300000,0.15,0.004,142465,9,0.3
254833,31,420,24685,0.3,0.008,20991,13,0.3
5683093,39,324,108259,0.05,0.001,77395,6,0.7
38441694,55,132,184218,0.05,0.001,114167,4,0.5
35485461,46,240,220576,0.05,0.001,115437,7,0.5
0,22,528,65031,0.15,0.004,39619,9,0.5
223989,25,492,43021,0.05,0.001,33241,5,0.5
8806080,39,324,169688,0.05,0.001,81555,4,0.5
29819,24,504,20000,0.15,0.001,14912,9,0.5
18449702,58,96,83667,0.3,0.004,50836,8,0.3
83022525,54,144,97849,0.05,0.001,50833,7,0.3
4719394,58,96,42909,0.15,0.004,34907,6,0.3
7986638,48,216,100054,0.15,0.001,72833,7,0.5
839086,26,480,112651,0.15,0.004,81372,7,0.7
17578,25,492,34570,0.05,0.001,34426,4,0.5
6007904,45,252,58108,0.3,0.004,41092,12,0.5
46245550,50,192,225777,0.05,0.001,142876,4,0.3
79779,26,480,37850,0.3,0.008,31154,22,0.5
2360871,56,120,42432,0.3,0.008,34288,21,0.5
0,22,528,36421,0.15,0.001,36982,6,0.5
4181534,46,240,70012,0.15,0.004,41722,9,0.7
4775793,33,396,83938,0.15,0.004,42599,9,0.5
7670293,55,132,99020,0.05,0.001,69466,6,0.5
900555,41,300,48034,0.05,0.001,42735,4,0.5
276067,30,432,48398,0.05,0.001,43934,7,0.5
4736,23,516,41963,0.15,0.004,38795,7,0.5
16414566,54,144,109306,0.05,0.001,75142,5,0.3
37562247,58,96,75662,0.15,0.001,46068,9,0.3
13064520,50,192,98164,0.3,0.008,73422,23,0.5
84452400,51,180,154008,0.15,0.004,57034,6,0.3
220485,27,468,44144,0.05,0.001,36043,7,0.3
67894,30,432,24220,0.15,0.004,19723,7,0.5
86956521,56,120,300000,0.05,0.001,160083,5,0.3
82060417,49,204,300000,0.05,0.001,164104,5,0.5
240482,32,408,37018,0.05,0.001,33661,7,0.5
11824268,55,132,52817,0.05,0.001,38165,6,0.3
43732946,59,84,94959,0.05,0.001,66211,4,0.3
14965467,57,108,77638,0.15,0.004,44386,8,0.3
808990,44,264,47252,0.15,0.001,42331,6,0.3
9727699,33,396,120299,0.05,0.001,67271,4,0.7
2126014,34,384,70032,0.15,0.001,45438,6,0.7
205732864,53,156,300000,0.15,0.004,136796,8,0.3
525755,25,492,80855,0.05,0.001,54815,4,0.7
14923675,54,144,88071,0.05,0.001,36795,6,0.3
2343320,54,144,45313,0.15,0.001,39125,6,0.3
2547637,28,456,91069,0.05,0.001,52495,5,0.5
2933509,32,408,63974,0.05,0.001,39631,4,0.7
25039735,53,156,97616,0.15,0.001,53763,8,0.3
3438935,32,408,300000,0.05,0.001,229664,5,0.7
291438,31,420,39214,0.15,0.004,31315,6,0.5
3959635,57,108,46889,0.15,0.004,34636,8,0.5
60515,26,480,45618,0.15,0.001,41839,6,0.5
17006030,49,204,54015,0.15,0.004,32664,8,0.5
809632,39,324,35639,0.15,0.001,28337,9,0.5
4160889,36,360,148294,0.05,0.001,69766,7,0.5
1475793,31,420,74656,0.05,0.001,47078,7,0.5
3259670,52,168,36751,0.05,0.001,29736,7,0.3
44226520,56,120,117314,0.15,0.001,68449,6,0.3
1032707,38,336,38543,0.05,0.001,31635,4,0.5
67809972,58,96,83597,0.3,0.008,45931,10,0.5
38945,24,504,85328,0.15,0.001,62874,6,0.5
1913344,40,312,32249,0.15,0.004,25478,6,0.5
5436944,39,324,96807,0.05,0.001,61670,5,0.5
5886054,40,312,94277,0.15,0.004,64650,9,0.5
7426245,46,240,52170,0.15,0.004,28156,8,0.3
53841,23,516,77424,0.05,0.001,59192,6,0.7
60433,23,516,92248,0.05,0.001,65275,7,0.5
3462411,42,288,85171,0.3,0.004,62598,8,0.5
5842888,43,276,63180,0.15,0.001,40818,9,0.7
3077434,45,252,25932,0.15,0.001,20314,7,0.7
169260,24,504,66814,0.15,0.004,35813,7,0.5
175431,31,420,23375,0.3,0.008,19003,11,0.7
2442906,59,84,53572,0.15,0.004,46352,7,0.3
22529283,43,276,225795,0.05,0.001,120396,6,0.7
9533,24,504,42533,0.15,0.001,34167,6,0.5
81173495,52,168,163736,0.15,0.004,90077,8,0.3
49464726,36,360,300000,0.05,0.001,139831,7,0.7
16929330,44,264,300000,0.3,0.008,168405,12,0.3
47049303,54,144,176056,0.05,0.001,100985,4,0.3
7701270,42,288,71710,0.15,0.004,40948,6,0.3
15877383,57,108,92317,0.15,0.004,57813,7,0.3
5876,24,504,22957,0.3,0.008,21207,8,0.3
24489747,35,372,195823,0.05,0.001,86125,6,0.5
1421792,29,444,150327,0.05,0.001,96343,4,0.7
8671798,59,84,53837,0.3,0.008,44644,8,0.3
0,22,528,70501,0.15,0.004,56971,6,0.3
48132851,52,168,189142,0.05,0.001,84791,5,0.3
34207918,48,216,300000,0.3,0.008,143318,9,0.5
2893426,40,312,83610,0.3,0.004,47706,20,0.5
46501,24,504,45987,0.15,0.001,33723,7,0.7
4074736,39,324,80382,0.3,0.008,42328,15,0.7
280883,35,372,47535,0.3,0.008,46335,14,0.5
2215955,33,396,48780,0.15,0.004,31357,8,0.7
107611108,55,132,158662,0.15,0.004,66810,6,0.3
2083425,36,360,74710,0.15,0.004,44591,7,0.5
11676970,56,120,110786,0.05,0.001,72181,7,0.3
14570566,47,228,132374,0.05,0.001,93029,7,0.7
10305201,35,372,140834,0.05,0.001,60794,4,0.5
14409673,42,288,68503,0.15,0.004,36717,7,0.5
1209703,29,444,53225,0.05,0.001,26733,6,0.5
39425170,58,96,53699,0.15,0.001,31484,8,0.3
206940859,59,84,300000,0.15,0.004,144949,7,0.3
4541027,37,348,63006,0.05,0.001,45885,4,0.3
7454930,47,228,84721,0.05,0.001,57495,4,0.7
716653,25,492,73405,0.05,0.001,38955,5,0.5
939670,43,276,39416,0.15,0.004,34635,8,0.7
111748186,51,180,230957,0.15,0.001,148017,9,0.3
274272,24,504,115432,0.05,0.001,60387,5,0.7
259777,39,324,49710,0.15,0.001,47919,6,0.5
648906,29,444,63632,0.15,0.001,41342,7,0.7
1265711,40,312,53109,0.15,0.004,41742,6,0.5
261707,23,516,117559,0.05,0.001,76358,5,0.3
10384272,31,420,300000,0.15,0.004,163455,9,0.7
258381,24,504,83340,0.15,0.001,46201,7,0.7
18104524,57,108,300000,0.15,0.001,168359,9,0.5
3508104,44,264,51116,0.05,0.001,34479,5,0.3
774325,34,384,52152,0.3,0.004,36783,15,0.5
1061594,30,432,49266,0.15,0.004,34589,7,0.7
4270102,49,204,53953,0.15,0.004,34524,8,0.5
122948361,58,96,300000,0.05,0.001,128706,6,0.3
2738919,43,276,59837,0.15,0.004,38814,7,0.5
1820030,56,120,21386,0.15,0.004,16137,7,0.5
727748,27,468,83412,0.05,0.001,50293,7,0.5
10828,23,516,35670,0.3,0.004,30036,16,0.3
0,22,528,115224,0.05,0.001,81135,5,0.5
1751292,37,348,67326,0.15,0.004,40813,6,0.5
214923,25,492,72661,0.3,0.004,44898,15,0.3
5284641,35,372,84027,0.05,0.001,46145,7,0.3
30315850,43,276,181095,0.05,0.001,113359,7,0.7
863796,28,456,100061,0.05,0.001,71931,7,0.7
4413408,52,168,48439,0.15,0.004,37948,9,0.3
16863596,39,324,95774,0.05,0.001,58529,4,0.7
17856801,35,372,189000,0.05,0.001,92831,4,0.3
5180478,37,348,100513,0.05,0.001,59622,4,0.7
14457736,59,84,54501,0.3,0.004,29107,9,0.3
4766668,35,372,132210,0.15,0.001,73556,9,0.7
19278392,54,144,105002,0.15,0.001,69971,8,0.3
2442780,39,324,78332,0.15,0.001,51990,9,0.7
29152465,44,264,113868,0.15,0.004,75063,8,0.3
1059587,55,132,46540,0.15,0.004,43350,7,0.3
107369,28,456,30967,0.05,0.001,25306,4,0.5
48587660,44,264,300000,0.3,0.008,203026,19,0.7
1040257,44,264,35014,0.15,0.004,31923,6,0.5
5470255,55,132,77579,0.15,0.001,66660,9,0.5
1972004,36,360,65957,0.15,0.001,45355,8,0.5
3063665,34,384,107333,0.05,0.001,76375,6,0.7
2069765,43,276,76291,0.15,0.001,54120,7,0.5
375100,29,444,42177,0.15,0.004,43324,7,0.7
4546965,50,192,86598,0.15,0.001,61825,9,0.5
90807745,53,156,300000,0.15,0.004,140407,9,0.5
3310301,36,360,99067,0.15,0.001,57736,7,0.3
4021953,51,180,96359,0.05,0.001,55466,5,0.3
10915766,43,276,114916,0.05,0.001,79174,4,0.7
34962,24,504,28233,0.3,0.008,20319,23,0.7
8065723,55,132,34096,0.15,0.004,24194,6,0.3
3374756,29,444,84250,0.05,0.001,59157,6,0.5
11076738,50,192,46793,0.3,0.004,35935,8,0.3
32965622,59,84,67797,0.05,0.001,41346,7,0.5
32305095,41,300,199610,0.15,0.004,89608,8,0.7
2140951,50,192,48489,0.15,0.001,44602,6,0.5
230875,36,360,47248,0.3,0.004,43646,14,0.5
41715179,56,120,140123,0.05,0.001,53405,7,0.3
3413053,44,264,46663,0.3,0.004,38046,14,0.3
916193,38,336,43707,0.3,0.008,38596,18,0.5
11289774,45,252,88599,0.15,0.004,52282,9,0.5
707228,27,468,52493,0.05,0.001,32245,6,0.5
118810987,41,300,300000,0.05,0.001,139275,6,0.5
389941,29,444,44181,0.15,0.001,32770,6,0.3
169506707,49,204,294353,0.05,0.001,159519,4,0.5
136007239,55,132,300000,0.05,0.001,191540,5,0.3
231884,29,444,43847,0.15,0.004,36008,9,0.3
3609921,43,276,55377,0.15,0.004,29263,8,0.5
566072,26,480,74927,0.05,0.001,54199,4,0.7
5757312,26,480,300000,0.3,0.008,161475,10,0.5
2960682,31,420,97354,0.15,0.004,53130,9,0.7
244039,25,492,62205,0.15,0.004,40833,8,0.7
16988428,47,228,159039,0.05,0.001,90210,6,0.3
16030941,45,252,259658,0.05,0.001,111790,4,0.5
7345928,41,300,125066,0.05,0.001,69322,7,0.3
44715974,51,180,121665,0.15,0.004,48121,9,0.5
6289571,33,396,169296,0.05,0.001,88547,4,0.5
11208613,48,216,206301,0.15,0.001,135557,8,0.3
0,22,528,124635,0.05,0.001,75952,7,0.7
2095106,34,384,82139,0.15,0.004,43468,9,0.5
1071649,32,408,51818,0.15,0.004,32752,7,0.7
11321666,46,240,104281,0.15,0.001,77402,6,0.5
105406,34,384,26336,0.15,0.004,27867,6,0.5
145557610,58,96,277346,0.05,0.001,105102,7,0.3
4211105,33,396,99181,0.15,0.004,58882,6,0.7
17129555,55,132,109903,0.3,0.008,77962,20,0.3
23028255,54,144,162635,0.15,0.004,64792,7,0.3
17141775,51,180,75196,0.15,0.004,50932,8,0.3
181549,28,456,35605,0.15,0.004,45875,7,0.3
81681,24,504,44105,0.15,0.004,29702,8,0.3
162008,32,408,24669,0.15,0.001,24015,7,0.5
10556281,47,228,77789,0.15,0.001,61382,7,0.3
4059843,41,300,86231,0.3,0.004,47743,14,0.5
192229,29,444,23602,0.15,0.004,16383,8,0.3
8405286,44,264,116292,0.05,0.001,70325,6,0.3
13147985,49,204,92890,0.3,0.008,55445,21,0.5
5297457,26,480,300000,0.15,0.004,173014,8,0.7
0,22,528,51191,0.15,0.004,34306,9,0.5
10818287,49,204,71950,0.15,0.001,46664,6,0.3
15014485,59,84,71292,0.15,0.004,49231,7,0.3
1704719,26,480,157253,0.15,0.001,103759,7,0.5
632717,25,492,70656,0.05,0.001,43858,5,0.5
6239707,51,180,51069,0.15,0.001,30780,7,0.3
36171,28,456,34128,0.15,0.004,32046,8,0.5
18115187,46,240,61975,0.3,0.008,38780,12,0.3
12432704,55,132,85989,0.15,0.001,58336,8,0.3
610498,25,492,87297,0.15,0.001,63523,8,0.7
152868442,55,132,237600,0.05,0.001,122454,4,0.3
1728007,39,324,83273,0.05,0.001,55351,4,0.3
658073,41,300,42774,0.05,0.001,35980,7,0.3
12849759,49,204,82471,0.15,0.001,46385,6,0.3
0,22,528,300000,0.05,0.001,179004,5,0.7
2088301,46,240,54127,0.05,0.001,41772,4,0.5
129514173,58,96,300000,0.05,0.001,171560,4,0.5
4975167,26,480,300000,0.15,0.004,139155,6,0.7
2351591,30,432,92230,0.05,0.001,51298,5,0.5
9467413,56,120,56471,0.3,0.004,37289,21,0.5
36682548,36,360,300000,0.05,0.001,179776,5,0.5
153297775,48,216,187607,0.05,0.001,94307,5,0.3
1797686,32,408,78871,0.15,0.001,46696,7,0.7
47439375,47,228,201150,0.05,0.001,117452,6,0.3
35049601,56,120,184414,0.15,0.004,115054,8,0.5
1837046,38,336,87519,0.15,0.001,70680,8,0.5
7606598,44,264,57685,0.15,0.004,36799,6,0.5
8435923,53,156,29331,0.3,0.004,23892,9,0.5
220543,36,360,47953,0.15,0.004,51741,7,0.5
1014011,37,348,52696,0.15,0.004,37039,9,0.5
13015563,48,216,64713,0.15,0.004,40254,8,0.5
4725685,32,408,300000,0.3,0.004,134712,20,0.7
21614181,57,108,75457,0.05,0.001,50274,7,0.3
18061927,53,156,100025,0.05,0.001,56151,5,0.3
143401,26,480,29220,0.15,0.004,24934,9,0.7
0,22,528,32517,0.15,0.004,36613,8,0.5
4521928,44,264,74835,0.05,0.001,59627,5,0.5
2304570,35,372,54722,0.15,0.004,40373,9,0.3
9629574,47,228,81853,0.15,0.004,42717,6,0.5
143698741,53,156,300000,0.05,0.001,132241,7,0.3
2685730,38,336,52847,0.15,0.004,34563,6,0.3
25982844,59,84,60861,0.15,0.001,35884,6,0.3
1065831,34,384,44091,0.15,0.001,33376,7,0.5
46482862,52,168,65849,0.05,0.001,34244,7,0.5
661013,39,324,63201,0.3,0.004,58788,23,0.3
916410,42,288,30177,0.3,0.004,22495,11,0.5
10103804,50,192,109666,0.15,0.001,90876,7,0.3
934835,41,300,46575,0.15,0.001,36404,6,0.5
929707,41,300,42831,0.05,0.001,35943,4,0.3
2149369,32,408,57035,0.15,0.001,35781,6,0.7
0,22,528,66221,0.15,0.001,32114,8,0.3
17018758,38,336,111697,0.05,0.001,68586,7,0.5
519344,36,360,54531,0.15,0.004,42839,7,0.5
4959081,28,456,300000,0.15,0.004,123050,6,0.7
150047,28,456,46837,0.05,0.001,43508,5,0.3
23329483,43,276,156697,0.15,0.004,91122,8,0.5
4359730,55,132,37816,0.15,0.001,32259,8,0.3
11797127,30,432,300000,0.3,0.008,142865,9,0.5
3549113,44,264,53394,0.15,0.004,37496,9,0.5
1335065,32,408,61713,0.05,0.001,44430,5,0.7
2900391,45,252,65704,0.3,0.004,41814,15,0.3
94379403,42,288,300000,0.05,0.001,140421,7,0.3
7695635,55,132,55311,0.3,0.008,34282,9,0.3
928483,45,252,20995,0.15,0.001,16545,6,0.3
1503942,58,96,34301,0.3,0.004,25098,14,0.3
6247274,35,372,300000,0.3,0.004,198524,17,0.5
15391418,51,180,75810,0.15,0.001,53748,7,0.3
16585893,53,156,125629,0.15,0.001,78304,7,0.3
422458,43,276,34974,0.3,0.004,32221,10,0.7
6476813,50,192,92149,0.15,0.004,67209,8,0.7
25502311,40,312,169785,0.05,0.001,70829,5,0.7
15863912,58,96,66491,0.15,0.001,46672,9,0.3
69286,23,516,54976,0.05,0.001,33606,5,0.5
18528505,53,156,82470,0.3,0.008,44109,12,0.3
1274510,27,468,300000,0.3,0.008,118701,9,0.7
2381,23,516,29376,0.3,0.008,27039,18,0.3
13887152,36,360,102772,0.05,0.001,50514,6,0.5
45878,27,468,20549,0.15,0.004,17124,7,0.7
354353,32,408,41137,0.15,0.001,32779,6,0.3
143256127,56,120,201474,0.05,0.001,110931,7,0.5
18490002,50,192,176542,0.05,0.001,123789,5,0.5
3555768,52,168,74387,0.15,0.004,54241,7,0.3
14272082,48,216,165188,0.15,0.001,98686,9,0.7
881374,25,492,117584,0.05,0.001,77449,7,0.7
45597060,56,120,107995,0.05,0.001,65365,7,0.5
26692519,55,132,195543,0.15,0.004,77847,6,0.5
9630680,36,360,50390,0.05,0.001,29497,7,0.5
185973,26,480,44879,0.15,0.004,37860,8,0.3
988119,30,432,111910,0.3,0.004,71108,12,0.7
6075834,28,456,157897,0.05,0.001,94364,6,0.7
157932,36,360,25557,0.15,0.004,26227,6,0.5
17426907,53,156,92423,0.3,0.008,55891,14,0.3
2567718,40,312,61579,0.3,0.008,39385,23,0.5
21398119,52,168,215859,0.15,0.004,146848,7,0.3
31596812,57,108,160479,0.05,0.001,90029,5,0.3
2851519,49,204,46555,0.15,0.004,40702,7,0.5
316740,29,444,38178,0.3,0.008,30036,23,0.3
7664642,48,216,61978,0.3,0.008,38196,20,0.5
402708,34,384,44494,0.05,0.001,40118,7,0.5
4059106,39,324,65373,0.15,0.004,33735,8,0.5
56899,24,504,37075,0.05,0.001,29829,7,0.3
1720608,38,336,64623,0.05,0.001,38462,4,0.3
53359,25,492,27105,0.15,0.004,22732,8,0.3
34237,30,432,30723,0.15,0.001,29396,8,0.5
1206849,41,300,36916,0.05,0.001,30762,5,0.5
5082034,35,372,91843,0.15,0.001,50799,8,0.3
19225838,53,156,89241,0.05,0.001,54008,4,0.3
33142792,57,108,169565,0.15,0.004,87233,7,0.5
506538,35,372,80644,0.3,0.008,56803,10,0.3
13908797,51,180,126034,0.05,0.001,77753,5,0.3
0,22,528,20000,0.15,0.001,17559,7,0.5
625502,36,360,52096,0.3,0.004,38303,8,0.5
24291152,52,168,300000,0.05,0.001,188552,6,0.5
64757,24,504,61985,0.05,0.001,44921,4,0.3
3063502,32,408,83970,0.05,0.001,45198,5,0.7
20602801,57,108,73612,0.15,0.004,45267,6,0.3
97884763,53,156,300000,0.05,0.001,178682,7,0.3
7642756,52,168,93665,0.15,0.004,69705,8,0.3
67064559,57,108,75025,0.15,0.001,35924,6,0.3
10918,24,504,20000,0.15,0.001,18312,6,0.5
2002461,47,228,44866,0.15,0.004,39628,7,0.5
66944,37,348,29916,0.15,0.001,28544,6,0.3
0,22,528,32479,0.3,0.004,27748,21,0.7
99727059,56,120,300000,0.05,0.001,138158,6,0.3
7519782,37,348,104574,0.15,0.001,67833,7,0.7
3351315,35,372,58207,0.15,0.004,41859,9,0.5
6365339,46,240,98257,0.3,0.008,66801,21,0.3
15662908,50,192,64656,0.05,0.001,38160,4,0.5
9214702,47,228,58189,0.3,0.004,38334,11,0.5
5325917,46,240,49950,0.15,0.004,48924,7,0.5
871539,24,504,300000,0.05,0.001,168896,5,0.7
1912290,46,240,76179,0.05,0.001,65980,7,0.5
7296617,52,168,81571,0.05,0.001,56544,7,0.5
39481400,54,144,119386,0.15,0.004,82566,7,0.5
30637504,55,132,68407,0.15,0.001,49850,9,0.3
13609520,41,300,205692,0.05,0.001,136735,7,0.7
12884685,52,168,90512,0.05,0.001,60967,7,0.5
46212750,51,180,300000,0.15,0.004,136488,9,0.3
112941491,51,180,230053,0.05,0.001,104072,4,0.5
143062011,58,96,72968,0.05,0.001,47465,5,0.5
15102282,58,96,62368,0.15,0.001,42628,9,0.3
2916540,32,408,300000,0.15,0.001,163669,8,0.7
1883335,35,372,96496,0.3,0.008,53009,20,0.5
9557,24,504,20000,0.15,0.001,16125,7,0.5
5956,24,504,36161,0.15,0.001,34932,6,0.3
272492,27,468,64217,0.05,0.001,44282,6,0.7
7306265,43,276,73991,0.05,0.001,39931,4,0.3
6026246,28,456,136216,0.05,0.001,65245,4,0.5
7442986,41,300,81033,0.05,0.001,47978,6,0.3
6849351,53,156,47865,0.15,0.004,37796,6,0.3
2163022,32,408,72719,0.05,0.001,43250,4,0.7
4891025,41,300,86078,0.05,0.001,52903,4,0.3
1652558,41,300,35821,0.3,0.004,25532,20,0.5
144469,28,456,22067,0.3,0.008,18577,16,0.3
2142013,48,216,31960,0.15,0.001,25852,8,0.5
6022094,39,324,84519,0.05,0.001,53804,7,0.3
98279548,41,300,216556,0.05,0.001,107479,6,0.5
4430650,52,168,37023,0.15,0.001,29607,8,0.3
59377,26,480,29347,0.15,0.004,25539,8,0.3
10743666,51,180,126286,0.05,0.001,69244,4,0.3
29735911,54,144,143253,0.05,0.001,60508,7,0.3
7903805,47,228,99547,0.05,0.001,64571,7,0.5
16835986,45,252,109517,0.15,0.004,66438,7,0.5
666972,35,372,46645,0.15,0.001,44317,6,0.5
32548778,54,144,136564,0.05,0.001,79052,7,0.3
59191165,53,156,127091,0.15,0.001,57318,9,0.3
2704480,27,468,81863,0.15,0.001,50369,7,0.7
271125,29,444,36307,0.15,0.004,30283,6,0.3
21580890,43,276,134123,0.05,0.001,71108,7,0.5
2222197,35,372,100687,0.05,0.001,62253,5,0.5
4895131,42,288,126508,0.15,0.001,67484,8,0.7
2879163,56,120,33758,0.15,0.004,29703,8,0.3
7489758,48,216,106248,0.05,0.001,61252,6,0.7
131892,30,432,23070,0.15,0.004,14576,8,0.7
1993459,27,468,110559,0.05,0.001,70129,7,0.7
415298,38,336,40891,0.15,0.004,34939,7,0.7
35210509,49,204,300000,0.3,0.004,129813,8,0.3
4497272,52,168,36471,0.15,0.004,26127,6,0.3
3908351,36,360,53758,0.15,0.004,28654,7,0.3
1559498,29,444,110346,0.05,0.001,78954,6,0.5
543339,49,204,32134,0.15,0.001,33324,7,0.3
2145635,42,288,67180,0.15,0.004,50885,7,0.3
414018,45,252,46192,0.3,0.008,46971,22,0.3
6326579,30,432,300000,0.15,0.001,150143,7,0.7
11857024,57,108,105726,0.15,0.004,85192,8,0.3
3215078,52,168,68012,0.15,0.001,41738,9,0.3
45983718,44,264,286991,0.05,0.001,134565,5,0.3
9308850,56,120,51186,0.15,0.001,35922,9,0.3
3479818,50,192,64521,0.15,0.001,41261,6,0.7
1029484,33,396,23192,0.15,0.001,19366,6,0.7
318265,30,432,46302,0.3,0.008,42433,15,0.7
23984682,50,192,78350,0.05,0.001,44741,4,0.7
1763675,31,420,112577,0.05,0.001,79568,7,0.5
3563616,28,456,82457,0.05,0.001,50470,6,0.5
1580484,39,324,61143,0.3,0.008,51788,17,0.3
820721,28,456,99043,0.15,0.001,72188,9,0.5
40615054,55,132,183758,0.15,0.001,113853,9,0.3
76203287,57,108,156730,0.05,0.001,84479,7,0.3
9181704,54,144,63211,0.05,0.001,50508,5,0.3
332870,43,276,21130,0.15,0.001,23125,9,0.3
2692282,35,372,91845,0.05,0.001,55678,4,0.5
0,22,528,38823,0.15,0.004,28102,9,0.3
504766,40,312,44838,0.15,0.001,43016,9,0.3
0,22,528,117117,0.15,0.004,59073,7,0.3
0,22,528,54748,0.05,0.001,33146,7,0.3
164146,24,504,60600,0.15,0.004,34200,8,0.5
5415,24,504,42846,0.15,0.004,40910,9,0.5
1836667,53,156,46677,0.3,0.004,39353,13,0.3
93480958,59,84,300000,0.05,0.001,140826,7,0.3
0,22,528,70274,0.05,0.001,42736,6,0.5
9478067,49,204,92999,0.3,0.008,50535,9,0.7
65203,24,504,73624,0.15,0.004,51942,6,0.5
57841,23,516,55640,0.3,0.004,41272,8,0.5
476229,38,336,27730,0.15,0.001,21067,7,0.5
807711,39,324,32354,0.15,0.001,24772,7,0.3
9875673,45,252,59060,0.05,0.001,41223,4,0.3
1762770,33,396,69489,0.05,0.001,53399,6,0.7
27467125,51,180,170767,0.05,0.001,80882,4,0.3
5260733,40,312,81506,0.05,0.001,51656,4,0.5
1432994,47,228,48789,0.15,0.001,40129,9,0.5
6102839,49,204,71993,0.15,0.001,57518,8,0.5
5456041,42,288,77774,0.05,0.001,46825,6,0.5
106579279,56,120,300000,0.15,0.001,171568,6,0.3
23494113,48,216,138851,0.15,0.001,78012,7,0.3
1113023,33,396,88308,0.15,0.001,64959,7,0.7
103747,24,504,61395,0.15,0.004,37702,6,0.5
4466880,56,120,73869,0.15,0.004,50321,6,0.3
3942735,48,216,82335,0.05,0.001,58991,5,0.3
5933347,46,240,67031,0.15,0.004,40094,9,0.5
1920421,35,372,54375,0.15,0.001,33226,8,0.7
142669913,53,156,300000,0.05,0.001,163725,7,0.5
10564198,47,228,58209,0.05,0.001,32658,4,0.7
11846365,43,276,90067,0.05,0.001,51261,7,0.3
6965844,47,228,83983,0.15,0.001,57151,9,0.7
11084290,53,156,68853,0.05,0.001,42249,7,0.3
8024471,41,300,112203,0.05,0.001,72828,4,0.3
4009229,58,96,64443,0.15,0.004,43698,6,0.5
710558,28,456,56848,0.05,0.001,39046,4,0.7
143798,24,504,172346,0.05,0.001,114041,4,0.5
26771303,47,228,174852,0.05,0.001,108844,6,0.5
11870178,55,132,53769,0.15,0.004,32119,7,0.3
3460122,35,372,101407,0.15,0.004,55573,8,0.5
37628663,43,276,131575,0.05,0.001,65632,6,0.3
12016844,50,192,91495,0.05,0.001,67657,4,0.5
101263759,57,108,136463,0.05,0.001,69103,4,0.3
39816,24,504,34717,0.3,0.004,23672,21,0.3
4492628,28,456,300000,0.15,0.004,160074,6,0.7
1367479,29,444,56924,0.05,0.001,37492,5,0.7
2796179,52,168,59998,0.15,0.001,46199,6,0.5
159754,28,456,20000,0.3,0.008,14321,17,0.5
1452115,50,192,35135,0.15,0.004,28210,6,0.7
33634663,36,360,300000,0.05,0.001,143880,4,0.7
8777622,50,192,93326,0.05,0.001,59404,5,0.3
7794472,44,264,102564,0.05,0.001,86053,4,0.7
143410,27,468,44327,0.3,0.004,38202,11,0.7
10060714,35,372,178083,0.05,0.001,70036,6,0.5
6200076,42,288,58367,0.3,0.008,43035,22,0.5
73615562,58,96,140426,0.05,0.001,74509,5,0.3
12767848,59,84,103555,0.05,0.001,62397,4,0.3
3038725,51,180,55571,0.15,0.001,39409,7,0.5
158857,30,432,32406,0.15,0.001,29159,7,0.7
303183,37,348,47809,0.05,0.001,43908,7,0.7
18575047,31,420,300000,0.05,0.001,125415,4,0.7
24283394,42,288,203691,0.05,0.001,112658,5,0.5
92998,24,504,85731,0.05,0.001,68499,5,0.7
2376888,38,336,98720,0.05,0.001,70308,4,0.3
222430,25,492,54314,0.05,0.001,35715,4,0.3
1573610,49,204,41205,0.05,0.001,29150,6,0.3
6070770,38,336,80991,0.15,0.004,51363,8,0.3
16024872,55,132,97259,0.15,0.001,65405,8,0.3
2258059,43,276,27911,0.15,0.001,17982,6,0.5
2280047,26,480,300000,0.15,0.001,169042,9,0.5
377822,43,276,40439,0.15,0.004,40115,9,0.5
9517630,37,348,96916,0.05,0.001,62377,6,0.3
18633678,38,336,300000,0.3,0.008,187618,23,0.3
14585100,54,144,65685,0.15,0.004,43483,9,0.3
319744,29,444,59988,0.15,0.004,53064,8,0.5
8680110,45,252,156428,0.05,0.001,127987,7,0.5
658927,33,396,49435,0.15,0.004,43854,8,0.7
1570093,31,420,67606,0.05,0.001,40513,6,0.7
890716,39,324,41374,0.3,0.008,34868,22,0.5
1234283,36,360,42745,0.3,0.004,32456,22,0.5
4769073,34,384,65647,0.15,0.004,38379,7,0.5
85571,24,504,70662,0.15,0.004,49888,7,0.3
4117797,35,372,86925,0.05,0.001,40364,6,0.7
2231468,41,300,63218,0.3,0.008,45080,15,0.5
24562039,57,108,101271,0.15,0.001,73515,8,0.5
27514243,32,408,300000,0.05,0.001,171382,6,0.7
5871762,47,228,110207,0.3,0.004,86289,17,0.3
13618745,59,84,85438,0.15,0.004,54771,7,0.5
114218202,54,144,186501,0.05,0.001,98082,4,0.3
33332269,53,156,114532,0.05,0.001,70230,6,0.5
4983700,44,264,102826,0.05,0.001,80222,5,0.7
132635354,59,84,300000,0.05,0.001,171207,6,0.3
122896,24,504,90494,0.05,0.001,65542,7,0.3
3635763,51,180,67692,0.3,0.008,41681,15,0.5
314881,45,252,43482,0.3,0.004,46053,17,0.5
2131919,42,288,49451,0.05,0.001,39249,5,0.5
19295228,49,204,92815,0.15,0.004,55714,8,0.7
5711767,55,132,52369,0.15,0.004,31197,6,0.3
16205119,52,168,73327,0.15,0.004,40172,7,0.5
15636969,31,420,300000,0.05,0.001,134602,6,0.7
60104801,54,144,65359,0.05,0.001,39948,4,0.5
6318,23,516,37347,0.15,0.004,32591,7,0.5
188566,35,372,43283,0.15,0.001,39671,9,0.3
265054,26,480,58350,0.05,0.001,46581,7,0.3
6439181,35,372,72238,0.15,0.001,53362,9,0.5
149607,29,444,46994,0.05,0.001,42388,4,0.7
44667,31,420,25617,0.15,0.004,26365,8,0.5
142527,26,480,74752,0.05,0.001,52653,5,0.3
10096,23,516,27438,0.15,0.004,23129,8,0.3
1224081,39,324,34270,0.15,0.004,27468,7,0.7
11815523,54,144,77147,0.15,0.004,49103,8,0.5
136163,32,408,20000,0.15,0.004,13536,6,0.5
1379146,39,324,43347,0.3,0.004,32592,20,0.3
6268833,58,96,118098,0.05,0.001,95491,4,0.5
2301767,47,228,44543,0.15,0.004,35991,8,0.5
7992580,36,360,143542,0.05,0.001,59745,6,0.5
20763466,57,108,238823,0.05,0.001,114233,5,0.3
3941901,42,288,43441,0.15,0.004,28556,6,0.5
12463733,56,120,81944,0.05,0.001,51696,6,0.3
12666793,44,264,135605,0.05,0.001,64531,5,0.5
2046102,44,264,33302,0.05,0.001,24836,5,0.5
115480513,56,120,189881,0.15,0.004,112616,6,0.3
8528610,43,276,63024,0.05,0.001,41129,5,0.3
1386527,24,504,180891,0.05,0.001,85032,5,0.5
19984872,53,156,87229,0.05,0.001,45673,6,0.5
137944530,53,156,300000,0.05,0.001,162329,7,0.5
4273933,33,396,152459,0.05,0.001,72534,6,0.7
7239990,58,96,72598,0.15,0.001,61490,7,0.3
887502,28,456,65219,0.3,0.008,36771,9,0.7
49207343,45,252,153492,0.05,0.001,89317,4,0.7
1195783,54,144,47981,0.15,0.004,48672,7,0.3
19142564,54,144,57512,0.3,0.004,38008,12,0.3
0,22,528,49059,0.05,0.001,39021,6,0.5
788569,26,480,80823,0.15,0.004,46780,7,0.7
147478369,52,168,300000,0.05,0.001,113278,4,0.3
1437164,26,480,108337,0.05,0.001,75044,6,0.7
16334440,58,96,103022,0.15,0.001,70000,6,0.5
14562788,51,180,129575,0.05,0.001,59244,4,0.3
34165329,52,168,132578,0.15,0.001,51177,8,0.5
31354028,56,120,76486,0.15,0.004,38792,7,0.3
255402,32,408,48530,0.05,0.001,43158,4,0.3
2433061,37,348,94822,0.15,0.001,61140,9,0.3
17160477,54,144,58318,0.15,0.004,32286,7,0.3
10085591,33,396,199472,0.05,0.001,115447,5,0.5
3417174,56,120,35664,0.15,0.004,30108,9,0.5
7297384,40,312,87514,0.05,0.001,51319,5,0.7
106428166,53,156,105001,0.05,0.001,64351,6,0.3
0,22,528,23740,0.15,0.001,18329,6,0.3
3911921,43,276,48680,0.3,0.008,35927,9,0.5
5720303,37,348,142914,0.05,0.001,82825,7,0.5
811022,42,288,26388,0.3,0.004,18106,20,0.3
68755404,55,132,91864,0.3,0.004,45890,19,0.3
21348526,53,156,156593,0.05,0.001,70230,6,0.3
702995,36,360,42567,0.3,0.004,31471,11,0.5
171051,31,420,48328,0.3,0.008,46500,11,0.3
39977755,50,192,204064,0.05,0.001,77100,5,0.7
6738931,48,216,77762,0.15,0.004,50298,7,0.5
132301,30,432,34100,0.05,0.001,32552,5,0.3
1727740,29,444,92238,0.15,0.001,59492,7,0.5
151735,39,324,39176,0.15,0.001,36580,7,0.5
2322317,52,168,42961,0.3,0.004,32062,23,0.5
189826,28,456,42138,0.05,0.001,36140,4,0.5
8226007,29,444,300000,0.05,0.001,135476,4,0.7
1653039,57,108,24207,0.3,0.008,19540,11,0.3
936704,33,396,62277,0.3,0.004,41676,23,0.7
11147481,50,192,52243,0.15,0.001,31435,7,0.3
181144,33,396,34093,0.15,0.001,29538,6,0.5
5081587,40,312,78560,0.05,0.001,49240,5,0.5
505135,35,372,34966,0.3,0.008,27173,21,0.3
11702389,51,180,54024,0.05,0.001,38281,5,0.5
2474364,30,432,124042,0.05,0.001,54375,7,0.5
68246989,50,192,247029,0.05,0.001,110236,7,0.5
4922560,41,300,87747,0.05,0.001,49879,4,0.5
2826107,54,144,48656,0.05,0.001,41722,4,0.3
5714106,51,180,58256,0.15,0.004,33659,9,0.3
6317491,39,324,74022,0.05,0.001,38500,4,0.5
6896140,39,324,145352,0.05,0.001,78803,6,0.5
15436284,48,216,104575,0.05,0.001,67437,7,0.3
194519,28,456,42307,0.15,0.004,37574,8,0.5
10807464,36,360,156502,0.05,0.001,59339,4,0.3
6134010,56,120,59603,0.15,0.001,37901,7,0.3
46189112,50,192,139803,0.05,0.001,60963,5,0.7
5653668,43,276,58397,0.15,0.004,37779,9,0.3
4589645,38,336,78373,0.05,0.001,46083,5,0.5
867281,25,492,300000,0.3,0.004,198253,19,0.7
409400,42,288,37909,0.15,0.004,38442,8,0.3
392043,25,492,117812,0.05,0.001,81397,4,0.5
195287,42,288,41667,0.15,0.004,40991,9,0.7
5317,23,516,25452,0.15,0.001,20916,7,0.5
5661295,41,300,60989,0.15,0.001,41736,9,0.5
283910,26,480,51976,0.05,0.001,32048,7,0.3
94421088,51,180,300000,0.05,0.001,126400,4,0.3
0,22,528,89707,0.05,0.001,60421,7,0.5
9395273,35,372,96212,0.05,0.001,61907,7,0.5
118551867,54,144,183844,0.15,0.004,79171,9,0.3
36330,25,492,30798,0.3,0.004,22418,17,0.5
124056590,52,168,300000,0.05,0.001,135818,5,0.3
5649206,38,336,181751,0.15,0.001,112103,7,0.3
2726815,48,216,80154,0.3,0.008,63783,21,0.3
15002183,52,168,88903,0.15,0.004,41482,8,0.3
17163881,46,240,92756,0.15,0.001,50625,8,0.5
127687,36,360,43208,0.05,0.001,41241,6,0.5
1386454,33,396,82411,0.05,0.001,52618,6,0.5
4455860,52,168,62014,0.15,0.004,40120,6,0.3
7490123,48,216,71870,0.05,0.001,40968,4,0.3
13053695,47,228,145635,0.05,0.001,93015,7,0.3
851129,32,408,25155,0.15,0.004,19234,6,0.7
6796085,59,84,30018,0.3,0.004,22104,9,0.3
19142587,44,264,137787,0.15,0.001,79083,6,0.7
769117,26,480,75395,0.05,0.001,44690,4,0.7
5794206,40,312,86416,0.05,0.001,52995,6,0.5
6402432,37,348,215805,0.05,0.001,90964,7,0.5
173168,38,336,41019,0.3,0.004,40953,15,0.5
11686847,46,240,121982,0.3,0.008,88429,19,0.5
1001706,25,492,81712,0.05,0.001,53930,6,0.7
1211243,29,444,110092,0.05,0.001,90012,7,0.5
16369152,46,240,83917,0.05,0.001,40382,6,0.3
4329355,40,312,68059,0.15,0.004,51118,7,0.5
4155235,29,444,300000,0.15,0.001,194610,7,0.7
939885,43,276,47249,0.15,0.004,46200,7,0.3
2258174,32,408,70312,0.05,0.001,46651,7,0.5
6326395,51,180,60710,0.15,0.004,40900,9,0.3
1947757,27,468,300000,0.3,0.008,184237,13,0.5
7229966,44,264,111811,0.05,0.001,84843,6,0.5
699156,24,504,190399,0.05,0.001,111906,7,0.7
7021829,57,108,47599,0.05,0.001,40558,7,0.3
26344475,56,120,120323,0.05,0.001,69265,4,0.3
655584,34,384,42493,0.15,0.004,35557,9,0.5
11773864,29,444,300000,0.05,0.001,140449,5,0.7
237850163,59,84,300000,0.15,0.004,116200,8,0.5
276459,37,348,31990,0.3,0.004,28882,16,0.3
7695064,49,204,62050,0.05,0.001,37168,6,0.3
14501644,39,324,95401,0.15,0.004,53317,6,0.7
6607444,37,348,142686,0.05,0.001,76943,7,0.3
4133539,52,168,60172,0.15,0.001,43766,9,0.5
922246,31,420,95010,0.05,0.001,78304,4,0.5
79412941,59,84,111180,0.3,0.004,73877,10,0.5
216512,41,300,40396,0.3,0.004,41103,20,0.5
2026595,43,276,43972,0.3,0.008,32220,14,0.3
91614650,56,120,137411,0.05,0.001,48280,4,0.3
7133,24,504,24597,0.15,0.004,21780,9,0.5
400817,27,468,42866,0.15,0.004,34146,9,0.5
105856,27,468,21345,0.15,0.001,18594,8,0.5
539381,49,204,40993,0.3,0.004,41686,21,0.5
5333492,52,168,65847,0.3,0.008,52616,19,0.3
8641,23,516,45504,0.3,0.004,38003,22,0.3
556416,26,480,103051,0.05,0.001,80599,6,0.7
8383754,37,348,167882,0.05,0.001,97454,5,0.3
11213680,54,144,146452,0.15,0.004,80840,9,0.3
13235056,56,120,88365,0.05,0.001,63505,4,0.5
1209369,29,444,92802,0.15,0.004,66128,8,0.7
47364409,50,192,131573,0.05,0.001,56350,7,0.5
3187719,43,276,56317,0.3,0.004,33912,8,0.5
80032288,56,120,123086,0.15,0.001,50033,6,0.5
228106,32,408,30706,0.15,0.004,26094,9,0.7
11498406,46,240,55096,0.15,0.004,34440,7,0.5
41545625,55,132,83006,0.15,0.004,47231,9,0.3
13295548,45,252,65312,0.05,0.001,35574,5,0.3
1268210,41,300,44772,0.3,0.008,38962,21,0.5
7687254,43,276,90100,0.15,0.004,72599,9,0.5
207277034,58,96,198056,0.05,0.001,93867,6,0.3
501928,48,216,26614,0.15,0.004,22395,7,0.5
747029,41,300,60501,0.05,0.001,47033,4,0.7
833219,37,348,37254,0.15,0.004,31299,8,0.5
1949208,51,180,44595,0.15,0.004,40931,7,0.3
211449,37,348,48409,0.3,0.004,44132,18,0.5
29486033,55,132,75683,0.05,0.001,45026,7,0.3
22112020,55,132,131188,0.3,0.004,61349,22,0.5
25536872,59,84,134225,0.15,0.001,72976,9,0.3
3883180,53,156,39137,0.3,0.008,29424,20,0.3
4605397,42,288,93322,0.15,0.001,59342,7,0.3
64579924,49,204,193351,0.15,0.001,118060,7,0.5
142941850,50,192,123565,0.15,0.001,60174,6,0.7
2603011,27,468,137042,0.05,0.001,67817,4,0.7
1115005,26,480,99726,0.05,0.001,73972,7,0.7
1792973,31,420,90148,0.15,0.004,74683,6,0.7
15721400,29,444,300000,0.05,0.001,121967,4,0.7
47625275,58,96,77746,0.15,0.001,47417,9,0.5
5397443,38,336,84292,0.05,0.001,52670,7,0.3
3902405,36,360,62473,0.05,0.001,36529,7,0.5
5968396,43,276,82010,0.15,0.004,57831,8,0.7
0,22,528,31950,0.15,0.004,31552,7,0.5
9155214,35,372,136230,0.05,0.001,79730,4,0.3
899509,45,252,38841,0.3,0.004,40159,23,0.5
37194,28,456,29487,0.15,0.004,30256,8,0.7
92981,26,480,44024,0.15,0.004,37440,8,0.7
573172,32,408,29425,0.15,0.004,18814,9,0.5
5491593,52,168,75973,0.15,0.004,46160,9,0.5
21008647,54,144,44752,0.15,0.004,30728,7,0.5
5510528,35,372,127174,0.3,0.004,64595,14,0.3
176697,32,408,49034,0.15,0.001,50568,8,0.7
0,22,528,33052,0.3,0.008,32941,16,0.3
18278518,58,96,68725,0.15,0.004,40517,7,0.5
83309,23,516,93724,0.15,0.004,65886,6,0.7
1778,23,516,27113,0.15,0.001,26758,6,0.5
5737,24,504,20000,0.15,0.004,15470,6,0.7
7173953,40,312,108325,0.05,0.001,64574,7,0.7
10689884,41,300,300000,0.15,0.001,123377,6,0.7
118504,29,444,39329,0.15,0.001,41736,6,0.3
3022715,34,384,69192,0.15,0.001,36914,6,0.7
4334236,38,336,83623,0.05,0.001,47050,6,0.5
7834675,56,120,53588,0.3,0.008,30743,20,0.3
27714669,45,252,141920,0.05,0.001,55369,5,0.5
2460028,29,444,79196,0.05,0.001,47732,5,0.7
6387334,50,192,56601,0.15,0.004,38723,8,0.5
104096,37,348,25000,0.15,0.001,24721,8,0.3
79090150,46,240,191953,0.05,0.001,116333,4,0.5
35252120,59,84,123174,0.05,0.001,51140,7,0.5
121817943,46,240,208997,0.05,0.001,119928,5,0.7
32298643,58,96,89698,0.05,0.001,55283,6,0.5
2242060,44,264,67677,0.15,0.004,55489,7,0.5
972144,37,348,29697,0.15,0.001,19773,7,0.5
230068,31,420,20000,0.15,0.004,14541,9,0.5
4683881,56,120,62637,0.3,0.004,47588,14,0.3
812170,40,312,39760,0.3,0.004,29154,16,0.3
716681,40,312,32962,0.15,0.004,26051,6,0.5
4108315,40,312,54505,0.15,0.004,36646,7,0.7
1807955,32,408,88985,0.05,0.001,63159,4,0.7
200184843,55,132,139566,0.05,0.001,51966,4,0.3
5393772,58,96,89243,0.15,0.004,59414,9,0.5
5711600,38,336,73396,0.15,0.001,44974,9,0.7
38911664,46,240,153631,0.15,0.004,61286,9,0.5
2269046,29,444,95545,0.05,0.001,58672,6,0.7
48121615,52,168,130817,0.15,0.001,72779,8,0.3
414630,33,396,46672,0.3,0.008,40160,15,0.5
10046819,43,276,77793,0.15,0.001,40957,7,0.5
288662,24,504,94790,0.15,0.001,51155,8,0.7
5230299,49,204,58027,0.15,0.001,39373,9,0.7
1762410,30,432,104195,0.15,0.001,67072,7,0.7
1935025,38,336,62360,0.15,0.001,43923,6,0.5
1148705,25,492,123527,0.05,0.001,67104,4,0.7
42401804,56,120,99478,0.15,0.001,51793,6,0.3
54578,24,504,42238,0.15,0.004,34934,9,0.5
5611467,50,192,84243,0.15,0.001,46069,7,0.5
14909394,54,144,66615,0.05,0.001,40885,7,0.3
707360,30,432,50894,0.3,0.004,40826,17,0.7
0,22,528,90991,0.15,0.004,67658,7,0.7
773041,35,372,24934,0.3,0.004,19249,8,0.5
1642451,33,396,61566,0.05,0.001,34026,4,0.5
1217377,39,324,46751,0.3,0.004,35877,10,0.3
1048930,26,480,66827,0.05,0.001,33836,4,0.7
3568268,39,324,74003,0.15,0.004,45579,7,0.5
5903865,38,336,64426,0.05,0.001,35777,7,0.5
0,22,528,37736,0.3,0.004,27461,21,0.5
5012095,32,408,300000,0.15,0.001,155425,8,0.7
102643,32,408,28717,0.15,0.004,27426,8,0.5
31675259,47,228,300000,0.05,0.001,184178,6,0.3
451012,26,480,42654,0.3,0.004,31654,20,0.5
12443563,43,276,102417,0.05,0.001,67240,6,0.3
7190499,36,360,134536,0.15,0.004,68921,9,0.3
47009,31,420,24932,0.15,0.001,23153,8,0.5
28681975,57,108,67853,0.15,0.004,38725,8,0.3
27892775,58,96,117004,0.15,0.004,67134,9,0.3
841021,28,456,65925,0.15,0.004,46624,6,0.7
15389,23,516,36064,0.05,0.001,29238,7,0.3
12097958,36,360,123405,0.05,0.001,77634,4,0.3
11564897,53,156,128285,0.05,0.001,69281,4,0.3
5677762,34,384,79921,0.05,0.001,45488,6,0.7
0,22,528,57466,0.15,0.001,32744,8,0.5
8739665,51,180,75004,0.3,0.008,41365,10,0.3
17066779,47,228,89241,0.3,0.008,53971,8,0.7
22465304,46,240,300000,0.05,0.001,183590,5,0.5
17950883,47,228,211177,0.05,0.001,117917,5,0.5
42480360,54,144,273753,0.05,0.001,176140,7,0.3
2537505,35,372,82422,0.15,0.004,56908,8,0.3
1123691,31,420,61620,0.05,0.001,40949,5,0.7
1584608,39,324,50199,0.3,0.008,33416,13,0.3
140926369,49,204,262281,0.05,0.001,118214,4,0.3
1702972,35,372,74458,0.05,0.001,57554,4,0.7
14164161,51,180,61235,0.3,0.008,33160,10,0.3
1130637,41,300,48868,0.15,0.001,38644,6,0.5
754700,48,216,36458,0.05,0.001,35122,4,0.5
8442880,41,300,72941,0.05,0.001,40599,7,0.5
53822,32,408,27472,0.15,0.004,26649,6,0.5
1777278,27,468,104762,0.05,0.001,46728,6,0.5
13652682,50,192,117007,0.15,0.001,84712,7,0.3
4904011,47,228,78816,0.15,0.004,59685,7,0.5
15518623,51,180,102160,0.3,0.004,60705,15,0.3
3957091,42,288,63009,0.15,0.004,41089,6,0.7
5995227,42,288,213788,0.05,0.001,149473,4,0.3
46637665,37,348,300000,0.05,0.001,160687,7,0.5
11931973,49,204,105809,0.15,0.004,67373,7,0.5
34479478,52,168,56926,0.05,0.001,39858,7,0.3
115674437,59,84,300000,0.15,0.004,151969,7,0.3
12516058,48,216,87081,0.15,0.004,65062,7,0.5
2166166,45,252,52666,0.15,0.004,41035,7,0.7
3727111,47,228,35966,0.15,0.004,24828,8,0.3
22813004,33,396,300000,0.05,0.001,174922,6,0.5
21175498,48,216,69453,0.15,0.004,40475,6,0.3
92880422,51,180,141029,0.05,0.001,82156,5,0.5
9876228,56,120,69449,0.3,0.008,39715,17,0.3
0,22,528,80509,0.15,0.004,56791,8,0.5
3701130,46,240,45534,0.05,0.001,38725,6,0.5
87341430,48,216,163180,0.05,0.001,71828,4,0.5
0,22,528,43187,0.15,0.004,38979,6,0.5
32797813,56,120,145190,0.15,0.004,88008,8,0.5
26606235,57,108,78310,0.15,0.004,46244,6,0.3
820272,38,336,35996,0.3,0.004,25246,17,0.7
20831072,52,168,56156,0.15,0.004,35074,8,0.3
287130,34,384,25670,0.3,0.004,23511,13,0.7
1213509,49,204,42276,0.3,0.008,42141,10,0.3
35121594,47,228,237974,0.05,0.001,177432,7,0.3
1754371,28,456,67242,0.05,0.001,33964,7,0.7
71748491,55,132,300000,0.15,0.004,160777,6,0.3
516503,45,252,29641,0.15,0.004,28166,7,0.5
0,22,528,37048,0.15,0.004,36846,9,0.3
8927105,45,252,150408,0.05,0.001,89061,6,0.5
482036,32,408,56986,0.15,0.004,41853,9,0.3
709978,36,360,39834,0.3,0.008,30186,16,0.3
4127256,29,444,189623,0.05,0.001,95809,4,0.7
4886983,44,264,73944,0.15,0.001,41598,7,0.5
7092021,31,420,80036,0.05,0.001,36212,5,0.7
60269440,58,96,138710,0.15,0.001,78490,7,0.5
6518203,39,324,59683,0.3,0.004,35347,8,0.5
18802531,57,108,79343,0.15,0.001,58042,6,0.3
54763205,51,180,98802,0.15,0.004,50767,7,0.3
151784,39,324,34887,0.05,0.001,33564,6,0.7
87725148,56,120,157626,0.15,0.004,96557,8,0.3
200516,29,444,20000,0.15,0.004,12822,6,0.5
14360471,54,144,66757,0.15,0.001,43309,6,0.3
7847649,51,180,51456,0.05,0.001,36743,5,0.3
10661,24,504,47069,0.05,0.001,49828,4,0.3
7995317,50,192,54107,0.15,0.004,31876,7,0.7
16037595,35,372,300000,0.15,0.001,159769,6,0.5
41571977,53,156,80421,0.05,0.001,47257,5,0.3
1168929,40,312,66530,0.15,0.001,45969,6,0.7
2013601,31,420,61859,0.15,0.001,45126,9,0.5
92410023,59,84,300000,0.05,0.001,180227,7,0.3
5435492,32,408,300000,0.05,0.001,190840,4,0.7
12831365,44,264,129576,0.3,0.004,59752,17,0.5
16204291,43,276,157184,0.15,0.001,98693,8,0.7
20522679,46,240,122312,0.05,0.001,73026,4,0.5
73821,25,492,34714,0.15,0.004,30782,7,0.5
171122677,49,204,289814,0.05,0.001,107149,6,0.7
9947322,47,228,99231,0.05,0.001,71988,5,0.7
45486,23,516,72734,0.15,0.004,59244,9,0.5
30412455,40,312,230258,0.05,0.001,77736,5,0.5
6310380,34,384,156833,0.05,0.001,62539,5,0.7
2822837,35,372,72371,0.15,0.004,46509,8,0.7
17052213,50,192,79921,0.05,0.001,40304,5,0.7
14752550,50,192,165383,0.05,0.001,107596,7,0.7
22997066,58,96,120227,0.15,0.004,57757,6,0.5
2825697,37,348,103680,0.05,0.001,73395,7,0.5
15559354,33,396,155814,0.05,0.001,87976,5,0.5
2047301,33,396,38207,0.3,0.008,29004,17,0.7
100132,30,432,45098,0.15,0.001,42488,6,0.5
0,22,528,23085,0.15,0.001,21531,8,0.5
17254895,44,264,77166,0.05,0.001,47957,4,0.5
3461839,55,132,46532,0.3,0.004,36853,12,0.3
0,22,528,70245,0.05,0.001,41749,6,0.5
17227927,43,276,203996,0.05,0.001,111839,4,0.3
139820,24,504,86803,0.15,0.001,49388,6,0.5
8377617,38,336,101885,0.05,0.001,57218,6,0.5
431126,27,468,30954,0.15,0.001,17283,9,0.5
3967571,49,204,44779,0.3,0.008,35844,13,0.3
19175661,46,240,79979,0.05,0.001,59833,7,0.3
1976312,31,420,59660,0.05,0.001,29786,4,0.7
7472541,47,228,77352,0.15,0.001,44639,6,0.5
859688,36,360,55780,0.15,0.004,45300,7,0.7
17227655,49,204,87406,0.05,0.001,65093,7,0.3
1403225,53,156,49911,0.15,0.001,51846,8,0.3
55875,27,468,27706,0.15,0.004,25410,8,0.7
99132477,54,144,283383,0.05,0.001,126912,5,0.3
138062,26,480,28334,0.3,0.004,24843,19,0.5
6785411,41,300,54919,0.15,0.001,26000,7,0.3
42826008,47,228,199904,0.05,0.001,132046,7,0.5
10023081,48,216,60379,0.15,0.004,32421,7,0.7
5605684,43,276,85631,0.15,0.004,50742,7,0.5
49863621,52,168,104109,0.05,0.001,59935,6,0.3
14487131,56,120,100411,0.3,0.004,68545,18,0.3
5268510,37,348,127129,0.15,0.001,62022,8,0.3
149214839,49,204,300000,0.05,0.001,172474,5,0.5
20138663,46,240,145955,0.05,0.001,82843,6,0.3
38550890,39,324,189073,0.05,0.001,70979,5,0.3
44340,27,468,20000,0.15,0.004,18104,7,0.5
5921942,36,360,87021,0.05,0.001,51978,5,0.7
321557,32,408,42348,0.15,0.004,31035,8,0.5
3461834,41,300,116888,0.05,0.001,89700,4,0.7
504974,30,432,38885,0.3,0.008,32803,15,0.7
15181509,58,96,59039,0.15,0.004,35213,6,0.5
1957131,38,336,54094,0.15,0.001,31497,9,0.3
25582844,40,312,300000,0.05,0.001,118571,7,0.5
0,22,528,30020,0.05,0.001,31393,4,0.3
24555003,49,204,82353,0.05,0.001,45663,7,0.5
13905,23,516,51026,0.15,0.004,35033,6,0.3
1263720,39,324,47937,0.3,0.004,37089,17,0.5
86608965,49,204,300000,0.05,0.001,146727,5,0.5
7760105,43,276,53588,0.3,0.004,31329,23,0.3
5052,23,516,25484,0.15,0.004,22950,8,0.5
4038140,28,456,162093,0.05,0.001,68153,7,0.7
3055114,53,156,30372,0.15,0.004,24020,9,0.3
17863675,56,120,114281,0.3,0.008,86541,21,0.3
1075962,27,468,70436,0.15,0.004,42885,6,0.5
965160,28,456,166084,0.15,0.001,112027,6,0.5
1488312,38,336,56477,0.3,0.004,33446,18,0.3
5199479,37,348,80758,0.05,0.001,49432,7,0.5
9498656,46,240,67546,0.05,0.001,41514,6,0.7
3443618,49,204,41824,0.3,0.004,29641,15,0.5
489830,25,492,62038,0.05,0.001,37048,7,0.5
4288743,38,336,102312,0.15,0.001,50817,9,0.5
43934339,42,288,300000,0.05,0.001,111431,7,0.5
15008556,48,216,129067,0.15,0.004,81743,8,0.3
962387,31,420,63324,0.05,0.001,39084,6,0.7
894543,26,480,63685,0.15,0.004,41239,8,0.7
11338,23,516,24819,0.3,0.004,21027,10,0.3
3749004,32,408,86441,0.05,0.001,56613,6,0.7
4396723,47,228,59784,0.15,0.004,39887,6,0.7
165334,28,456,25018,0.05,0.001,19772,5,0.5
2350806,40,312,60935,0.15,0.004,32824,8,0.5
550487,25,492,114477,0.05,0.001,61978,7,0.5
46685925,51,180,208748,0.05,0.001,95918,7,0.5
18871582,43,276,211678,0.05,0.001,126067,4,0.5
210136,26,480,20000,0.15,0.004,13003,6,0.5
27611,24,504,25959,0.3,0.004,18734,10,0.3
7957495,49,204,108827,0.15,0.001,87478,6,0.5
4144,23,516,24493,0.3,0.004,21635,18,0.5
4503244,30,432,128928,0.05,0.001,55763,7,0.7
2027258,34,384,38631,0.3,0.004,27271,12,0.5
1207473,48,216,31664,0.05,0.001,29010,6,0.3
6812288,44,264,126442,0.15,0.004,97415,9,0.5
14078992,45,252,136646,0.15,0.001,92216,9,0.5
1448293,31,420,90254,0.3,0.008,62912,11,0.7
24728309,58,96,146279,0.15,0.004,102289,9,0.3
12442264,36,360,75103,0.05,0.001,46609,7,0.3
11318965,32,408,300000,0.05,0.001,155554,7,0.5
109758899,50,192,125968,0.05,0.001,51833,4,0.3
91897130,58,96,167090,0.05,0.001,109472,6,0.5
37114614,57,108,116839,0.15,0.001,88418,6,0.3
6352951,40,312,117549,0.15,0.001,64033,9,0.5
13086134,54,144,97156,0.15,0.001,66945,6,0.3
5530170,48,216,102895,0.05,0.001,89344,6,0.5
5202683,45,252,76510,0.15,0.004,44409,9,0.5
120787777,59,84,234082,0.05,0.001,106716,6,0.3
192471,34,384,20000,0.15,0.001,19025,6,0.5
29171527,40,312,150107,0.05,0.001,85997,5,0.7
15485111,48,216,109188,0.3,0.004,60521,17,0.5
44689927,58,96,140702,0.15,0.004,69490,8,0.3
4453994,37,348,90653,0.15,0.004,70848,7,0.3
4995344,44,264,55065,0.15,0.004,33742,7,0.7
479220,37,348,34566,0.3,0.004,25480,22,0.3
4089051,56,120,40696,0.3,0.008,34135,21,0.3
599070,35,372,61772,0.15,0.004,38818,6,0.5
4881791,50,192,90065,0.15,0.001,56863,7,0.3
7749084,59,84,94665,0.15,0.001,67201,9,0.3
2008540,46,240,66106,0.15,0.004,48686,6,0.7
141903712,57,108,183942,0.05,0.001,101692,5,0.3
211972,34,384,47905,0.15,0.004,42125,8,0.5
7721997,35,372,156759,0.05,0.001,59236,5,0.3
900442,40,312,75215,0.05,0.001,41519,7,0.3
174378,29,444,97304,0.05,0.001,92504,7,0.3
178897,30,432,20000,0.15,0.004,14895,7,0.3
12230118,57,108,61743,0.15,0.001,39521,7,0.3
270861,35,372,37105,0.15,0.004,32175,8,0.5
121871160,58,96,177988,0.05,0.001,93916,5,0.3
28771088,53,156,85362,0.05,0.001,50411,4,0.3
797536,29,444,56100,0.15,0.004,40894,8,0.5
1659573,59,84,35287,0.15,0.004,32616,9,0.3
17050809,47,228,96067,0.05,0.001,57894,6,0.3
16108082,33,396,300000,0.15,0.004,179975,6,0.7
5541858,46,240,112750,0.15,0.004,91547,8,0.3
5644873,39,324,72499,0.15,0.001,51675,7,0.7
3049349,48,216,39081,0.15,0.001,31617,9,0.5
914657,38,336,35446,0.05,0.001,25018,6,0.5
4107651,34,384,51421,0.15,0.001,31728,9,0.7
478877,38,336,30695,0.15,0.004,26917,9,0.5
941367,33,396,91499,0.15,0.004,81876,8,0.5
18964775,46,240,155191,0.05,0.001,96715,5,0.3
1331924,38,336,78403,0.15,0.004,51112,6,0.3
6638423,39,324,85557,0.05,0.001,60568,7,0.5
577909,27,468,69496,0.05,0.001,45132,5,0.7
12011416,46,240,65736,0.05,0.001,47130,7,0.5
7911661,42,288,300000,0.05,0.001,197824,4,0.3
15208255,52,168,70196,0.05,0.001,40197,7,0.3
6907086,37,348,131332,0.15,0.004,78722,6,0.7
894319,38,336,34186,0.15,0.004,25602,6,0.5
23867875,45,252,149301,0.05,0.001,82210,6,0.5
403110,26,480,75171,0.3,0.008,48801,18,0.3
15700627,53,156,112509,0.05,0.001,74175,7,0.5
115375,29,444,43752,0.3,0.004,43905,23,0.5
30351274,56,120,63765,0.05,0.001,36685,4,0.5
449737,27,468,51794,0.15,0.004,36039,7,0.3
19203601,43,276,98821,0.05,0.001,58775,6,0.5
2814257,34,384,51853,0.3,0.004,34024,10,0.7
27934057,47,228,268962,0.05,0.001,151288,6,0.7
2857276,30,432,91080,0.05,0.001,76155,4,0.7
82663896,56,120,222564,0.15,0.001,150975,7,0.3
130423,33,396,31071,0.3,0.008,28883,21,0.7
124985,32,408,25362,0.3,0.008,22807,16,0.7
17926292,57,108,86618,0.3,0.004,59742,14,0.3
32675,27,468,21305,0.15,0.004,25369,6,0.5
520527,30,432,46669,0.15,0.004,38449,7,0.7
165769,32,408,41629,0.15,0.004,34604,8,0.3
4333248,48,216,44284,0.3,0.004,38870,19,0.3
60301529,39,324,300000,0.05,0.001,121505,7,0.3
13747218,49,204,121603,0.05,0.001,55516,6,0.5
861154,26,480,89773,0.05,0.001,66980,5,0.5
5272233,57,108,51929,0.15,0.004,36368,8,0.3
1913723,29,444,113362,0.05,0.001,61837,5,0.7
410297,26,480,80159,0.05,0.001,51156,5,0.3
0,22,528,65381,0.15,0.004,49595,9,0.3
1932352,54,144,31521,0.3,0.004,30408,13,0.3
1474075,44,264,48540,0.15,0.001,41662,6,0.3
11469112,42,288,126158,0.05,0.001,79702,7,0.5
5488392,41,300,86023,0.05,0.001,50874,7,0.5
44445,28,456,22071,0.15,0.001,20133,6,0.7
7057,24,504,26180,0.15,0.001,21155,7,0.7
0,22,528,64661,0.05,0.001,50146,7,0.5
17224860,50,192,114183,0.05,0.001,69964,5,0.5
164623,39,324,37748,0.05,0.001,35230,5,0.7
5665936,34,384,147496,0.05,0.001,76832,6,0.7
188646473,53,156,300000,0.05,0.001,141922,4,0.5
1726679,37,348,53711,0.3,0.004,30648,20,0.7
0,22,528,55953,0.05,0.001,33765,6,0.5
1110400,43,276,31869,0.15,0.001,24115,8,0.3
8719843,36,360,300000,0.15,0.001,163172,7,0.3
8272718,51,180,83503,0.05,0.001,51228,6,0.3
103174542,53,156,135740,0.15,0.004,61709,8,0.5
17937624,51,180,128641,0.05,0.001,70734,6,0.3
71373989,51,180,300000,0.05,0.001,187106,6,0.3
13032229,37,348,134369,0.05,0.001,85551,5,0.5
1842163,35,372,65758,0.3,0.004,52308,21,0.5
29044528,53,156,90632,0.05,0.001,65557,5,0.3
35781582,52,168,81674,0.05,0.001,56043,6,0.3
21070010,53,156,74711,0.05,0.001,58007,5,0.3
218427,27,468,44101,0.15,0.001,34524,9,0.5
18383574,57,108,56077,0.3,0.004,37469,17,0.3
170665343,56,120,300000,0.15,0.001,161260,8,0.3
1584723,29,444,74373,0.05,0.001,34920,5,0.7
8415101,41,300,155929,0.05,0.001,65147,4,0.5
336198,32,408,40627,0.15,0.001,34562,8,0.3
674759,25,492,71926,0.15,0.004,43861,6,0.7
260386,26,480,102256,0.3,0.008,79020,16,0.5
107751,23,516,52144,0.15,0.001,33080,8,0.5
11533096,59,84,62546,0.15,0.004,39490,8,0.3
2356812,51,180,48236,0.15,0.001,40460,6,0.3
15421345,58,96,65672,0.15,0.004,37781,9,0.3
7716598,41,300,107816,0.05,0.001,78721,5,0.5
120294,28,456,20000,0.15,0.001,12878,6,0.5
12557724,47,228,135635,0.15,0.001,89329,6,0.7
13888558,36,360,300000,0.05,0.001,193564,4,0.3
115931,29,444,40033,0.05,0.001,35020,5,0.3
1766406,36,360,93499,0.15,0.001,65642,8,0.5
2773835,45,252,58578,0.15,0.004,36591,6,0.3
29650758,59,84,80469,0.15,0.004,38010,6,0.5
35687966,55,132,65379,0.05,0.001,36186,5,0.5
14729082,42,288,97913,0.05,0.001,59675,7,0.7
6465788,49,204,93815,0.05,0.001,64753,5,0.5
298442,26,480,74128,0.05,0.001,50095,7,0.3
3955491,46,240,46667,0.15,0.004,38187,6,0.7
4499810,35,372,97983,0.05,0.001,56438,7,0.5
17661926,56,120,85780,0.15,0.004,58559,9,0.5
19160198,34,384,300000,0.15,0.001,161045,9,0.5
136833806,56,120,300000,0.3,0.004,119009,20,0.5
430816,26,480,65786,0.15,0.001,38709,9,0.7
35300104,45,252,102682,0.05,0.001,58381,4,0.5
15606845,37,348,204734,0.05,0.001,97626,5,0.7
7955,24,504,43282,0.3,0.004,43002,10,0.5
56305,31,420,23776,0.3,0.004,22612,23,0.5
747865,38,336,52921,0.15,0.004,33674,9,0.3
0,22,528,46950,0.3,0.008,46048,13,0.3
0,22,528,75961,0.15,0.004,49378,6,0.7
17984227,57,108,69656,0.3,0.004,43544,19,0.5
6228157,36,360,132496,0.05,0.001,66187,5,0.3
25317114,45,252,197350,0.15,0.001,109347,8,0.5
321175,51,180,27288,0.15,0.001,24330,9,0.3
2705287,30,432,72219,0.15,0.001,45025,7,0.7
5996698,53,156,110756,0.15,0.004,70340,6,0.5
12370324,40,312,63720,0.3,0.004,41561,21,0.3
8192120,41,300,142408,0.05,0.001,64059,7,0.5
8766977,30,432,300000,0.05,0.001,111247,4,0.7
4262354,40,312,107935,0.05,0.001,61701,4,0.5
11920336,57,108,67983,0.15,0.001,41523,6,0.3
25643676,59,84,147624,0.15,0.004,58761,9,0.3
6802922,47,228,97447,0.15,0.001,70619,7,0.3
1773499,34,384,59734,0.15,0.004,33227,6,0.7
94916,28,456,49376,0.05,0.001,51476,6,0.5
114143554,58,96,300000,0.05,0.001,138833,7,0.5
2199275,50,192,38439,0.15,0.004,29283,6,0.3
191471,37,348,40535,0.15,0.004,36636,7,0.3
41999489,46,240,268634,0.05,0.001,153105,4,0.5
537307,38,336,34697,0.15,0.004,30899,7,0.5
8908692,41,300,84941,0.05,0.001,68079,7,0.5
904163,30,432,115231,0.05,0.001,82127,6,0.7
6644318,30,432,219498,0.05,0.001,126140,4,0.5
9641625,50,192,77976,0.3,0.004,44327,11,0.3
6482499,57,108,44502,0.3,0.004,33141,15,0.3
1629457,35,372,41619,0.3,0.008,30708,22,0.3
1309712,39,324,87029,0.15,0.004,67098,9,0.5
7615841,42,288,76263,0.05,0.001,46951,7,0.3
16682551,57,108,66536,0.05,0.001,46946,4,0.3
879802,39,324,69565,0.15,0.001,54300,6,0.5
126749053,57,108,265771,0.05,0.001,132052,6,0.3
8316708,44,264,58232,0.15,0.001,30251,8,0.3
243299,31,420,27942,0.15,0.001,21692,8,0.7
3315783,37,348,59418,0.05,0.001,30044,5,0.5
12111435,57,108,64348,0.15,0.004,49202,7,0.5
179864,37,348,44102,0.15,0.004,45896,6,0.5
1933566,26,480,129812,0.05,0.001,60913,4,0.5
11269228,33,396,133320,0.05,0.001,71072,4,0.7
11422593,39,324,161273,0.15,0.004,72816,8,0.5
4206699,41,300,67421,0.15,0.004,43456,8,0.5
159528,33,396,23952,0.3,0.004,20703,23,0.3
101649385,57,108,108975,0.05,0.001,84844,7,0.3
874993,29,444,66506,0.05,0.001,50173,6,0.7
1419235,55,132,71068,0.15,0.001,45074,9,0.3
3728635,33,396,90275,0.05,0.001,62013,7,0.7
25664775,53,156,69474,0.05,0.001,43719,7,0.3
2152521,38,336,51613,0.15,0.004,35632,9,0.5
648163,30,432,50790,0.15,0.004,30812,7,0.7
5799524,51,180,45773,0.05,0.001,40177,7,0.3
436929,35,372,32237,0.15,0.001,27351,8,0.3
563000,37,348,65112,0.15,0.004,39522,9,0.5
1158206,37,348,76214,0.15,0.004,53069,7,0.3
112568934,53,156,172337,0.05,0.001,75650,7,0.3
28065649,54,144,129794,0.15,0.001,67091,8,0.5
6396482,54,144,54590,0.15,0.001,33952,8,0.5
181746,26,480,54315,0.15,0.001,43849,6,0.5
7198544,42,288,72266,0.05,0.001,49056,5,0.7
233647,31,420,24844,0.3,0.008,21081,23,0.5
22721900,54,144,227171,0.05,0.001,143400,7,0.3
28826585,58,96,109518,0.15,0.004,64119,9,0.3
605979,48,216,34656,0.15,0.001,36242,7,0.3
31541643,53,156,64247,0.15,0.001,42820,9,0.3
2297029,47,228,75014,0.3,0.004,53966,11,0.3
1154090,51,180,35764,0.15,0.004,35992,7,0.3
117412932,52,168,176390,0.05,0.001,115700,5,0.5
10906060,42,288,123606,0.05,0.001,73034,4,0.3
0,22,528,58658,0.05,0.001,37767,4,0.5
1868741,27,468,93286,0.15,0.004,46272,6,0.7
44129076,52,168,300000,0.05,0.001,159609,4,0.3
21838216,52,168,162969,0.05,0.001,101336,7,0.3
167883,25,492,48078,0.15,0.004,35124,7,0.5
6633230,49,204,68924,0.15,0.004,48478,8,0.5
9492378,55,132,89985,0.15,0.001,69219,9,0.3
409562,36,360,39543,0.15,0.001,37406,7,0.5
4876106,47,228,74978,0.3,0.004,52831,19,0.5
3097,23,516,24503,0.15,0.001,18746,9,0.3
922159,59,84,33549,0.15,0.001,27995,6,0.5
947757,30,432,67370,0.15,0.004,41299,7,0.7
1706171,41,300,67993,0.15,0.004,45832,7,0.3
57765,23,516,81657,0.05,0.001,62670,6,0.3
4400876,45,252,101599,0.15,0.004,63291,9,0.5
2900438,32,408,85808,0.05,0.001,60055,4,0.7
109074,23,516,78869,0.05,0.001,58267,7,0.3
1780271,32,408,61260,0.15,0.001,43353,6,0.7
19797224,47,228,107653,0.05,0.001,64450,5,0.5
261894,26,480,62299,0.15,0.004,39157,9,0.5
19732,23,516,41230,0.3,0.004,37135,12,0.5
253628,34,384,45874,0.3,0.008,43723,16,0.5
1565047,28,456,72828,0.05,0.001,53098,7,0.7
20557926,56,120,67694,0.05,0.001,45406,7,0.3
10489132,52,168,68211,0.15,0.004,36265,6,0.5
1162495,25,492,133636,0.05,0.001,76367,5,0.7
5452396,45,252,97051,0.05,0.001,65269,4,0.3
27987855,56,120,102731,0.05,0.001,60330,7,0.3
12102688,49,204,77754,0.15,0.004,44712,8,0.5
2714700,37,348,52829,0.3,0.008,28761,21,0.3
839691,39,324,111884,0.05,0.001,98594,4,0.5
19374706,52,168,81641,0.15,0.001,57503,8,0.5
45589,27,468,43798,0.3,0.008,39063,19,0.7
98845,33,396,32421,0.15,0.004,30284,7,0.3
8406873,35,372,200092,0.05,0.001,97902,4,0.7
8254503,55,132,87193,0.05,0.001,58368,4,0.3
14925075,40,312,97130,0.05,0.001,58719,6,0.5
3031792,38,336,116585,0.15,0.004,74911,8,0.7
2342775,41,300,63961,0.15,0.001,48857,7,0.3
2357596,32,408,104531,0.05,0.001,82084,5,0.7
2311096,32,408,76896,0.15,0.001,48136,8,0.7
5970684,57,108,30786,0.15,0.004,24884,9,0.3
15440036,40,312,160731,0.05,0.001,92382,4,0.3
17882205,44,264,300000,0.05,0.001,128224,7,0.5
19261627,58,96,94644,0.15,0.004,52792,7,0.3
1543529,41,300,50479,0.15,0.004,31530,7,0.3
29805387,46,240,198344,0.05,0.001,124656,6,0.5
1196570,26,480,83890,0.15,0.004,61528,9,0.7
8056799,54,144,116540,0.05,0.001,88073,6,0.3
5510869,58,96,82961,0.05,0.001,75417,6,0.5
16276296,57,108,40466,0.05,0.001,31693,4,0.5
0,22,528,143340,0.05,0.001,80038,6,0.3
6057082,38,336,191057,0.15,0.004,98334,7,0.3
1570123,35,372,50264,0.15,0.004,27867,6,0.3
1217590,27,468,129406,0.05,0.001,79288,7,0.5
778213,33,396,52160,0.15,0.001,34417,7,0.7
0,22,528,25861,0.15,0.004,20951,7,0.5
21422429,48,216,131676,0.05,0.001,69484,7,0.3
3339391,44,264,76050,0.05,0.001,55550,7,0.3
9500226,40,312,84299,0.05,0.001,61891,4,0.5
0,22,528,23633,0.15,0.004,15689,7,0.5
3946934,47,228,51929,0.05,0.001,31816,5,0.5
5514021,33,396,77157,0.15,0.004,50150,7,0.7
440979,25,492,77713,0.05,0.001,46722,4,0.5
705110,44,264,59705,0.15,0.001,43317,9,0.3
1086055,36,360,54525,0.15,0.004,40258,7,0.5
271437,30,432,58510,0.05,0.001,55327,5,0.7
62668631,51,180,300000,0.05,0.001,169712,6,0.3
7210661,53,156,38984,0.05,0.001,30006,5,0.5
3759409,25,492,300000,0.15,0.001,177712,6,0.7
1141598,34,384,90823,0.15,0.001,67887,8,0.5
78900024,51,180,300000,0.05,0.001,206851,5,0.3
659646,30,432,73336,0.05,0.001,48846,6,0.7
11679455,50,192,116483,0.15,0.001,81177,8,0.7
9691033,34,384,300000,0.15,0.004,128163,6,0.7
138294,28,456,24501,0.15,0.004,19754,9,0.5
4022592,35,372,119661,0.15,0.001,78040,9,0.5
46157,23,516,60894,0.15,0.004,38973,9,0.5
81743640,58,96,137815,0.15,0.001,78497,9,0.3
36805290,55,132,139690,0.05,0.001,63858,4,0.3
2555609,42,288,61120,0.15,0.004,39593,7,0.3
0,22,528,72780,0.15,0.004,43913,7,0.3
30254530,55,132,228611,0.05,0.001,112362,5,0.3
48071289,50,192,149111,0.15,0.004,63573,7,0.5
8389489,53,156,88478,0.05,0.001,69919,6,0.5
2158909,34,384,66789,0.05,0.001,36563,5,0.7
9058387,38,336,91039,0.15,0.001,64752,7,0.5
265535,31,420,61610,0.15,0.001,53010,8,0.5
2657482,35,372,50770,0.15,0.004,25624,6,0.5
6898,23,516,58821,0.15,0.004,41270,6,0.5
3417242,50,192,54524,0.05,0.001,33038,4,0.5
1884255,44,264,39330,0.15,0.001,25899,7,0.5
2187749,59,84,36683,0.3,0.008,34264,20,0.5
10778822,52,168,106618,0.3,0.004,79706,15,0.3
8581207,47,228,79494,0.05,0.001,54107,4,0.3
1876777,26,480,122676,0.15,0.001,66065,6,0.5
6352505,41,300,97575,0.05,0.001,67459,5,0.5
2616552,33,396,68667,0.05,0.001,55392,4,0.7
150717,26,480,58816,0.15,0.004,42012,7,0.5
754576,57,108,40982,0.15,0.004,34063,6,0.3
8810499,59,84,44310,0.15,0.004,35266,7,0.3
17411353,54,144,151061,0.05,0.001,85050,4,0.3
6167956,34,384,98437,0.15,0.004,60515,8,0.7
3260466,25,492,300000,0.05,0.001,177652,7,0.7
21362516,38,336,278997,0.05,0.001,163730,5,0.7
108380,29,444,28282,0.15,0.004,24390,8,0.3
30008,29,444,35887,0.3,0.008,39022,11,0.5
8130454,45,252,102655,0.05,0.001,72058,5,0.5
27713933,50,192,300000,0.15,0.001,217085,9,0.5
50269,23,516,107495,0.05,0.001,81349,7,0.5
1271001,49,204,36043,0.3,0.008,34250,11,0.3
3107837,40,312,66895,0.05,0.001,44956,6,0.7
5641835,34,384,112793,0.05,0.001,56065,7,0.7
141832951,52,168,300000,0.05,0.001,134785,7,0.5
141964466,53,156,300000,0.05,0.001,166385,6,0.5
114035345,57,108,140499,0.15,0.001,77239,6,0.3
20465437,38,336,300000,0.15,0.004,181769,7,0.7
628902,37,348,35736,0.15,0.004,28212,9,0.7
1364295,28,456,57483,0.05,0.001,34363,4,0.7
813077,36,360,43957,0.3,0.008,37111,9,0.3
57740,26,480,44102,0.15,0.004,44017,9,0.7
40033,25,492,37553,0.3,0.004,32931,15,0.5
4828813,42,288,50511,0.05,0.001,37409,6,0.7
12885433,55,132,91148,0.15,0.004,70637,8,0.3
8375235,55,132,66115,0.3,0.004,38448,11,0.3
39721122,52,168,140734,0.15,0.004,70894,8,0.3
2024580,36,360,63729,0.15,0.001,36108,8,0.5
2502014,37,348,80919,0.15,0.004,53558,9,0.5
3114593,54,144,79873,0.3,0.004,64051,19,0.3
99611162,46,240,300000,0.05,0.001,194354,5,0.5
131662586,41,300,300000,0.05,0.001,113022,7,0.5
99116567,48,216,228689,0.05,0.001,132852,4,0.5
1978315,53,156,42882,0.15,0.001,34398,8,0.5
0,22,528,91199,0.3,0.008,60210,20,0.5
3974423,28,456,142369,0.15,0.004,59358,8,0.7
123808444,59,84,159313,0.15,0.004,83494,7,0.3
234352,32,408,47120,0.05,0.001,47033,7,0.5
48597361,54,144,229915,0.15,0.001,119797,8,0.5
96996814,48,216,126341,0.05,0.001,71678,5,0.3
7560402,50,192,71281,0.15,0.004,46069,7,0.5
1067685,49,204,24631,0.3,0.004,19406,15,0.5
1553842,33,396,58170,0.05,0.001,38196,5,0.5
100765,24,504,118532,0.05,0.001,71176,4,0.5
755646,45,252,42121,0.15,0.004,41985,8,0.7
257125,39,324,45409,0.15,0.001,44836,9,0.7
2241408,33,396,71050,0.15,0.004,36928,7,0.7
26618,31,420,20000,0.15,0.001,20321,7,0.5
3040101,44,264,66599,0.3,0.008,34964,11,0.3
5505573,37,348,81748,0.15,0.004,55639,7,0.5
18239243,38,336,96132,0.05,0.001,48965,5,0.5
0,22,528,53584,0.3,0.008,34698,16,0.5
2055430,36,360,105723,0.15,0.001,79011,6,0.7
552179,28,456,56665,0.05,0.001,35568,5,0.7
75793,26,480,25025,0.3,0.008,21340,10,0.7
13451629,32,408,272662,0.05,0.001,168266,7,0.7
1589333,32,408,53385,0.05,0.001,43684,4,0.7
6346618,50,192,87571,0.05,0.001,57383,6,0.3
26063973,49,204,69260,0.15,0.004,35129,6,0.5
1942421,44,264,82677,0.15,0.004,61232,6,0.3
2448135,39,324,61770,0.3,0.008,45251,13,0.7
3222789,44,264,55236,0.15,0.004,31285,6,0.5
114551,25,492,56030,0.15,0.004,39682,7,0.3
12126588,42,288,158241,0.05,0.001,90274,5,0.5
2467842,44,264,86946,0.05,0.001,63022,6,0.7
1429564,40,312,106328,0.15,0.004,56827,6,0.5
132844,23,516,111405,0.05,0.001,53571,7,0.5
678587,32,408,41912,0.15,0.001,29642,8,0.7
190516,40,312,43826,0.15,0.004,36938,9,0.5
3192583,39,324,70676,0.05,0.001,47902,4,0.5
26816229,57,108,129074,0.05,0.001,60957,4,0.3
151958,34,384,39947,0.15,0.001,36141,9,0.7
96242690,55,132,178358,0.05,0.001,74592,7,0.3
336825,38,336,49976,0.3,0.008,44512,17,0.3
16911926,47,228,58800,0.15,0.004,41792,9,0.3
37557587,57,108,105994,0.05,0.001,78092,7,0.3
4011288,31,420,142755,0.05,0.001,78054,4,0.7
4554387,47,228,62475,0.05,0.001,42828,7,0.5
734260,26,480,56148,0.05,0.001,34781,7,0.7
304512,26,480,84668,0.15,0.004,69057,8,0.5
17752810,28,456,296699,0.05,0.001,132912,4,0.7
472208,34,384,45027,0.15,0.004,32279,9,0.3
18793469,46,240,131404,0.15,0.004,72412,7,0.5
15304245,56,120,83627,0.15,0.004,57594,8,0.3
42411747,44,264,300000,0.05,0.001,178371,5,0.5
2068517,28,456,92026,0.15,0.001,50367,6,0.7
0,22,528,117030,0.05,0.001,61771,5,0.3
22856582,39,324,258767,0.05,0.001,120945,4,0.5
27935,24,504,43855,0.15,0.004,34625,8,0.3
575492,25,492,61708,0.15,0.001,38511,8,0.7
325636,25,492,54360,0.15,0.004,36957,7,0.3
912791,26,480,76786,0.15,0.004,43432,6,0.7
18829,24,504,39292,0.15,0.004,38439,6,0.3
30074585,52,168,231161,0.05,0.001,139482,7,0.3
0,22,528,30804,0.15,0.001,32310,9,0.5
3197231,34,384,85090,0.15,0.004,46387,7,0.7
441188,37,348,41776,0.15,0.001,40221,8,0.5
159475,36,360,30523,0.3,0.004,28259,15,0.5
7059006,29,444,300000,0.05,0.001,156345,4,0.7
954920,37,348,27671,0.05,0.001,20466,5,0.3
12392952,46,240,93281,0.15,0.001,68706,6,0.5
94807576,55,132,190281,0.05,0.001,90413,6,0.3
2567804,32,408,98889,0.05,0.001,64409,7,0.7
33148221,49,204,114919,0.05,0.001,84062,5,0.3
31704746,56,120,111267,0.05,0.001,57806,6,0.5
133790,28,456,21525,0.15,0.001,14884,8,0.5
5013517,55,132,60257,0.3,0.004,32690,20,0.3
16649662,31,420,300000,0.05,0.001,153897,4,0.5
25357160,43,276,300000,0.3,0.008,128879,11,0.3
35451,25,492,27536,0.15,0.004,22628,7,0.3
6292917,27,468,279421,0.05,0.001,106055,5,0.7
1822085,34,384,73186,0.05,0.001,47193,6,0.7
30856687,45,252,148626,0.05,0.001,80360,7,0.3
47582860,46,240,155285,0.05,0.001,60455,5,0.5
20499,23,516,31868,0.3,0.008,23946,9,0.7
1538864,30,432,66382,0.05,0.001,44337,6,0.5
6643179,36,360,78201,0.15,0.004,57312,9,0.3
224935,47,228,33088,0.3,0.004,31603,9,0.3
25487,23,516,51910,0.15,0.004,38603,6,0.5
138422,23,516,300000,0.05,0.001,179040,7,0.3
2010389,45,252,41022,0.3,0.008,26799,14,0.7
5545422,51,180,80203,0.05,0.001,56080,5,0.3
2715442,43,276,78246,0.05,0.001,57492,6,0.3
9845388,56,120,66013,0.15,0.004,42733,6,0.3
2325755,51,180,51051,0.15,0.004,32773,7,0.3
4948271,32,408,89300,0.05,0.001,61639,5,0.5
2417458,33,396,103032,0.15,0.001,80543,7,0.5
20864083,41,300,126940,0.05,0.001,55862,4,0.5
3193870,30,432,135494,0.05,0.001,95824,7,0.7
13972099,57,108,74070,0.3,0.004,42482,19,0.3
651781,39,324,21815,0.15,0.001,16655,9,0.5
118952696,51,180,300000,0.15,0.001,140509,9,0.5
12371184,56,120,79604,0.15,0.004,40494,9,0.5
452738,37,348,25361,0.15,0.004,20874,6,0.7
1906101,33,396,81746,0.05,0.001,61636,4,0.7
245074,26,480,60618,0.05,0.001,47248,7,0.5
5817222,41,300,73158,0.05,0.001,48790,4,0.5
24346591,50,192,182836,0.15,0.004,86653,9,0.5
798973,34,384,55077,0.3,0.004,41429,16,0.7
188251,32,408,36216,0.15,0.004,34793,6,0.5
30554874,50,192,248624,0.05,0.001,172414,4,0.3
820373,44,264,45484,0.15,0.001,38532,6,0.5
48575224,52,168,300000,0.3,0.004,142462,15,0.3
40520,23,516,70996,0.05,0.001,54062,5,0.5
29972,23,516,74111,0.05,0.001,44433,6,0.3
111113,24,504,74071,0.05,0.001,52866,7,0.5
1947468,46,240,69250,0.15,0.004,57961,8,0.5
41908264,57,108,136839,0.15,0.004,63339,9,0.5
10254077,52,168,80628,0.15,0.001,57951,9,0.3
1427772,35,372,53570,0.05,0.001,37580,5,0.7
29730095,44,264,300000,0.05,0.001,158348,7,0.5
1809182,35,372,62860,0.15,0.001,49536,9,0.5
6761398,41,300,58387,0.05,0.001,39876,7,0.5
68669,23,516,76886,0.15,0.001,40867,6,0.7
7007067,54,144,120826,0.15,0.001,60695,9,0.3
2318956,31,420,75313,0.15,0.001,49442,9,0.7
295503,29,444,41973,0.3,0.004,34277,8,0.7
14698159,42,288,300000,0.15,0.004,155468,6,0.3
131269519,57,108,300000,0.15,0.001,147281,6,0.3
8635199,50,192,96655,0.15,0.004,78971,6,0.5
59083217,56,120,121580,0.15,0.004,46963,8,0.3
40716,24,504,27338,0.15,0.001,20215,9,0.5
4636104,43,276,71475,0.15,0.004,42482,8,0.5
9342961,45,252,61836,0.15,0.001,38238,9,0.3
4986565,36,360,71156,0.05,0.001,34530,6,0.7
831529,27,468,99115,0.15,0.004,75656,6,0.7
1961123,42,288,61208,0.15,0.004,45683,9,0.5
40363028,58,96,54703,0.15,0.004,28720,9,0.3
1474337,27,468,76276,0.05,0.001,46383,7,0.5
32571981,56,120,136300,0.05,0.001,73941,7,0.5
794230,41,300,35866,0.05,0.001,35033,6,0.5
9277721,29,444,195704,0.05,0.001,96317,7,0.7
108776033,51,180,173927,0.05,0.001,70263,5,0.3
46574921,55,132,120916,0.05,0.001,65302,7,0.3
0,22,528,103756,0.05,0.001,57378,7,0.3
610505,26,480,74733,0.3,0.004,44871,12,0.5
37920,28,456,20777,0.3,0.004,16332,17,0.5
7112996,42,288,113755,0.15,0.001,69537,9,0.5
2925109,48,216,51525,0.05,0.001,49201,6,0.3
1876907,25,492,135675,0.15,0.004,59396,9,0.5
12405124,47,228,55504,0.05,0.001,31115,7,0.5
14206,24,504,46462,0.3,0.008,40546,21,0.3
5476532,33,396,105738,0.15,0.001,64919,9,0.7
14736284,49,204,122645,0.05,0.001,65817,7,0.5
102633487,58,96,121195,0.05,0.001,51732,4,0.5
3004620,39,324,93624,0.15,0.004,61988,7,0.5
1755624,51,180,33153,0.15,0.004,29082,8,0.3
83181899,57,108,151391,0.05,0.001,85452,5,0.5
1688807,35,372,41640,0.15,0.004,31583,8,0.7
145718661,59,84,214253,0.05,0.001,127061,7,0.5
1523661,40,312,103062,0.15,0.001,82142,6,0.5
295360,24,504,300000,0.05,0.001,207957,6,0.3
12921181,41,300,138157,0.15,0.001,78138,8,0.3
10682723,47,228,117809,0.15,0.001,93110,8,0.5
114378835,59,84,77406,0.05,0.001,43390,4,0.3
2104301,48,216,49339,0.15,0.001,41518,6,0.5
6093272,26,480,300000,0.05,0.001,187164,5,0.7
0,22,528,233561,0.05,0.001,103489,7,0.3
1564051,48,216,99141,0.15,0.001,82984,8,0.3
7131541,54,144,65481,0.05,0.001,49122,5,0.3
13271695,48,216,177963,0.15,0.004,99160,6,0.3
2425217,44,264,67763,0.15,0.001,52348,9,0.7
7690,24,504,43461,0.15,0.004,37251,7,0.5
36376335,55,132,88718,0.15,0.004,51859,8,0.3
21106152,48,216,145750,0.15,0.001,83783,8,0.5
0,22,528,21531,0.15,0.004,16591,7,0.3
123567712,53,156,299217,0.05,0.001,124846,6,0.3
465267,34,384,23316,0.15,0.001,18080,9,0.5
12179310,56,120,84314,0.15,0.004,54513,7,0.3
7510683,37,348,109263,0.05,0.001,75023,5,0.3
1728023,28,456,77491,0.15,0.001,51634,9,0.7
888783,43,276,32543,0.15,0.004,29269,8,0.5
9488281,41,300,102437,0.05,0.001,63564,7,0.5
26402522,57,108,66631,0.15,0.004,41829,6,0.3
13468520,51,180,112597,0.05,0.001,66338,4,0.3
222663,36,360,27783,0.15,0.001,25774,9,0.3
27643028,55,132,185214,0.15,0.004,128796,7,0.5
7828133,35,372,300000,0.15,0.001,209777,9,0.3
27948263,48,216,126634,0.15,0.004,63649,7,0.7
19502083,44,264,105539,0.05,0.001,69973,6,0.3
161487196,59,84,300000,0.15,0.004,125456,6,0.5
432858,27,468,48578,0.15,0.004,36706,6,0.7
1910845,29,444,92021,0.05,0.001,67133,5,0.7
7541649,40,312,80370,0.05,0.001,41987,7,0.5
4009924,48,216,97058,0.15,0.004,70086,9,0.5
1561487,38,336,31110,0.15,0.004,22277,9,0.5
2548326,42,288,62968,0.05,0.001,44048,5,0.5
458762,30,432,29604,0.15,0.004,20413,8,0.7
818552,31,420,66156,0.3,0.008,53616,22,0.5
143703,24,504,119154,0.05,0.001,68540,7,0.3
10642054,47,228,176940,0.15,0.004,98467,7,0.5
1406039,28,456,53765,0.15,0.004,32024,9,0.5
290951,31,420,36655,0.15,0.004,30987,8,0.3
33180161,44,264,107977,0.15,0.004,62695,8,0.5
141340,39,324,28183,0.3,0.008,28028,16,0.3
4932002,50,192,73456,0.05,0.001,45646,5,0.7
4379414,38,336,51149,0.05,0.001,33800,5,0.7
81183139,58,96,193471,0.05,0.001,109168,7,0.5
3075716,34,384,93433,0.15,0.001,55321,6,0.5
634665,27,468,83770,0.3,0.004,61251,14,0.7
11486000,56,120,107479,0.05,0.001,84206,6,0.5
2268289,28,456,63270,0.05,0.001,45298,7,0.7
1336850,29,444,63427,0.15,0.004,33866,8,0.7
3737430,43,276,102311,0.3,0.008,65143,11,0.3
627834,27,468,64139,0.15,0.001,39043,7,0.7
0,22,528,26812,0.15,0.004,20915,6,0.5
47449668,53,156,188264,0.15,0.004,83364,7,0.3
0,22,528,56406,0.3,0.004,38868,8,0.3
8839405,32,408,158011,0.05,0.001,74024,7,0.7
2864,23,516,30757,0.05,0.001,31380,5,0.7
40112699,53,156,56853,0.05,0.001,42685,5,0.3
100063244,55,132,300000,0.05,0.001,111199,6,0.3
178627,34,384,34232,0.3,0.008,27688,23,0.5
45299,23,516,98896,0.15,0.001,52753,7,0.5
3686620,46,240,76857,0.3,0.004,51838,8,0.3
2135116,41,300,111063,0.3,0.004,71942,22,0.5
11935015,55,132,67798,0.05,0.001,43682,6,0.5
1251091,41,300,48132,0.3,0.008,41361,13,0.7
26505181,49,204,99259,0.15,0.001,67910,9,0.5
21125396,45,252,179372,0.05,0.001,87098,6,0.3
5386554,34,384,157845,0.15,0.004,65005,8,0.5
12103744,32,408,260917,0.05,0.001,95147,4,0.5
23300456,42,288,142347,0.05,0.001,65744,5,0.7
116879754,53,156,202113,0.05,0.001,90555,6,0.3
3327243,43,276,69129,0.15,0.004,50113,8,0.3
6082117,52,168,91805,0.15,0.001,64132,9,0.3
25459030,52,168,164054,0.05,0.001,87763,6,0.3
2959051,28,456,201311,0.05,0.001,98726,4,0.7
74891,31,420,20000,0.3,0.008,16376,21,0.3
7022086,33,396,79520,0.05,0.001,62222,6,0.7
35407943,59,84,66240,0.3,0.004,43913,14,0.3
94737433,54,144,300000,0.3,0.004,156235,21,0.3
19796693,51,180,114269,0.05,0.001,66033,7,0.3
119073,40,312,31927,0.15,0.001,33870,9,0.5
4534362,47,228,67179,0.15,0.004,41349,9,0.3
2496549,28,456,112456,0.05,0.001,80341,5,0.5
7821809,42,288,66613,0.3,0.008,35894,9,0.3
109456837,58,96,245417,0.15,0.001,111314,7,0.5
261215,27,468,36640,0.15,0.004,28193,6,0.3
138859584,55,132,300000,0.15,0.004,174687,8,0.5
3507189,35,372,78531,0.15,0.004,47926,8,0.3
24104952,58,96,119251,0.05,0.001,84560,6,0.3
450842,24,504,168589,0.05,0.001,94214,7,0.3
40886755,54,144,213998,0.05,0.001,114063,7,0.3
7876533,43,276,93945,0.15,0.004,45367,8,0.5
1533036,33,396,72338,0.05,0.001,48444,6,0.7
416050,32,408,54222,0.05,0.001,38749,4,0.5
13251397,52,168,79756,0.05,0.001,48280,6,0.3
18320581,53,156,173654,0.05,0.001,89893,7,0.3
7618295,35,372,300000,0.15,0.001,113502,8,0.7
78997,23,516,300000,0.15,0.004,163463,7,0.5
366712,27,468,66306,0.3,0.004,40011,18,0.3
15719982,58,96,73749,0.3,0.008,40370,9,0.3
82819138,51,180,187371,0.15,0.001,122955,6,0.3
10350650,56,120,95219,0.15,0.001,82048,7,0.3
987272,50,192,46534,0.15,0.001,45978,9,0.5
212380,38,336,49402,0.3,0.008,47417,9,0.5
16580777,59,84,76537,0.3,0.008,43557,22,0.3
20237187,54,144,69058,0.3,0.008,42547,12,0.3
409933,42,288,45684,0.15,0.004,45571,8,0.7
101805,27,468,38418,0.3,0.008,31337,15,0.3
5281204,28,456,300000,0.15,0.004,151799,8,0.7
26860190,57,108,158125,0.05,0.001,85601,6,0.3
1793380,27,468,88154,0.05,0.001,46832,6,0.5
37078635,54,144,152040,0.05,0.001,85698,5,0.3
112161,28,456,49512,0.15,0.004,49206,6,0.3
3328439,48,216,23538,0.3,0.004,19512,9,0.5
9557771,47,228,134715,0.05,0.001,68517,6,0.5
16422603,44,264,124301,0.05,0.001,63351,4,0.5
65943,31,420,28530,0.3,0.004,32155,11,0.5
28557225,52,168,295459,0.05,0.001,145179,4,0.3
9123622,38,336,96210,0.05,0.001,61434,6,0.5
2983158,54,144,63466,0.15,0.004,46540,9,0.5
1216195,40,312,26215,0.15,0.001,21916,8,0.7
1253145,38,336,38262,0.15,0.001,32421,9,0.3
9704591,46,240,83356,0.3,0.008,65083,20,0.5
8786969,47,228,132845,0.15,0.001,90459,6,0.3
2358425,40,312,56198,0.15,0.001,29416,8,0.3
141495,29,444,40480,0.15,0.004,35616,9,0.5
16030718,38,336,148993,0.05,0.001,76071,5,0.3
71775063,50,192,129495,0.05,0.001,75300,6,0.5
1754666,40,312,37778,0.15,0.001,25511,9,0.5
4723189,32,408,139657,0.15,0.004,67068,8,0.7
76830,33,396,20000,0.15,0.004,20168,9,0.5
30458507,51,180,168783,0.15,0.004,115511,6,0.3
12011915,46,240,69717,0.3,0.004,59121,15,0.3
4947399,28,456,221962,0.05,0.001,102978,5,0.7
3236883,34,384,83133,0.05,0.001,49954,6,0.7
250416,31,420,46909,0.3,0.004,41090,17,0.5
2832806,57,108,40518,0.15,0.004,40381,7,0.3
567452,24,504,300000,0.05,0.001,183197,5,0.7
1919303,30,432,101084,0.05,0.001,59190,5,0.7
16307626,53,156,120473,0.15,0.004,70837,7,0.3
4255395,42,288,50068,0.15,0.001,27265,8,0.5
60255,26,480,20000,0.15,0.001,15312,6,0.5
80700,26,480,20000,0.3,0.004,14215,8,0.3
21489,23,516,39166,0.3,0.004,31315,12,0.5
3991561,37,348,76822,0.05,0.001,45002,4,0.7
128600,35,372,21223,0.15,0.004,18749,8,0.7
1981491,27,468,121299,0.05,0.001,51013,4,0.7
8998085,56,120,56187,0.15,0.001,34997,9,0.5
307566,44,264,20000,0.15,0.004,22070,7,0.5
27679870,56,120,95724,0.15,0.001,57188,9,0.3
710446,48,216,27589,0.3,0.004,25472,18,0.5
15219,24,504,24632,0.15,0.001,21822,7,0.5
470498,32,408,41893,0.15,0.004,36418,6,0.7
65433,26,480,29827,0.15,0.004,25177,7,0.5
40196869,51,180,251585,0.05,0.001,139834,7,0.3
2378631,27,468,144653,0.15,0.001,53644,6,0.7
4299897,47,228,98547,0.15,0.004,62689,9,0.7
5577247,55,132,82666,0.05,0.001,63772,4,0.3
127482,27,468,32945,0.15,0.001,27578,9,0.5
29811943,49,204,171999,0.05,0.001,114083,5,0.5
179156984,53,156,272027,0.05,0.001,103535,7,0.5
33958160,53,156,88714,0.15,0.004,49109,6,0.3
13598882,59,84,69178,0.15,0.004,42058,8,0.3
38638353,40,312,208737,0.05,0.001,82825,6,0.7
4888203,39,324,71939,0.05,0.001,55202,5,0.5
17854835,48,216,115956,0.05,0.001,65366,7,0.3
10819249,50,192,132096,0.15,0.001,65276,9,0.7
1467370,38,336,64962,0.15,0.004,48665,7,0.5
22647217,39,324,217806,0.05,0.001,86805,6,0.5
160136,37,348,26227,0.15,0.004,24662,7,0.5
3946244,38,336,55144,0.15,0.001,33736,9,0.3
30093076,54,144,140509,0.15,0.004,54226,9,0.3
189585,24,504,78818,0.05,0.001,40595,6,0.5
2911248,33,396,112408,0.05,0.001,75551,6,0.5
118403778,57,108,300000,0.05,0.001,121364,5,0.5
30385164,40,312,300000,0.15,0.004,166270,6,0.5
361532,25,492,68350,0.15,0.001,52112,6,0.3
986461,36,360,50899,0.15,0.004,39584,8,0.5
4112274,38,336,213348,0.05,0.001,113184,4,0.3
19615784,46,240,122576,0.05,0.001,68252,6,0.5
119286436,39,324,235617,0.05,0.001,87839,4,0.5
160941,36,360,49039,0.15,0.004,43447,8,0.5
6401478,59,84,113558,0.15,0.004,64204,8,0.3
2974326,45,252,93926,0.15,0.004,68996,6,0.5
1754202,53,156,34541,0.15,0.001,27777,8,0.3
170376,24,504,80706,0.05,0.001,50526,5,0.5
5677088,33,396,91986,0.15,0.004,54614,7,0.7
11876387,59,84,61773,0.05,0.001,38558,6,0.3
4544431,47,228,56206,0.15,0.001,43615,8,0.3
2261902,53,156,70965,0.15,0.004,50660,8,0.3
7914036,51,180,43885,0.3,0.004,29861,13,0.3
42710223,45,252,119003,0.05,0.001,73558,5,0.5
9409476,47,228,65701,0.3,0.004,39393,15,0.3
2648655,56,120,101364,0.3,0.008,89959,23,0.3
2618597,59,84,27572,0.3,0.004,22205,23,0.3
34343479,55,132,199955,0.05,0.001,111509,5,0.3
2096367,33,396,81868,0.15,0.001,50564,9,0.7
23231640,30,432,300000,0.15,0.004,177775,7,0.7
3581649,34,384,97922,0.15,0.001,64938,8,0.7
7121076,46,240,92882,0.05,0.001,66136,5,0.7
4545652,41,300,116798,0.15,0.001,76206,7,0.3
12049326,49,204,63337,0.05,0.001,46774,5,0.7
2433569,59,84,38290,0.15,0.004,32130,9,0.3
341201,33,396,36109,0.3,0.004,32410,23,0.5
434895,38,336,28212,0.3,0.008,24129,21,0.5
24974118,48,216,96149,0.15,0.004,51761,6,0.5
2319797,57,108,37832,0.3,0.004,33955,15,0.3
6355763,50,192,49952,0.3,0.008,42423,15,0.5
17170404,45,252,113372,0.05,0.001,63758,6,0.7
3963321,41,300,75923,0.3,0.008,47335,10,0.3
7205448,52,168,81493,0.3,0.004,45433,18,0.3
5287917,51,180,53114,0.3,0.008,40222,17,0.3
3410824,32,408,94479,0.05,0.001,58606,4,0.7
293989,43,276,44317,0.15,0.004,43348,6,0.5
140827,26,480,38025,0.05,0.001,32462,4,0.5
314062,35,372,32354,0.3,0.004,27363,10,0.5
5519,23,516,33410,0.15,0.004,28577,8,0.5
19077,25,492,49404,0.15,0.001,50048,6,0.3
21845175,55,132,91181,0.05,0.001,50357,6,0.3
7254423,46,240,72138,0.15,0.001,43339,7,0.5
90122,24,504,71847,0.15,0.001,49248,9,0.7
2755024,27,468,159689,0.05,0.001,95392,5,0.5
1743388,34,384,57007,0.3,0.004,31221,17,0.7
8400448,56,120,112369,0.05,0.001,61479,6,0.3
10064735,45,252,300000,0.3,0.008,196820,13,0.7
76165866,59,84,98821,0.3,0.008,52320,21,0.3
1017767,29,444,71507,0.15,0.004,46388,6,0.7
1012471,34,384,35380,0.3,0.004,24860,14,0.7
10447759,47,228,98554,0.15,0.001,71263,8,0.5
296607,36,360,49889,0.15,0.004,44229,7,0.5
549225,40,312,36693,0.15,0.004,36678,8,0.5
105463855,51,180,260733,0.05,0.001,114507,7,0.5
52127,30,432,20000,0.3,0.008,18153,13,0.3
13521379,55,132,59075,0.15,0.004,34047,7,0.5
19024715,46,240,96007,0.05,0.001,67486,4,0.5
36417703,57,108,163131,0.05,0.001,96370,7,0.3
113471534,55,132,243899,0.05,0.001,105101,5,0.3
102137556,59,84,119402,0.05,0.001,72825,5,0.3
183896043,58,96,300000,0.05,0.001,147529,5,0.3
3409851,40,312,54832,0.15,0.004,40940,9,0.5
16762168,40,312,149734,0.05,0.001,87904,7,0.5
35315366,56,120,300000,0.15,0.004,189809,7,0.3
5885551,36,360,134532,0.15,0.004,83722,9,0.3
5051020,27,468,300000,0.15,0.004,223351,7,0.5
4115730,43,276,91559,0.15,0.001,56802,6,0.3
2710252,41,300,64217,0.15,0.001,46296,7,0.7
20750462,38,336,167591,0.15,0.004,60556,6,0.5
5717037,55,132,64316,0.05,0.001,41886,5,0.3
757463,42,288,47787,0.15,0.004,41597,9,0.5
6690186,36,360,139834,0.15,0.004,51706,7,0.3
77570,26,480,41442,0.05,0.001,38272,4,0.5
16451376,56,120,113149,0.05,0.001,78668,7,0.5
24521377,47,228,147533,0.15,0.001,77399,8,0.5
16914307,44,264,97899,0.15,0.004,56683,6,0.7
33228674,51,180,78002,0.15,0.001,52522,7,0.5
25290276,55,132,84480,0.05,0.001,49378,7,0.3
27265186,55,132,74509,0.3,0.008,47278,13,0.5
9308512,57,108,107335,0.15,0.001,55725,6,0.5
5161,23,516,20000,0.15,0.004,14324,8,0.5
74515336,45,252,240563,0.05,0.001,136559,6,0.5
43304799,47,228,298433,0.05,0.001,162520,4,0.3
83328815,52,168,167527,0.05,0.001,96641,4,0.3
218075,23,516,136930,0.05,0.001,90365,7,0.5
10908324,58,96,64864,0.3,0.004,46441,10,0.3
0,22,528,51277,0.15,0.001,32248,8,0.3
138742,32,408,24024,0.15,0.001,20868,7,0.5
22912684,51,180,122864,0.05,0.001,77560,6,0.5
633330,41,300,48031,0.05,0.001,41797,5,0.7
17065733,46,240,156859,0.05,0.001,70841,7,0.5
0,22,528,67502,0.05,0.001,39795,4,0.3
1615692,53,156,33865,0.3,0.004,29542,11,0.5
14298677,56,120,89808,0.15,0.004,53929,6,0.5
756861,40,312,48723,0.3,0.004,43661,17,0.3
10117562,53,156,89225,0.05,0.001,67395,5,0.5
8868514,47,228,76769,0.15,0.004,45807,7,0.5
0,22,528,70918,0.15,0.004,39902,6,0.3
8724423,42,288,112561,0.05,0.001,70376,6,0.3
25356026,51,180,205168,0.05,0.001,133376,4,0.3
31735782,59,84,300000,0.15,0.004,175029,8,0.3
453255,28,456,28101,0.15,0.001,21658,7,0.3
2606464,38,336,91420,0.15,0.001,56412,9,0.5
6057467,41,300,86369,0.15,0.004,55966,8,0.3
42180309,51,180,300000,0.15,0.004,180541,6,0.3
113251,28,456,38858,0.05,0.001,35202,7,0.3
41133078,57,108,143263,0.15,0.001,87465,6,0.3
66439564,54,144,147791,0.15,0.004,66138,7,0.5
144225,30,432,31610,0.15,0.001,26361,6,0.7
1696979,33,396,68140,0.3,0.008,42695,13,0.7
4080823,50,192,39785,0.3,0.008,29296,20,0.3
2884729,45,252,69522,0.3,0.008,49416,11,0.5
770425,40,312,36493,0.15,0.004,30463,8,0.7
96823,32,408,29615,0.15,0.001,29138,7,0.3
3903669,30,432,73260,0.05,0.001,40182,6,0.7
11592039,38,336,91082,0.05,0.001,50977,7,0.5
8226116,33,396,300000,0.05,0.001,157248,6,0.5
361591,29,444,53298,0.05,0.001,43788,7,0.5
2419074,44,264,71889,0.05,0.001,56159,7,0.3
90016,28,456,21191,0.15,0.001,16795,8,0.5
36924575,53,156,119547,0.05,0.001,87937,5,0.3
3434389,45,252,52022,0.15,0.004,38592,7,0.5
14597780,55,132,88427,0.15,0.004,45501,6,0.5
4016363,37,348,81603,0.05,0.001,45454,5,0.7
13066554,54,144,113109,0.15,0.001,72667,7,0.3
1057321,27,468,68819,0.15,0.001,49651,8,0.7
5359479,49,204,72667,0.3,0.008,47078,8,0.5
640251,38,336,37737,0.3,0.008,29107,11,0.5
52641,30,432,34103,0.15,0.001,39740,8,0.5
5238104,41,300,66906,0.15,0.004,33131,7,0.3
49845380,58,96,179728,0.15,0.001,77482,9,0.3
465465,27,468,65022,0.05,0.001,48340,5,0.5
5608325,46,240,46944,0.3,0.004,35405,8,0.3
2820812,29,444,61790,0.05,0.001,32368,5,0.7
4092970,38,336,91420,0.3,0.008,61510,18,0.5
8418864,58,96,51168,0.15,0.001,31597,7,0.3
1815609,49,204,41552,0.3,0.004,29943,8,0.5
1449563,43,276,35352,0.3,0.008,32075,8,0.5
31374138,59,84,107450,0.05,0.001,75429,5,0.3
45902820,55,132,300000,0.15,0.001,190378,9,0.3
11593373,48,216,55256,0.15,0.004,34933,6,0.3
182075101,55,132,300000,0.05,0.001,150094,4,0.3
1824845,50,192,37329,0.15,0.004,26825,8,0.5
1156635,41,300,35776,0.3,0.004,30278,16,0.3
46159410,42,288,300000,0.05,0.001,196023,4,0.7
725282,35,372,46977,0.05,0.001,38949,7,0.7
0,22,528,32006,0.3,0.004,25622,13,0.3
29034,24,504,87415,0.15,0.004,74789,6,0.3
2131061,50,192,52971,0.15,0.001,41975,9,0.5
15947,24,504,41997,0.3,0.004,35102,11,0.5
400429,35,372,56829,0.05,0.001,44769,4,0.3
93298,23,516,300000,0.3,0.004,175203,8,0.3
16652428,50,192,137573,0.15,0.004,60284,8,0.3
5436818,46,240,72665,0.05,0.001,48871,4,0.5
1542408,34,384,77252,0.15,0.004,46413,9,0.7
70780,23,516,55358,0.15,0.004,36930,7,0.5
47535613,48,216,188115,0.15,0.004,93622,9,0.5
7141439,34,384,261387,0.05,0.001,133187,4,0.7
17923462,42,288,82499,0.05,0.001,46965,5,0.5
153847,39,324,27272,0.15,0.001,28689,8,0.3
3287889,31,420,124044,0.05,0.001,63139,4,0.7
410699,32,408,34523,0.15,0.004,25621,7,0.5
2616076,48,216,38173,0.15,0.004,31073,6,0.3
1293839,35,372,45060,0.3,0.004,37986,15,0.7
4191899,51,180,52241,0.15,0.004,39778,8,0.3
2273942,33,396,70007,0.15,0.004,43947,6,0.7
3757634,39,324,109227,0.15,0.004,99244,6,0.3
18139,24,504,20000,0.15,0.001,16574,7,0.5
4060170,44,264,54010,0.3,0.008,32046,15,0.5
5346130,47,228,76809,0.3,0.008,52114,8,0.5
11507377,45,252,300000,0.05,0.001,222520,7,0.3
304766,32,408,20000,0.3,0.004,16489,17,0.3
15396167,54,144,96495,0.05,0.001,62614,6,0.5
2824174,33,396,70987,0.05,0.001,41827,5,0.7
213531,25,492,38488,0.15,0.004,31191,9,0.7
2391059,30,432,98017,0.05,0.001,59022,5,0.7
8113623,39,324,188183,0.05,0.001,125009,7,0.3
2543855,32,408,63785,0.05,0.001,45310,4,0.5
188787,38,336,35147,0.3,0.008,34601,22,0.5
6095,23,516,31352,0.15,0.001,29056,6,0.3
7466483,59,84,74756,0.15,0.001,44597,7,0.5
32944425,46,240,232843,0.05,0.001,97180,5,0.5
156056,37,348,20000,0.3,0.004,18597,21,0.7
167318,23,516,91620,0.15,0.001,62611,6,0.5
5552812,43,276,93763,0.05,0.001,48619,7,0.7
0,22,528,56392,0.15,0.004,44051,9,0.7
7441531,37,348,65333,0.15,0.001,35769,7,0.7
7428304,35,372,155825,0.15,0.004,85910,7,0.5
48476,23,516,82383,0.15,0.004,42809,6,0.5
17365630,51,180,88921,0.05,0.001,57131,7,0.3
4315437,38,336,300000,0.3,0.004,183025,21,0.3
18633311,43,276,143476,0.15,0.004,58860,6,0.7
993370,40,312,78074,0.15,0.004,52597,7,0.5
289795,31,420,38866,0.3,0.004,28538,11,0.7
3804,23,516,20000,0.15,0.001,17115,7,0.3
13461059,34,384,300000,0.05,0.001,133509,5,0.5
64382856,51,180,300000,0.15,0.001,111143,8,0.3
33953,24,504,28123,0.05,0.001,21748,4,0.3
69047411,55,132,300000,0.05,0.001,162921,6,0.3
6834549,52,168,74900,0.3,0.008,51989,23,0.3
17779784,59,84,83117,0.05,0.001,43749,7,0.3
3300203,29,444,174435,0.05,0.001,131461,5,0.7
2851,23,516,27704,0.3,0.008,27367,16,0.5
918836,44,264,43010,0.15,0.004,33010,7,0.3
50076,23,516,65094,0.15,0.004,42003,9,0.5
116738639,46,240,300000,0.05,0.001,196197,7,0.3
1369711,39,324,56614,0.05,0.001,44263,7,0.3
395163,33,396,61510,0.15,0.001,37313,6,0.3
528307,43,276,41949,0.3,0.004,37543,19,0.5
6315169,40,312,110314,0.05,0.001,83232,7,0.3
65231367,53,156,162935,0.15,0.001,82524,6,0.3
16065116,42,288,300000,0.15,0.004,142461,8,0.3
3000399,37,348,58393,0.15,0.004,48590,6,0.7
742194,35,372,28806,0.15,0.004,22247,8,0.7
1776913,47,228,32895,0.15,0.004,25590,8,0.5
6190651,29,444,143090,0.05,0.001,65522,5,0.7
493905,35,372,47409,0.05,0.001,52466,7,0.7
6436502,51,180,97353,0.15,0.001,85574,7,0.3
1009989,30,432,62809,0.15,0.004,36223,6,0.7
2006807,47,228,25954,0.3,0.008,22332,12,0.5
3303899,31,420,71873,0.05,0.001,38248,5,0.7
1224970,51,180,46897,0.3,0.004,41814,17,0.3
112796668,55,132,207251,0.05,0.001,109686,5,0.3
31907732,56,120,300000,0.05,0.001,190462,7,0.3
9801942,44,264,138455,0.05,0.001,91698,7,0.5
121849333,52,168,196068,0.15,0.001,93617,7,0.3
12611920,55,132,60456,0.15,0.004,29009,6,0.3
397158,41,300,26479,0.3,0.004,23350,19,0.5
33058254,46,240,186827,0.15,0.004,94601,6,0.7
4492935,52,168,44026,0.15,0.001,38833,9,0.3
85734041,59,84,211553,0.05,0.001,79325,7,0.5
72486139,54,144,121351,0.15,0.004,50689,7,0.3
4326309,58,96,57139,0.3,0.004,40914,10,0.5
11132487,56,120,51091,0.3,0.004,34991,13,0.3
2209128,33,396,58039,0.15,0.004,41565,7,0.7
0,22,528,32599,0.3,0.008,26911,14,0.7
6639484,39,324,103984,0.15,0.001,64436,8,0.5
76080614,41,300,300000,0.15,0.004,117260,8,0.3
1149440,32,408,50771,0.15,0.004,29270,6,0.5
13977815,48,216,81343,0.15,0.004,41834,8,0.5
622176,42,288,29261,0.15,0.004,22082,8,0.3
10104847,55,132,95245,0.15,0.004,61179,6,0.3
0,22,528,65182,0.15,0.004,48563,9,0.5
27812,23,516,50820,0.15,0.001,33506,6,0.5
4412066,34,384,75210,0.05,0.001,39453,7,0.7
193434,37,348,30808,0.15,0.004,30455,9,0.5
237494,32,408,42170,0.3,0.008,35081,19,0.7
6603999,47,228,45871,0.3,0.004,31623,18,0.5
4941038,47,228,52404,0.15,0.001,22289,8,0.5
8072157,41,300,99670,0.05,0.001,59167,6,0.7
2919123,39,324,71655,0.15,0.001,48094,7,0.5
37085440,53,156,158373,0.15,0.004,76757,8,0.3
123338913,56,120,201235,0.05,0.001,133086,7,0.3
25766632,56,120,64341,0.05,0.001,35698,7,0.3
18072960,51,180,86534,0.3,0.004,49510,22,0.5
35064333,56,120,300000,0.05,0.001,166750,5,0.3
2216412,28,456,60981,0.15,0.004,32749,6,0.7
2642278,50,192,42104,0.15,0.004,38390,7,0.3
3449706,30,432,107967,0.05,0.001,60235,4,0.7
1172765,37,348,22253,0.3,0.004,18203,15,0.5
5679075,34,384,141198,0.05,0.001,68193,7,0.5
21096902,56,120,52479,0.3,0.004,31780,11,0.3
165605,24,504,74664,0.15,0.001,52460,9,0.3
4718574,51,180,57614,0.15,0.004,42130,6,0.5
13688492,43,276,173356,0.05,0.001,92602,5,0.5
410751,28,456,71214,0.05,0.001,53792,5,0.7
10725121,51,180,134537,0.05,0.001,78523,6,0.3
955632,56,120,45161,0.15,0.001,48267,7,0.3
6629148,52,168,90900,0.15,0.001,64993,7,0.3
15539011,48,216,119738,0.15,0.004,82453,8,0.5
6224052,27,468,300000,0.05,0.001,160958,7,0.7
13977200,40,312,138494,0.05,0.001,51721,4,0.5
4123784,46,240,54854,0.15,0.004,36187,8,0.7
37385342,56,120,112159,0.15,0.001,71393,8,0.5
447087,32,408,32855,0.3,0.004,26454,20,0.5
94075426,58,96,168163,0.15,0.004,87740,6,0.5
263350,34,384,36671,0.15,0.004,30302,9,0.5
94523,24,504,44341,0.15,0.004,29130,8,0.7
2973810,33,396,116702,0.05,0.001,79165,5,0.5
1990515,29,444,78146,0.15,0.001,42992,8,0.7
2771718,38,336,81328,0.15,0.004,65974,8,0.5
0,22,528,112315,0.05,0.001,71859,6,0.5
3589737,34,384,79572,0.15,0.001,43001,9,0.5
14475321,57,108,57240,0.05,0.001,36887,4,0.3
20815136,50,192,73800,0.15,0.001,53053,6,0.7
551852,29,444,34183,0.05,0.001,25013,5,0.7
41296653,41,300,300000,0.05,0.001,140019,6,0.3
1454590,34,384,78539,0.05,0.001,57912,6,0.7
574340,30,432,54255,0.15,0.004,35495,6,0.5
0,22,528,61361,0.15,0.004,36678,8,0.5
5583798,32,408,300000,0.15,0.001,170102,8,0.7
68986724,59,84,156371,0.05,0.001,71136,5,0.3
82156021,55,132,143435,0.05,0.001,76539,7,0.3
73714,34,384,25758,0.3,0.008,24328,11,0.7
88487336,56,120,172874,0.05,0.001,92718,6,0.5
49502897,58,96,146796,0.15,0.004,64386,9,0.3
73140052,52,168,300000,0.3,0.008,145720,12,0.3
3445723,44,264,58577,0.3,0.004,37578,17,0.5
16817112,55,132,74410,0.15,0.004,45712,8,0.3
287617,40,312,29856,0.15,0.004,28768,8,0.5
0,22,528,160132,0.05,0.001,104007,5,0.3
2803702,42,288,80730,0.15,0.004,51067,7,0.7
14658678,54,144,97184,0.15,0.001,53758,8,0.3
49545,26,480,33685,0.3,0.008,30310,17,0.3
117985,37,348,39719,0.15,0.001,39074,6,0.7
1821472,27,468,99872,0.05,0.001,57857,5,0.7
8659937,42,288,191333,0.05,0.001,123937,5,0.3
19845103,51,180,134008,0.3,0.004,61416,17,0.3
15445119,49,204,97896,0.05,0.001,78983,7,0.3
3626589,36,360,60566,0.15,0.004,35351,8,0.3
154654,27,468,43392,0.15,0.004,35653,6,0.5
6331920,45,252,63016,0.3,0.004,39639,22,0.5
2103953,29,444,106774,0.15,0.004,65792,7,0.5
45057639,55,132,127972,0.05,0.001,55540,5,0.3
1057783,52,168,46870,0.15,0.001,49102,8,0.3
10097322,56,120,52738,0.3,0.008,28710,11,0.3
23512,24,504,59501,0.15,0.004,53587,6,0.7
2825229,29,444,90950,0.05,0.001,61715,5,0.7
16433107,55,132,51266,0.15,0.001,28574,7,0.3
3869879,35,372,72962,0.05,0.001,35325,6,0.5
3203358,35,372,99075,0.05,0.001,72727,4,0.5
4719896,42,288,75074,0.3,0.004,44936,8,0.5
2916585,25,492,300000,0.15,0.004,171219,9,0.5
0,22,528,64259,0.05,0.001,43065,4,0.5
20059853,54,144,73978,0.05,0.001,46268,4,0.3
14664915,47,228,93320,0.15,0.004,63681,8,0.5
12336556,56,120,69748,0.05,0.001,51600,7,0.5
245147,34,384,31505,0.15,0.001,24960,9,0.7
2484720,25,492,300000,0.05,0.001,185677,5,0.7
204617,28,456,43238,0.05,0.001,36427,6,0.5
2095961,36,360,99414,0.05,0.001,70348,5,0.5
25055899,53,156,125390,0.15,0.004,69956,7,0.5
10196991,36,360,123700,0.15,0.004,49002,6,0.5
28410592,53,156,147623,0.05,0.001,83313,7,0.5
1978111,25,492,181342,0.05,0.001,103593,4,0.7
2868707,31,420,55567,0.05,0.001,29473,5,0.7
0,22,528,49639,0.05,0.001,43075,5,0.3
67932374,51,180,300000,0.15,0.001,146739,9,0.3
3638639,41,300,67755,0.05,0.001,42376,6,0.3
48717907,40,312,211890,0.05,0.001,105740,4,0.5
606805,46,240,44268,0.3,0.004,35465,17,0.3
10608693,40,312,300000,0.15,0.004,193642,9,0.3
1490935,47,228,66154,0.3,0.008,38732,21,0.3
4081936,36,360,121652,0.05,0.001,56940,6,0.3
1363948,27,468,68148,0.15,0.004,43377,7,0.5
341004,33,396,38386,0.15,0.001,30151,7,0.5
78649,28,456,42275,0.3,0.004,39669,17,0.3
3613475,34,384,117581,0.05,0.001,75222,6,0.7
9892039,58,96,53690,0.15,0.004,43361,8,0.3
0,22,528,300000,0.3,0.008,135664,17,0.5
6657398,56,120,45969,0.15,0.001,35192,6,0.3
3572531,40,312,57484,0.15,0.004,34503,7,0.3
1020678,28,456,58025,0.05,0.001,37380,4,0.7
10878175,51,180,99576,0.15,0.001,80261,9,0.3
1288412,36,360,57454,0.15,0.001,33856,8,0.5
34124818,54,144,80957,0.15,0.004,45946,8,0.3
3043113,40,312,59529,0.05,0.001,34826,5,0.7
97616,30,432,22630,0.3,0.004,21546,8,0.5
22224717,52,168,167225,0.05,0.001,93213,4,0.3
1623305,33,396,70016,0.15,0.001,41890,7,0.7
7269573,59,84,58693,0.15,0.001,39790,8,0.3
2415242,44,264,56089,0.3,0.004,33836,12,0.3
1426543,53,156,63517,0.3,0.004,55283,20,0.3
9535688,44,264,91435,0.05,0.001,64735,7,0.7
38430209,37,348,300000,0.05,0.001,158688,4,0.5
6104919,47,228,116431,0.15,0.004,80743,7,0.3
3450203,46,240,36603,0.15,0.004,30140,8,0.5
8950411,55,132,76249,0.15,0.001,61327,8,0.5
3682553,45,252,55244,0.05,0.001,37728,6,0.3
27453705,59,84,104565,0.3,0.008,74922,11,0.3
2019684,34,384,87365,0.3,0.008,54588,20,0.5
149002,30,432,22343,0.3,0.008,19565,8,0.5
77943869,53,156,225845,0.15,0.004,139091,7,0.5
3709906,34,384,59767,0.05,0.001,27988,5,0.5
7630014,54,144,97396,0.3,0.008,68309,15,0.3
0,22,528,45746,0.05,0.001,40892,5,0.7
4760227,49,204,50221,0.15,0.004,33441,9,0.7
553988,28,456,35021,0.05,0.001,25111,7,0.7
393412,53,156,28843,0.3,0.008,26818,11,0.3
89876091,58,96,106634,0.05,0.001,70708,6,0.3
5966,23,516,22973,0.15,0.001,19272,7,0.3
13210487,53,156,82997,0.15,0.004,49953,9,0.3
1059248,35,372,66728,0.3,0.004,39118,10,0.7
5201111,47,228,115742,0.15,0.004,83703,8,0.5
3448436,46,240,106153,0.15,0.004,85523,6,0.5
902698,57,108,23514,0.15,0.004,18939,6,0.3
1224994,49,204,49625,0.15,0.004,44031,9,0.3
1826958,40,312,40162,0.3,0.008,36100,18,0.5
77043878,48,216,138473,0.05,0.001,65281,4,0.7
2470710,47,228,34634,0.15,0.001,30077,9,0.5
244765,26,480,31245,0.05,0.001,27110,7,0.5
1413615,32,408,63459,0.05,0.001,46408,4,0.7
681964,38,336,35037,0.15,0.004,27278,7,0.3
6891157,59,84,79354,0.15,0.004,58481,7,0.3
151858,23,516,300000,0.15,0.004,183113,7,0.7
3450793,40,312,78398,0.15,0.001,46459,7,0.3
7540639,47,228,85198,0.15,0.001,59088,6,0.5
107749,24,504,69362,0.05,0.001,48194,4,0.3
146910,33,396,48268,0.3,0.004,45712,13,0.5
39779448,50,192,142517,0.05,0.001,67209,6,0.5
43197103,48,216,300000,0.15,0.001,111645,7,0.7
431201,49,204,44411,0.15,0.001,42759,8,0.5
3108648,33,396,161664,0.15,0.004,105908,6,0.5
5537545,30,432,266531,0.05,0.001,164604,4,0.7
9825649,40,312,71481,0.05,0.001,44755,5,0.5
29649695,54,144,77381,0.15,0.004,50890,7,0.5
30856743,53,156,106111,0.15,0.004,56208,6,0.5
884476,25,492,113227,0.15,0.004,81103,6,0.7
1295443,44,264,28362,0.3,0.004,20912,21,0.3
2331457,52,168,41242,0.15,0.001,36137,7,0.3
6752120,46,240,89566,0.15,0.004,69667,7,0.5
3292919,34,384,114189,0.05,0.001,72150,6,0.7
0,22,528,27812,0.15,0.004,22559,8,0.5
85995,25,492,20000,0.3,0.008,11870,9,0.3
321941,36,360,33367,0.15,0.001,29500,7,0.3
12937387,48,216,89216,0.15,0.004,48634,7,0.5
1485838,36,360,38889,0.3,0.004,33128,9,0.5
17714682,43,276,132779,0.15,0.001,59535,8,0.5
9682124,56,120,119484,0.05,0.001,95483,6,0.3
11166,23,516,49394,0.15,0.004,45839,8,0.7
2039124,33,396,87385,0.05,0.001,53513,5,0.7
13396468,40,312,172411,0.05,0.001,103113,5,0.7
2588655,37,348,77181,0.15,0.001,46841,9,0.5
8594772,32,408,233536,0.05,0.001,110976,5,0.7
134813168,47,228,293222,0.05,0.001,136087,7,0.3
16632573,52,168,94041,0.05,0.001,60049,5,0.3
197068,44,264,47378,0.15,0.004,44570,9,0.5
1912062,42,288,53420,0.15,0.001,35816,8,0.3
3045981,32,408,61010,0.15,0.004,34320,9,0.7
24137107,49,204,146908,0.05,0.001,74611,4,0.3
1618097,53,156,42606,0.3,0.004,39646,23,0.3
43222,26,480,34734,0.15,0.001,32628,8,0.5
1579752,34,384,75237,0.15,0.004,37444,8,0.5
4512618,52,168,61910,0.15,0.001,38614,9,0.5
40925,25,492,20000,0.15,0.001,14743,8,0.5
479808,37,348,49416,0.15,0.001,41727,6,0.5
723078,25,492,58281,0.05,0.001,26194,6,0.7
25004,24,504,68503,0.05,0.001,48155,7,0.3
6810351,55,132,44838,0.15,0.004,31840,6,0.5
0,22,528,62526,0.15,0.004,44893,6,0.3
52229,24,504,54001,0.05,0.001,24225,6,0.5
25269221,55,132,215248,0.15,0.004,143178,7,0.5
551127,47,228,20000,0.15,0.004,19881,6,0.7
10216518,47,228,167014,0.05,0.001,119016,7,0.5
7401917,45,252,70923,0.05,0.001,46004,5,0.5
29782309,48,216,300000,0.15,0.001,126160,9,0.7
1768398,37,348,60638,0.15,0.004,49856,9,0.5
139481987,57,108,267547,0.05,0.001,167379,6,0.3
874923,29,444,57921,0.3,0.008,41405,18,0.7
129408170,44,264,213246,0.05,0.001,90688,7,0.3
69742663,59,84,127948,0.15,0.001,78631,7,0.3
59250,25,492,36817,0.05,0.001,32658,7,0.3
746918,41,300,48651,0.15,0.004,39473,6,0.5
156294327,49,204,269688,0.05,0.001,169243,6,0.5
38664250,47,228,300000,0.05,0.001,148605,4,0.5
94161772,44,264,217902,0.05,0.001,85227,4,0.3
3124902,45,252,48253,0.05,0.001,42176,7,0.5
181106,25,492,65280,0.05,0.001,48789,6,0.5
119293,27,468,43158,0.15,0.004,34656,7,0.3
13784043,38,336,148292,0.05,0.001,65519,6,0.3
1566615,43,276,97872,0.3,0.004,66724,13,0.7
7097760,41,300,68785,0.15,0.004,47114,6,0.3
665687,26,480,59179,0.05,0.001,31447,4,0.7
36819538,59,84,159564,0.05,0.001,85134,4,0.3
14455299,57,108,66732,0.3,0.004,37393,19,0.3
14101211,55,132,111350,0.15,0.004,57673,6,0.3
5610651,41,300,69009,0.15,0.001,43366,7,0.5
5109366,37,348,121087,0.15,0.004,62358,8,0.7
823238,28,456,57861,0.15,0.001,38585,9,0.7
17883,24,504,35001,0.15,0.001,29060,9,0.3
715852,24,504,300000,0.15,0.001,185098,7,0.7
8142196,57,108,68540,0.3,0.008,42228,19,0.5
1625972,37,348,112807,0.05,0.001,76946,4,0.5
118328755,56,120,171922,0.05,0.001,76206,5,0.3
350865,39,324,32740,0.15,0.004,27310,8,0.7
3042076,38,336,54904,0.05,0.001,37644,4,0.5
0,22,528,34409,0.05,0.001,25056,7,0.7
1396997,27,468,177215,0.05,0.001,112044,5,0.5
7434946,36,360,130185,0.15,0.004,78398,9,0.7
154585796,53,156,201764,0.05,0.001,113323,6,0.3
8834080,47,228,84376,0.05,0.001,60448,6,0.5
21551389,48,216,300000,0.15,0.004,184298,7,0.5
155753,29,444,25374,0.15,0.004,20922,9,0.3
1898393,31,420,63008,0.15,0.004,43179,7,0.7
47848,26,480,38943,0.15,0.001,41326,7,0.3
2595705,40,312,56408,0.3,0.008,37981,21,0.5
28724449,56,120,143440,0.15,0.004,76378,8,0.3
8574400,41,300,91191,0.05,0.001,59505,4,0.5
91793544,59,84,126519,0.15,0.004,82990,6,0.3
1464818,33,396,62960,0.05,0.001,32119,4,0.7
575227,41,300,38925,0.3,0.008,35816,13,0.7
2219319,27,468,139676,0.05,0.001,82968,5,0.5
103049947,46,240,242208,0.05,0.001,100496,7,0.3
30656294,43,276,300000,0.15,0.004,133841,8,0.5
59223,26,480,49097,0.15,0.001,51536,6,0.5
473843,27,468,62074,0.05,0.001,42623,5,0.5
49761885,59,84,152272,0.05,0.001,85699,5,0.3
4131177,38,336,92165,0.05,0.001,61001,6,0.3
4804787,32,408,114483,0.05,0.001,72464,7,0.7
56861536,55,132,125045,0.15,0.004,47662,6,0.3
9852279,57,108,79506,0.15,0.004,50099,6,0.3
16549610,49,204,96468,0.15,0.004,67064,7,0.3
35415616,49,204,154383,0.05,0.001,98274,5,0.5
10405353,51,180,64476,0.3,0.008,41666,16,0.3
98466357,49,204,191126,0.05,0.001,102807,4,0.5
601556,26,480,79162,0.05,0.001,51635,5,0.5
13573507,45,252,81446,0.05,0.001,46659,7,0.7
119781979,54,144,180908,0.05,0.001,84602,6,0.5
2464558,37,348,58832,0.15,0.004,33313,6,0.5
741569,24,504,300000,0.05,0.001,167600,7,0.5
198466,37,348,49744,0.15,0.004,46078,6,0.5
16305389,54,144,118941,0.05,0.001,71336,5,0.3
42421120,40,312,300000,0.05,0.001,199072,6,0.5
4154233,32,408,71358,0.15,0.004,37152,7,0.5
377401,26,480,61388,0.15,0.001,42718,8,0.3
3257646,36,360,95732,0.05,0.001,59840,7,0.3
2736876,26,480,157718,0.05,0.001,92039,5,0.7
12350979,34,384,181307,0.05,0.001,118003,4,0.5
1175789,28,456,122013,0.05,0.001,93045,7,0.5
10858082,30,432,165089,0.05,0.001,82726,7,0.7
72838984,58,96,202183,0.05,0.001,74012,7,0.3
16001518,44,264,104226,0.15,0.004,64652,8,0.5
16873331,50,192,88388,0.05,0.001,48542,7,0.3
1783449,55,132,57174,0.15,0.004,46399,9,0.3
1549117,32,408,49731,0.15,0.001,40237,9,0.5
37964356,59,84,207962,0.05,0.001,96245,4,0.5
192797,32,408,24503,0.15,0.004,20318,9,0.5
2374306,27,468,103852,0.05,0.001,58447,5,0.5
128471,30,432,31769,0.3,0.008,27226,9,0.3
477621,34,384,25920,0.15,0.001,21383,8,0.3
5400669,52,168,61482,0.15,0.001,36018,7,0.3
9042921,42,288,108531,0.15,0.001,60754,9,0.5
545798,25,492,101795,0.15,0.004,72101,8,0.7
8147,23,516,20000,0.15,0.004,14577,8,0.3
4171814,44,264,99280,0.05,0.001,67430,4,0.7
288489,36,360,43918,0.15,0.004,39849,8,0.3
35728414,46,240,300000,0.15,0.004,157369,6,0.7
10959540,51,180,71952,0.15,0.004,41343,9,0.3
1753237,31,420,119239,0.05,0.001,61984,6,0.7
1444393,51,180,46196,0.15,0.001,45060,9,0.3
40919345,57,108,83629,0.15,0.001,53491,8,0.3
3713750,58,96,60538,0.15,0.004,34974,7,0.5
20653183,43,276,118081,0.05,0.001,55935,6,0.5
1046380,33,396,80651,0.3,0.008,55433,20,0.5
2190321,33,396,83842,0.15,0.001,46534,8,0.5
1228544,29,444,63484,0.05,0.001,46965,5,0.7
18183054,46,240,130689,0.05,0.001,55247,4,0.5
2209698,39,324,72206,0.15,0.004,45371,8,0.7
2534389,29,444,131275,0.15,0.001,71880,6,0.7
5225,24,504,20000,0.3,0.004,17980,19,0.7
10096533,38,336,89382,0.05,0.001,55142,5,0.5
0,22,528,58054,0.05,0.001,33214,4,0.5
224106,34,384,41967,0.15,0.001,38721,9,0.7
928195,35,372,108481,0.15,0.004,91484,9,0.7
45263928,55,132,300000,0.15,0.004,127241,7,0.3
13189,24,504,35074,0.15,0.001,30518,7,0.3
4835680,27,468,300000,0.05,0.001,141062,7,0.7
2750097,33,396,84613,0.15,0.004,55359,6,0.7
5889527,29,444,158746,0.05,0.001,101436,5,0.7
31086050,59,84,129578,0.15,0.004,70668,7,0.3
9610668,43,276,174528,0.05,0.001,122072,6,0.5
4778781,45,252,95780,0.15,0.004,50437,9,0.5
1450992,36,360,57840,0.15,0.004,42346,8,0.7
13860462,38,336,300000,0.15,0.004,136512,7,0.5
5565530,31,420,300000,0.05,0.001,215109,7,0.7
3202947,31,420,82564,0.3,0.004,47061,8,0.7
1868441,44,264,47121,0.15,0.004,48117,9,0.5
243814,49,204,24746,0.15,0.001,23343,6,0.5
12827742,47,228,151121,0.15,0.004,96581,6,0.5
16368534,58,96,93773,0.15,0.001,57619,6,0.3
1892275,57,108,40987,0.15,0.001,34029,7,0.3
3228439,37,348,87930,0.05,0.001,55595,6,0.3
7110032,51,180,67250,0.3,0.008,40605,15,0.3
17911443,45,252,300000,0.15,0.004,190880,9,0.5
383569,27,468,45752,0.05,0.001,35822,7,0.5
610919,25,492,79735,0.05,0.001,47295,6,0.7
1344550,46,240,44985,0.15,0.004,37397,9,0.3
34196060,58,96,99121,0.15,0.004,54233,8,0.3
117851483,59,84,180825,0.15,0.001,92774,7,0.3
1916325,45,252,47207,0.15,0.004,43405,7,0.5
473688,26,480,55242,0.15,0.004,31965,6,0.3
567352,25,492,92783,0.05,0.001,50266,4,0.7
10124850,48,216,140351,0.05,0.001,88637,7,0.3
3449758,43,276,107924,0.15,0.001,75068,9,0.5
72386996,49,204,155206,0.05,0.001,84933,7,0.7
307425,35,372,35547,0.15,0.004,27763,8,0.3
379676,42,288,27409,0.3,0.008,24456,10,0.5
3636679,25,492,300000,0.05,0.001,131718,4,0.5
2681135,54,144,30692,0.15,0.004,24960,7,0.3
4024243,52,168,107624,0.15,0.001,79098,8,0.3
0,22,528,90657,0.05,0.001,56843,4,0.5
7098731,30,432,300000,0.15,0.004,189811,8,0.7
583784,40,312,37409,0.3,0.008,31287,8,0.3
33985,23,516,55154,0.15,0.001,39850,9,0.3
0,22,528,43780,0.15,0.001,33000,8,0.5
4308432,33,396,93394,0.05,0.001,75998,5,0.5
1454606,25,492,155620,0.05,0.001,78919,7,0.7
13280364,32,408,300000,0.3,0.004,126295,23,0.7
131292947,51,180,218188,0.05,0.001,106780,7,0.3
10219163,47,228,116119,0.3,0.008,71403,22,0.5
480708,33,396,34054,0.15,0.001,22656,8,0.5
185959,31,420,32796,0.15,0.004,27049,9,0.5
1850095,58,96,39612,0.3,0.008,31534,8,0.3
1509088,39,324,77599,0.15,0.004,58735,9,0.3
2488027,46,240,43488,0.15,0.004,34150,6,0.5
2545328,43,276,53750,0.3,0.008,40670,10,0.7
2297357,37,348,52302,0.15,0.001,39603,9,0.5
3268,23,516,44087,0.3,0.008,49094,8,0.3
20523697,57,108,60251,0.15,0.004,35591,9,0.3
1112079,25,492,300000,0.15,0.004,156193,9,0.7
4630934,36,360,94375,0.15,0.004,50580,8,0.5
37359672,42,288,161712,0.15,0.004,89186,6,0.5
560183,36,360,33534,0.3,0.004,27586,12,0.5
5681604,51,180,87072,0.05,0.001,63986,4,0.3
7768382,42,288,153431,0.05,0.001,118113,5,0.5
4053558,58,96,43089,0.05,0.001,36455,7,0.3
785076,42,288,44934,0.15,0.001,35088,7,0.5
6502915,29,444,203186,0.05,0.001,127982,5,0.7
1132313,26,480,116357,0.15,0.004,64928,8,0.7
74636295,47,228,204907,0.15,0.004,89868,8,0.5
813953,51,180,25557,0.15,0.004,23006,6,0.5
24296,27,468,21206,0.3,0.008,20471,8,0.7
494176,25,492,90185,0.05,0.001,55926,5,0.5
1748374,41,300,35582,0.3,0.004,27556,15,0.3
0,22,528,47527,0.3,0.004,39574,14,0.5
4603576,34,384,114009,0.05,0.001,78303,6,0.7
20466204,55,132,86454,0.3,0.008,49189,19,0.3
85257,28,456,25799,0.15,0.001,23598,8,0.5
10048073,35,372,191105,0.05,0.001,62429,7,0.7
71376,23,516,57880,0.05,0.001,33197,6,0.5
47326021,55,132,81164,0.3,0.004,42178,15,0.3
1449671,29,444,115390,0.15,0.001,80442,6,0.7
26728230,57,108,149215,0.05,0.001,106880,6,0.3
66479,23,516,56287,0.15,0.001,26469,6,0.7
43845607,48,216,203906,0.05,0.001,75803,4,0.7
219754,35,372,49493,0.05,0.001,49840,7,0.3
164499,33,396,40167,0.3,0.008,39329,12,0.7
1859098,48,216,43133,0.3,0.008,36384,23,0.3
463191,32,408,35423,0.05,0.001,32014,7,0.5
46494939,47,228,300000,0.15,0.001,144029,6,0.3
14310540,50,192,85311,0.3,0.008,60391,20,0.3
4773727,41,300,99689,0.15,0.004,60093,6,0.5
61141,28,456,36024,0.3,0.008,34863,11,0.3
8039653,28,456,149176,0.05,0.001,81225,4,0.7
3541930,35,372,86768,0.05,0.001,50556,6,0.3
7993965,49,204,45082,0.3,0.008,33902,10,0.3
2074619,26,480,159588,0.05,0.001,69784,5,0.7
13445040,49,204,89229,0.05,0.001,44800,6,0.5
21032461,57,108,59106,0.15,0.001,41019,9,0.5
779732,35,372,85014,0.3,0.008,75572,14,0.5
1945853,52,168,29095,0.15,0.001,22953,6,0.3
1365870,27,468,57999,0.15,0.004,38185,7,0.7
1890217,28,456,121786,0.05,0.001,68881,7,0.7
8467687,36,360,300000,0.15,0.004,190073,8,0.3
6600647,42,288,113737,0.15,0.004,76326,9,0.5
10079196,37,348,163883,0.05,0.001,61548,5,0.5
3133298,34,384,75289,0.05,0.001,54527,4,0.7
10812489,55,132,63495,0.15,0.001,39218,6,0.3
56527191,37,348,300000,0.05,0.001,162781,6,0.7
28577221,49,204,185481,0.05,0.001,80700,7,0.5
21601580,54,144,86884,0.3,0.004,49135,14,0.3
8025559,47,228,41762,0.3,0.008,31026,20,0.3
121908,34,384,33617,0.15,0.004,31598,9,0.3
931421,28,456,53760,0.15,0.004,31964,6,0.7
2775968,34,384,59277,0.05,0.001,34741,5,0.7
10249236,43,276,300000,0.15,0.004,140125,8,0.5
24294930,48,216,244402,0.05,0.001,141515,6,0.5
516539,42,288,45143,0.15,0.001,48005,8,0.7
6210885,55,132,55444,0.15,0.004,45650,9,0.3
7752866,42,288,69564,0.15,0.001,36285,8,0.7
3532075,38,336,71778,0.15,0.001,54484,6,0.7
6894311,46,240,80821,0.15,0.001,55538,9,0.7
3094165,31,420,111537,0.15,0.001,63369,7,0.5
42073843,56,120,140628,0.05,0.001,71585,4,0.3
297572,25,492,69845,0.15,0.004,56044,7,0.3
1516321,39,324,54393,0.15,0.004,41275,7,0.5
887593,26,480,51450,0.05,0.001,34828,6,0.7
20968301,55,132,62530,0.15,0.004,36502,9,0.3
36470417,59,84,138100,0.15,0.004,75914,6,0.3
1135162,43,276,48569,0.15,0.001,39330,7,0.7
573221,32,408,82674,0.05,0.001,71673,4,0.7
2200774,41,300,54592,0.15,0.004,35753,8,0.5
1694864,43,276,33616,0.15,0.004,27801,8,0.5
291681,40,312,39985,0.3,0.004,36244,20,0.7
460399,32,408,36939,0.15,0.001,29090,9,0.5
1060599,25,492,141847,0.05,0.001,67137,5,0.7
564220,39,324,50702,0.3,0.008,30387,15,0.3
626074,32,408,49829,0.3,0.008,36592,20,0.7
1767589,55,132,20887,0.3,0.008,14795,23,0.3
587488,47,228,48101,0.15,0.004,49339,8,0.3
18112200,48,216,78739,0.05,0.001,47541,7,0.3
1090403,48,216,42716,0.15,0.004,38027,8,0.7
4213495,30,432,250859,0.05,0.001,148432,7,0.7
21890555,58,96,66052,0.05,0.001,47796,7,0.3
2470218,39,324,46870,0.15,0.001,36933,9,0.5
18151984,48,216,97652,0.05,0.001,53362,6,0.3
10849278,59,84,106310,0.15,0.004,83877,9,0.3
478504,27,468,55815,0.3,0.008,31305,15,0.5
0,22,528,115812,0.05,0.001,83546,7,0.5
80910,25,492,46466,0.05,0.001,43890,4,0.7
12666879,54,144,71731,0.15,0.004,52757,8,0.3
3623181,43,276,112881,0.05,0.001,94618,5,0.3
31976465,48,216,152196,0.15,0.004,98655,7,0.3
527390,33,396,44038,0.3,0.004,39774,14,0.7
143079,24,504,64256,0.05,0.001,40858,7,0.3
8910975,56,120,50359,0.05,0.001,29831,5,0.5
8172721,31,420,142520,0.05,0.001,63922,7,0.7
430854,36,360,38838,0.05,0.001,36213,4,0.7
14788318,33,396,300000,0.3,0.008,180555,21,0.5
113632610,48,216,231635,0.05,0.001,122730,7,0.5
628304,51,180,47083,0.15,0.004,43281,6,0.3
1139825,33,396,83164,0.15,0.001,60506,7,0.7
3292369,59,84,42189,0.15,0.004,35046,6,0.3
3390459,44,264,76044,0.05,0.001,50253,5,0.5
190866808,53,156,300000,0.05,0.001,134418,4,0.3
19835674,40,312,206125,0.05,0.001,91669,4,0.7
22084174,39,324,281006,0.05,0.001,189856,7,0.5
4564505,34,384,121945,0.05,0.001,51635,7,0.5
743292,40,312,42441,0.3,0.004,33356,8,0.3
4331797,32,408,97212,0.15,0.001,70289,6,0.7
254634,24,504,64420,0.05,0.001,42275,6,0.5
5339643,39,324,64243,0.15,0.004,40882,7,0.3
987007,30,432,51723,0.15,0.001,33861,8,0.5
2513172,34,384,70800,0.15,0.004,46163,9,0.5
516410,57,108,31937,0.15,0.004,30726,9,0.3
114679,30,432,37150,0.3,0.008,30346,22,0.5
2636810,31,420,85178,0.05,0.001,49036,6,0.7
9408225,51,180,66326,0.05,0.001,32362,6,0.3
21120612,45,252,57348,0.15,0.001,28684,6,0.5
727356,55,132,29417,0.15,0.004,25181,9,0.3
14618661,57,108,58982,0.15,0.001,42957,7,0.3
73366,23,516,50010,0.15,0.004,30196,9,0.3
43290855,44,264,140070,0.05,0.001,67987,5,0.7
41675669,40,312,159330,0.05,0.001,73732,7,0.3
78570571,41,300,397580,0.05,0.001,243407,6,0.3
410903,27,468,50863,0.05,0.001,32565,5,0.3
18013480,47,228,96223,0.05,0.001,68167,6,0.7
376102,30,432,36478,0.15,0.004,28665,8,0.3
90934,27,468,25136,0.15,0.004,19830,7,0.5
4484783,40,312,63078,0.15,0.001,36179,7,0.5
3789091,41,300,90789,0.15,0.001,67889,8,0.3
3395586,55,132,68285,0.3,0.004,50351,8,0.5
4202953,36,360,156695,0.05,0.001,98773,6,0.5
210032,28,456,23434,0.15,0.004,18114,6,0.7
23757665,50,192,206442,0.15,0.001,114960,8,0.7
347697,33,396,34196,0.3,0.004,27656,15,0.5
23092887,57,108,120821,0.15,0.004,57380,6,0.3
6969266,35,372,149724,0.05,0.001,76450,5,0.5
3816012,42,288,59476,0.15,0.004,33101,9,0.5
20922122,57,108,64672,0.15,0.004,35392,7,0.3
8286150,47,228,46972,0.15,0.001,34754,9,0.3
5465883,36,360,68364,0.15,0.001,41158,6,0.7
12224185,32,408,300000,0.05,0.001,199191,7,0.7
32199655,43,276,122487,0.15,0.004,52188,6,0.7
312504,49,204,20528,0.15,0.004,20003,9,0.7
2021974,34,384,76142,0.05,0.001,57210,4,0.7
0,22,528,101048,0.05,0.001,64971,7,0.5
699498,32,408,52916,0.15,0.001,34803,7,0.5
32215348,55,132,300000,0.15,0.004,205840,8,0.5
13605103,54,144,63335,0.15,0.004,45065,6,0.3
15011952,41,300,173089,0.05,0.001,91469,5,0.3
25898588,51,180,115087,0.15,0.004,75509,9,0.5
35178985,55,132,153594,0.15,0.004,89797,9,0.5
868629,26,480,57326,0.05,0.001,30528,5,0.7
4890661,31,420,66338,0.15,0.004,35121,8,0.7
7960483,55,132,70582,0.05,0.001,54001,6,0.3
5683232,43,276,94746,0.15,0.001,58767,6,0.7
1426077,55,132,25903,0.3,0.008,19749,20,0.5
44057372,56,120,146575,0.05,0.001,74331,5,0.3
413227,41,300,31858,0.3,0.008,26268,18,0.5
9041937,37,348,99027,0.05,0.001,51278,7,0.7
571611,38,336,39789,0.15,0.004,32496,7,0.3
2171931,40,312,83538,0.15,0.004,55815,9,0.5
18129367,56,120,77264,0.05,0.001,44523,6,0.5
119490367,51,180,281276,0.05,0.001,149602,6,0.3
3121342,43,276,48805,0.15,0.001,36334,8,0.3
42354,23,516,68566,0.15,0.001,40142,9,0.3
11504737,39,324,164529,0.05,0.001,91702,6,0.7
171140177,57,108,228710,0.05,0.001,123011,5,0.5
14378261,59,84,95614,0.3,0.004,65559,13,0.3
31714561,54,144,140848,0.15,0.004,86498,8,0.3
142326,39,324,20000,0.3,0.008,19175,17,0.3
6102982,58,96,55157,0.15,0.004,40101,7,0.3
16345526,59,84,109570,0.15,0.004,77824,7,0.3
2021227,34,384,63119,0.15,0.004,35325,7,0.7
10987219,56,120,54114,0.3,0.008,38538,16,0.3
92912527,53,156,182867,0.05,0.001,73984,4,0.3
2097881,34,384,114177,0.15,0.004,76671,6,0.5
221792,31,420,26197,0.15,0.004,22315,8,0.3
128315,24,504,72108,0.05,0.001,38517,4,0.5
824742,28,456,98553,0.05,0.001,76384,6,0.7
1848298,40,312,62517,0.15,0.004,44226,9,0.5
11504405,28,456,300000,0.15,0.004,206556,9,0.5
0,22,528,30981,0.3,0.008,26093,12,0.5
0,22,528,140496,0.15,0.001,76158,9,0.3
108289,25,492,37488,0.05,0.001,32484,5,0.5
182278,24,504,54993,0.15,0.001,38521,6,0.3
4011180,40,312,89591,0.05,0.001,61924,5,0.5
3077516,37,348,63615,0.15,0.004,37208,9,0.5
3675475,36,360,55682,0.15,0.001,39944,8,0.7
310906,30,432,40329,0.3,0.004,26096,18,0.5
12505687,57,108,80707,0.05,0.001,50537,5,0.5
794241,46,240,48791,0.3,0.008,47706,12,0.5
41240,27,468,31081,0.3,0.008,25561,8,0.3
5341725,40,312,163352,0.05,0.001,99681,7,0.3
229643,42,288,27468,0.15,0.004,26370,7,0.5
1815639,56,120,28593,0.15,0.001,25051,9,0.5
11233714,56,120,51639,0.3,0.008,30822,20,0.5
72701905,53,156,129995,0.15,0.001,60396,9,0.3
49625862,54,144,135289,0.05,0.001,76771,6,0.5
59415,34,384,26561,0.15,0.004,25569,6,0.5
7887158,47,228,94179,0.15,0.001,71329,7,0.7
5861591,37,348,99381,0.05,0.001,66495,6,0.3
248545,34,384,38481,0.3,0.008,29764,20,0.3
20428479,57,108,116826,0.05,0.001,77746,5,0.3
32193,27,468,36443,0.15,0.004,34851,9,0.3
6428130,51,180,58693,0.05,0.001,41142,4,0.3
0,22,528,33771,0.15,0.004,28767,9,0.5
143998,32,408,40904,0.15,0.004,38399,6,0.5
55178,24,504,56284,0.15,0.001,45235,7,0.5
3631016,29,444,84097,0.05,0.001,48144,6,0.7
26701612,57,108,113708,0.15,0.001,82813,7,0.3
109212055,56,120,192337,0.05,0.001,87988,6,0.5
9705087,43,276,96762,0.15,0.001,59117,6,0.3
8540046,34,384,300000,0.15,0.001,152643,8,0.5
8422437,57,108,77068,0.15,0.001,54994,9,0.5
25195411,46,240,170148,0.15,0.004,104314,7,0.3
6177107,34,384,192258,0.15,0.001,152540,6,0.5
2171983,31,420,77950,0.15,0.001,51018,6,0.7
5317489,57,108,50990,0.3,0.004,32431,17,0.5
8608305,44,264,97396,0.3,0.008,48945,19,0.5
7430637,31,420,300000,0.3,0.008,112554,9,0.7
12764239,53,156,66837,0.15,0.001,46932,9,0.3
933617,29,444,85687,0.15,0.004,62889,9,0.5
41801118,51,180,144829,0.05,0.001,77258,5,0.5
3859529,45,252,54631,0.05,0.001,32595,7,0.5
4612203,42,288,95439,0.05,0.001,59854,4,0.5
927317,30,432,104978,0.05,0.001,82969,7,0.7
27504122,52,168,115418,0.15,0.004,72655,8,0.3
943141,57,108,30880,0.15,0.001,28477,6,0.5
6404563,39,324,139867,0.15,0.004,57393,9,0.5
194819,32,408,44527,0.05,0.001,44715,6,0.5
38620224,53,156,136652,0.05,0.001,70333,6,0.5
8290755,34,384,245568,0.05,0.001,145186,6,0.7
174058414,52,168,300000,0.05,0.001,214294,6,0.5
2094670,50,192,43317,0.05,0.001,39448,7,0.3
404162,42,288,53129,0.3,0.008,33364,23,0.5
767487,48,216,45602,0.05,0.001,42387,7,0.3
4650197,59,84,90598,0.05,0.001,72918,5,0.5
4600929,58,96,29080,0.15,0.004,23352,9,0.5
12938274,42,288,82877,0.05,0.001,47361,6,0.5
10870979,43,276,138938,0.15,0.001,67042,7,0.5
2202869,59,84,38390,0.15,0.004,31686,6,0.5
48934,23,516,51344,0.05,0.001,37142,7,0.5
11775944,58,96,45619,0.15,0.004,32516,7,0.3
16263801,48,216,136575,0.05,0.001,79802,5,0.3
8161992,49,204,58598,0.15,0.001,40602,9,0.5
474598,25,492,82116,0.05,0.001,50645,4,0.5
103738,36,360,41562,0.15,0.001,44402,6,0.3
3879074,50,192,43358,0.3,0.004,38581,17,0.5
2616504,34,384,74568,0.3,0.008,46637,19,0.7
5191098,43,276,60323,0.15,0.004,38272,6,0.5
40758,23,516,56407,0.05,0.001,35326,5,0.5
1490456,38,336,66858,0.05,0.001,46552,5,0.5
5613647,46,240,92815,0.15,0.004,63178,8,0.5
5212459,34,384,115500,0.05,0.001,68371,5,0.7
4814609,26,480,165028,0.05,0.001,102088,7,0.5
1688378,36,360,77352,0.15,0.001,55141,9,0.5
88213698,46,240,276220,0.05,0.001,101891,6,0.7
113245950,49,204,179500,0.05,0.001,103571,6,0.5
20190979,54,144,96083,0.05,0.001,63454,7,0.3
33846429,39,324,209701,0.05,0.001,93964,6,0.3
2265808,48,216,54437,0.3,0.004,33729,19,0.5
248349,29,444,54515,0.15,0.004,46754,9,0.5
2064758,55,132,29397,0.15,0.001,24183,9,0.3
5037243,35,372,102549,0.15,0.004,68519,8,0.5
26554755,59,84,74200,0.15,0.004,45238,9,0.3
13830633,38,336,147387,0.15,0.001,79212,8,0.3
7810989,32,408,141098,0.05,0.001,84360,4,0.7
2216801,39,324,55169,0.3,0.004,30012,12,0.3
4661,23,516,40377,0.15,0.001,42114,7,0.5
2334363,50,192,57339,0.3,0.004,41063,21,0.5
2267598,33,396,105907,0.3,0.008,75372,15,0.5
17571846,44,264,147146,0.15,0.001,81197,9,0.5
225819,33,396,74043,0.05,0.001,67002,7,0.7
13961553,39,324,300000,0.15,0.001,178063,9,0.5
4550575,36,360,115484,0.15,0.004,79242,6,0.5
9076568,42,288,88405,0.05,0.001,52778,5,0.5
1088421,34,384,51294,0.15,0.004,36988,6,0.5
201658,36,360,44075,0.15,0.004,42571,8,0.7
1531981,56,120,47527,0.15,0.004,45940,9,0.3
105018303,59,84,290746,0.05,0.001,172633,6,0.3
5066051,39,324,71965,0.05,0.001,46957,7,0.5
7582,24,504,24093,0.3,0.004,23053,8,0.3
968264,45,252,34600,0.3,0.004,29665,8,0.3
100824874,47,228,217471,0.05,0.001,137527,5,0.7
6357404,46,240,67699,0.05,0.001,42699,6,0.7
22738370,52,168,166943,0.3,0.004,96750,21,0.5
23645863,59,84,80097,0.15,0.004,53455,8,0.5
150573759,59,84,142402,0.15,0.004,67879,6,0.3
80398,34,384,34905,0.3,0.008,32761,8,0.7
2732582,28,456,300000,0.3,0.004,177461,17,0.7
13791358,45,252,141608,0.05,0.001,72516,4,0.3
11370196,53,156,54610,0.15,0.001,36944,7,0.3
14724129,52,168,178207,0.05,0.001,126307,4,0.3
98907896,51,180,300000,0.3,0.004,199537,17,0.5
10405814,33,396,300000,0.15,0.004,133149,6,0.7
235409,43,276,49521,0.3,0.008,48146,23,0.3
18063366,50,192,95960,0.3,0.008,75202,12,0.3
3448230,46,240,76811,0.15,0.004,49882,7,0.3
71402770,59,84,123237,0.05,0.001,61035,4,0.3
20896101,52,168,116295,0.15,0.001,63291,9,0.5
47669283,48,216,300000,0.3,0.008,135254,21,0.5
16335811,56,120,51046,0.15,0.004,29467,9,0.3
942163,29,444,46575,0.15,0.004,36221,9,0.5
961573,26,480,111460,0.15,0.001,68339,7,0.7
3081881,47,228,93252,0.05,0.001,77718,7,0.3
4665147,56,120,71303,0.3,0.008,50922,8,0.5
3694821,44,264,76232,0.05,0.001,43612,5,0.5
3301,23,516,46713,0.3,0.008,42271,8,0.5
19324268,55,132,95135,0.15,0.001,64606,7,0.3
7666,24,504,35668,0.15,0.004,32566,9,0.7
7600189,50,192,69022,0.15,0.004,40255,8,0.3
7875132,44,264,60534,0.15,0.004,33674,7,0.5
9031615,42,288,82963,0.15,0.001,56063,9,0.3
52375,24,504,44085,0.15,0.001,36644,8,0.3
2928277,31,420,75811,0.05,0.001,55157,5,0.7
20042700,40,312,213633,0.05,0.001,103155,5,0.7
15187103,57,108,106474,0.05,0.001,69824,4,0.3
949232,44,264,92730,0.15,0.004,76645,8,0.7
13929702,48,216,127342,0.05,0.001,62088,4,0.7
872479,37,348,22431,0.15,0.001,15484,9,0.5
18829762,34,384,147917,0.05,0.001,98802,4,0.5
9685497,47,228,111265,0.15,0.001,81504,9,0.5
9919806,51,180,108783,0.15,0.004,72184,9,0.3
5675491,35,372,120820,0.05,0.001,71899,4,0.7
80000,26,480,26328,0.3,0.008,22415,8,0.5
876205,34,384,57419,0.15,0.004,34465,9,0.5
2596367,39,324,84299,0.05,0.001,49670,6,0.7
17669704,49,204,93410,0.05,0.001,46941,6,0.7
16001565,54,144,69418,0.15,0.001,46504,6,0.3
507399,26,480,52088,0.15,0.004,33467,6,0.5
37085,33,396,22489,0.15,0.001,21298,8,0.5
10891982,34,384,300000,0.15,0.001,148336,7,0.7
901312,29,444,57518,0.05,0.001,38540,4,0.7
2729519,29,444,300000,0.3,0.008,173506,22,0.5
180307368,58,96,300000,0.05,0.001,118348,5,0.3
57043,32,408,22688,0.3,0.004,21725,9,0.5
1736381,27,468,162858,0.05,0.001,94437,6,0.5
12938257,53,156,78768,0.15,0.004,50566,6,0.3
3386664,59,84,43493,0.3,0.008,35349,18,0.3
2143177,50,192,36041,0.15,0.004,27781,9,0.5
26124272,57,108,100420,0.15,0.004,73530,9,0.5
1532034,38,336,87240,0.15,0.004,56262,7,0.5
575236,31,420,58637,0.15,0.001,39460,7,0.7
157624778,52,168,300000,0.05,0.001,176692,4,0.3
10035985,54,144,83855,0.05,0.001,63752,6,0.3
13202775,50,192,148146,0.05,0.001,97490,6,0.7
177855,24,504,92686,0.05,0.001,55906,4,0.5
2839637,41,300,50888,0.15,0.001,35884,7,0.3
101993828,57,108,177593,0.15,0.001,102413,6,0.5
2324159,30,432,89314,0.05,0.001,58938,4,0.7
3600581,45,252,76417,0.3,0.004,53832,13,0.3
5056127,42,288,62065,0.15,0.004,39990,7,0.5
63097,38,336,32048,0.15,0.001,43391,8,0.7
10293220,53,156,95438,0.15,0.004,68702,6,0.3
288348,32,408,28102,0.3,0.004,24702,17,0.3
282921,25,492,72840,0.05,0.001,49291,6,0.5
119261,28,456,20000,0.15,0.004,15819,7,0.5
194922,27,468,47570,0.15,0.004,37100,7,0.5
745795,36,360,40724,0.15,0.001,34170,6,0.5
13628224,36,360,140555,0.15,0.004,66591,6,0.7
241004,31,420,47221,0.15,0.004,44518,9,0.7
2640851,29,444,107783,0.05,0.001,68636,4,0.7
143101,28,456,43711,0.15,0.001,43379,6,0.3
581179,32,408,54902,0.05,0.001,37046,5,0.7
40336,26,480,33580,0.3,0.008,31323,16,0.5
27760791,53,156,122780,0.15,0.001,73984,9,0.3
1724639,25,492,114876,0.15,0.001,69693,6,0.7
46192,30,432,35111,0.3,0.004,33358,18,0.5
1690359,37,348,57935,0.15,0.001,40812,6,0.3
30122678,38,336,216267,0.05,0.001,105678,7,0.5
6737717,34,384,300000,0.3,0.004,208000,13,0.5
968790,26,480,110773,0.05,0.001,77670,6,0.5
198471055,58,96,248427,0.05,0.001,142672,5,0.5
1311756,42,288,47037,0.3,0.008,35720,12,0.5
93046,40,312,27280,0.3,0.008,27578,21,0.3
460517,27,468,89440,0.05,0.001,68837,7,0.5
45511,24,504,51329,0.15,0.004,39426,7,0.5
6302778,51,180,68746,0.15,0.004,45718,7,0.3
6930740,38,336,69918,0.15,0.004,38300,6,0.7
13000410,59,84,67387,0.3,0.004,35537,23,0.3
101778517,52,168,196980,0.05,0.001,102176,7,0.5
2424939,48,216,47862,0.15,0.004,42590,9,0.5
1550999,28,456,57643,0.05,0.001,26225,7,0.7
23873672,53,156,203786,0.05,0.001,111215,7,0.3
3088615,45,252,38947,0.15,0.001,27828,6,0.3
193118,27,468,48467,0.15,0.001,39277,6,0.5
157213,35,372,34091,0.3,0.008,30979,18,0.5
6436655,49,204,97954,0.05,0.001,74782,6,0.5
14186868,42,288,74691,0.05,0.001,44735,7,0.5
1284897,39,324,46822,0.15,0.001,40483,9,0.7
531636,29,444,31918,0.15,0.004,23114,9,0.5
287278,25,492,85300,0.15,0.001,56235,6,0.5
3226303,37,348,74005,0.15,0.001,40763,9,0.5
12404739,45,252,112224,0.05,0.001,77631,4,0.7
4350929,39,324,178715,0.05,0.001,137419,6,0.5
28549356,45,252,122946,0.15,0.004,55302,8,0.5
1090432,32,408,76953,0.05,0.001,43637,4,0.7
12454822,53,156,58665,0.15,0.001,32206,6,0.3
16710,25,492,37940,0.15,0.004,36139,9,0.5
10817649,41,300,300000,0.3,0.008,189273,17,0.5
34822,28,456,21358,0.05,0.001,19578,4,0.5
23364051,55,132,105048,0.3,0.008,78094,9,0.3
262113,41,300,36451,0.15,0.004,34128,6,0.5
16613116,57,108,70433,0.3,0.008,46094,8,0.3
13256300,40,312,300000,0.05,0.001,192645,7,0.5
170471,25,492,80010,0.05,0.001,61110,7,0.7
1888377,39,324,65212,0.15,0.004,45254,9,0.5
7518511,43,276,86900,0.05,0.001,56598,7,0.3
3035318,54,144,48556,0.15,0.004,38843,6,0.5
1797002,46,240,42300,0.15,0.001,37121,7,0.3
724139,55,132,39270,0.3,0.008,31654,8,0.3
36514,27,468,24098,0.15,0.004,22370,9,0.3
18449606,41,300,142300,0.05,0.001,58774,7,0.3
4818389,51,180,84745,0.15,0.004,65249,8,0.5
1116968,30,432,70517,0.15,0.004,46308,7,0.7
24826,24,504,20000,0.3,0.008,16269,18,0.5
450618,24,504,300000,0.15,0.001,159644,7,0.3
4562141,43,276,141514,0.15,0.004,64653,6,0.3
18874378,45,252,202616,0.05,0.001,110212,7,0.7
1855137,30,432,50335,0.05,0.001,30259,7,0.5
453975,25,492,71592,0.15,0.004,53784,6,0.5
126257916,59,84,300000,0.05,0.001,149197,6,0.5
313334,27,468,73258,0.15,0.004,61890,7,0.5
149994276,56,120,226079,0.05,0.001,85556,7,0.5
2310465,34,384,79531,0.15,0.001,44854,9,0.5
1109707,44,264,41553,0.15,0.001,38521,9,0.5
0,22,528,84945,0.05,0.001,50554,4,0.5
3349503,35,372,92586,0.15,0.001,55964,8,0.5
29811677,46,240,53908,0.15,0.004,33398,7,0.3
2495369,43,276,94416,0.15,0.001,68397,9,0.3
9067968,35,372,300000,0.15,0.001,129294,9,0.5
11096486,59,84,58566,0.15,0.004,40121,6,0.5
82538575,50,192,129754,0.05,0.001,52072,4,0.7
419666,34,384,101644,0.15,0.004,68635,7,0.5
197306,43,276,22480,0.15,0.001,21564,8,0.5
3127963,30,432,61846,0.15,0.004,36551,9,0.7
7729215,34,384,127980,0.05,0.001,59381,4,0.7
167254,42,288,31268,0.3,0.004,30997,18,0.5
1159213,32,408,53885,0.15,0.001,32446,7,0.7
1847735,35,372,51370,0.3,0.008,38462,15,0.5
1297468,28,456,63998,0.15,0.004,38570,9,0.5
6711019,48,216,73002,0.15,0.001,42879,9,0.5
22429158,54,144,106174,0.15,0.004,68255,8,0.5
4417622,42,288,80045,0.05,0.001,45881,5,0.7
763513,48,216,30396,0.3,0.004,26727,12,0.5
101716457,56,120,141645,0.05,0.001,53148,7,0.3
130654818,53,156,161112,0.15,0.004,80355,7,0.3
9156320,33,396,172204,0.05,0.001,92395,4,0.7
1283196,31,420,52835,0.15,0.004,34951,6,0.7
4076122,58,96,67853,0.3,0.004,42343,11,0.3
3574933,57,108,39228,0.15,0.004,30340,6,0.5
1367858,39,324,49616,0.05,0.001,44989,5,0.7
28767256,45,252,114992,0.05,0.001,73232,7,0.5
8340122,46,240,89227,0.05,0.001,62312,6,0.3
45990,30,432,42238,0.15,0.001,44026,7,0.5
347256,30,432,39325,0.15,0.004,29903,9,0.7
18980502,47,228,112602,0.05,0.001,71942,7,0.3
152450,36,360,23512,0.15,0.004,22045,6,0.3
46949715,57,108,104719,0.15,0.001,66813,8,0.3
83207,25,492,40270,0.3,0.004,33367,19,0.7
5035496,33,396,85817,0.05,0.001,64006,5,0.7
0,22,528,51142,0.15,0.001,40553,9,0.5
1380489,26,480,125345,0.15,0.004,65371,6,0.7
12409955,46,240,137894,0.05,0.001,82908,4,0.3
1747371,45,252,67304,0.15,0.001,50346,8,0.5
4217005,41,300,69154,0.15,0.001,43508,9,0.5
1771140,28,456,75057,0.05,0.001,38376,6,0.7
393058,40,312,32789,0.3,0.008,28619,13,0.5
38879911,48,216,171903,0.05,0.001,120761,5,0.5
63685264,59,84,133469,0.15,0.001,53150,7,0.3
29417656,41,300,145708,0.15,0.001,64478,7,0.3
1990270,33,396,123817,0.15,0.001,78760,7,0.7
2611008,57,108,46306,0.15,0.004,40296,7,0.3
104026136,57,108,262385,0.05,0.001,114675,5,0.5
364947,25,492,63150,0.05,0.001,35850,4,0.3
1745436,49,204,50758,0.3,0.004,31066,21,0.7
34799315,52,168,88757,0.05,0.001,52604,7,0.3
11586352,43,276,109953,0.05,0.001,71607,4,0.7
569217,36,360,46429,0.15,0.004,41495,6,0.3
6316561,31,420,121784,0.05,0.001,56120,4,0.7
78693008,54,144,145979,0.15,0.004,83988,8,0.3
2361188,25,492,187053,0.05,0.001,119216,6,0.7
8428867,36,360,72374,0.05,0.001,48656,4,0.7
149700657,57,108,130009,0.15,0.004,55871,8,0.3
4385011,55,132,33851,0.3,0.004,28462,18,0.3
5344072,55,132,69130,0.15,0.004,35972,8,0.3
132820,23,516,113149,0.05,0.001,63144,7,0.5
3883187,42,288,81657,0.05,0.001,59705,7,0.7
1995658,26,480,96049,0.05,0.001,51074,7,0.5
38503325,46,240,202622,0.05,0.001,96478,7,0.3
15089906,46,240,119731,0.15,0.001,84872,8,0.5
868704,46,240,34460,0.15,0.001,34710,7,0.5
101401296,57,108,233210,0.05,0.001,98233,6,0.5
13620065,38,336,123337,0.05,0.001,78184,6,0.7
469878,38,336,39317,0.3,0.004,38073,8,0.3
10511015,55,132,53799,0.15,0.004,34046,9,0.3
23763696,48,216,80175,0.15,0.001,43088,8,0.5
14508999,51,180,174070,0.15,0.001,71533,7,0.3
1298368,30,432,84665,0.05,0.001,57813,4,0.7
266819,25,492,98777,0.15,0.001,70025,6,0.5
7409864,50,192,90124,0.05,0.001,67108,5,0.5
7802988,58,96,60388,0.3,0.004,38838,8,0.3
5163804,45,252,39395,0.15,0.004,23348,7,0.5
1793938,32,408,93173,0.05,0.001,65194,6,0.7
25420524,31,420,300000,0.05,0.001,136692,5,0.7
908176,30,432,67801,0.15,0.001,38688,7,0.5
20746035,52,168,95094,0.15,0.004,55691,6,0.5
33872357,42,288,158847,0.05,0.001,89539,4,0.7
34057518,50,192,345255,0.05,0.001,195261,5,0.3
7408725,42,288,96206,0.05,0.001,63326,5,0.5
2593191,40,312,53925,0.15,0.001,31657,6,0.5
14634545,47,228,120127,0.05,0.001,69894,5,0.5
15160995,37,348,107393,0.05,0.001,67231,5,0.5
11446871,46,240,143993,0.05,0.001,60057,5,0.3
4230920,28,456,125656,0.05,0.001,67910,7,0.5
142897701,56,120,300000,0.05,0.001,161625,5,0.5
49760773,54,144,300000,0.3,0.008,169088,16,0.5
115684183,49,204,256871,0.05,0.001,100134,4,0.5
2916534,35,372,69799,0.15,0.004,41707,6,0.7
750061,33,396,40968,0.15,0.004,31130,9,0.7
4017785,27,468,161090,0.05,0.001,100487,7,0.7
1107989,43,276,39658,0.15,0.004,32089,8,0.3
3089913,53,156,41970,0.15,0.004,36697,7,0.5
9946105,38,336,64552,0.05,0.001,41902,5,0.5
310173,29,444,33541,0.15,0.004,25209,7,0.5
5624262,31,420,199339,0.15,0.004,104226,6,0.7
5124910,48,216,76875,0.15,0.004,53734,7,0.5
15788199,57,108,57106,0.15,0.004,35951,7,0.5
66037,27,468,25214,0.15,0.004,20512,8,0.7
1865534,31,420,54373,0.05,0.001,39164,4,0.7
91028166,58,96,232552,0.05,0.001,106761,4,0.3
822963,42,288,33511,0.3,0.008,29630,18,0.7
6220610,50,192,53957,0.3,0.004,33396,23,0.3
722251,26,480,50426,0.15,0.004,29688,8,0.7
23428320,59,84,79758,0.05,0.001,47950,4,0.3
16095998,56,120,56784,0.15,0.004,30010,9,0.3
13763439,53,156,62557,0.05,0.001,38579,7,0.5
7293053,34,384,115470,0.05,0.001,78215,6,0.7
1350788,38,336,106990,0.05,0.001,66949,5,0.7
489918,41,300,33720,0.3,0.008,30165,17,0.5
7978439,50,192,119038,0.15,0.001,76739,8,0.7
8920791,38,336,75223,0.05,0.001,43723,6,0.5
19836130,36,360,294775,0.05,0.001,136621,6,0.3
9835341,41,300,82046,0.15,0.004,59851,9,0.5
24686489,34,384,298535,0.05,0.001,188434,4,0.5
35357279,54,144,300000,0.15,0.004,198056,7,0.3
137367619,54,144,300000,0.15,0.004,139832,9,0.5
4353981,51,180,63462,0.15,0.004,41612,7,0.3
661992,30,432,38315,0.15,0.004,30964,6,0.7
29577224,51,180,168127,0.05,0.001,86158,7,0.3
2956970,44,264,64937,0.3,0.004,37088,10,0.5
37616220,47,228,140756,0.05,0.001,61960,4,0.5
13361578,57,108,77347,0.15,0.004,49548,7,0.5
4288987,51,180,65930,0.05,0.001,44038,5,0.5
456159,38,336,41927,0.3,0.004,42699,23,0.3
0,22,528,20000,0.15,0.004,18271,8,0.3
1312199,48,216,37802,0.3,0.004,30464,15,0.3
3019035,32,408,79349,0.05,0.001,49965,6,0.5
5405817,44,264,69768,0.05,0.001,36669,6,0.3
346839,59,84,25823,0.15,0.004,27750,9,0.3
89585822,50,192,184785,0.05,0.001,73015,4,0.5
1991091,48,216,36197,0.3,0.008,28811,9,0.5
152864,30,432,46063,0.15,0.004,40180,9,0.7
461528,27,468,77535,0.15,0.004,52189,7,0.3
147025702,59,84,300000,0.15,0.004,182630,9,0.3
109077319,46,240,151521,0.05,0.001,63499,5,0.5
15330491,56,120,91370,0.05,0.001,60635,5,0.3
5660,24,504,20000,0.15,0.004,16199,9,0.3
8523981,46,240,79119,0.15,0.004,57031,6,0.5
2343144,28,456,93122,0.05,0.001,61853,6,0.7
1090964,40,312,48474,0.15,0.004,41845,7,0.5
884017,35,372,56074,0.15,0.004,36655,7,0.3
6699559,40,312,141619,0.15,0.001,79534,6,0.7
890097,35,372,85690,0.05,0.001,73649,4,0.5
4498020,41,300,103219,0.05,0.001,69262,6,0.7
760695,39,324,48118,0.15,0.001,41595,8,0.5
803395,48,216,20100,0.3,0.004,17356,15,0.7
10487021,30,432,300000,0.05,0.001,141983,7,0.7
1445416,44,264,45266,0.15,0.004,34509,8,0.7
141394,34,384,24527,0.15,0.004,26217,8,0.5
3671524,42,288,45330,0.3,0.004,29025,21,0.7
5562420,51,180,93379,0.15,0.004,64463,8,0.3
678634,28,456,46521,0.05,0.001,35005,5,0.5
509637,27,468,53747,0.15,0.004,37005,9,0.7
137881,24,504,63306,0.15,0.004,44429,8,0.5
45053181,46,240,133899,0.05,0.001,63129,7,0.7
4284325,40,312,65617,0.15,0.004,48778,7,0.5
377038,38,336,30678,0.3,0.004,29475,16,0.7
1896185,40,312,96239,0.15,0.001,72763,8,0.5
112853709,56,120,148279,0.05,0.001,80428,4,0.3
14668928,58,96,101983,0.3,0.004,78540,11,0.3
8484955,33,396,179958,0.05,0.001,85726,4,0.7
4645580,52,168,26477,0.15,0.001,20602,7,0.3
9713820,53,156,88716,0.3,0.008,55432,11,0.3
2379791,26,480,107696,0.05,0.001,57164,7,0.7
4469689,34,384,184272,0.05,0.001,71657,7,0.7
367852,26,480,46781,0.05,0.001,38165,4,0.5
38308313,56,120,167799,0.15,0.001,82765,6,0.5
4164,23,516,28730,0.15,0.001,26612,7,0.7
0,22,528,75060,0.05,0.001,43279,4,0.3
4983009,44,264,71136,0.05,0.001,38405,5,0.7
555832,40,312,44242,0.15,0.004,41948,9,0.3
555392,41,300,26437,0.15,0.001,24309,8,0.3
17420242,42,288,165278,0.05,0.001,99497,4,0.3
15504955,58,96,58726,0.15,0.004,34265,9,0.5
1545519,36,360,28628,0.3,0.008,22192,20,0.5
5170098,49,204,118630,0.15,0.004,74858,7,0.5
14829086,55,132,93797,0.05,0.001,64036,6,0.3
1371959,31,420,94170,0.15,0.004,64725,7,0.5
39373068,49,204,300000,0.15,0.004,160170,8,0.5
141265,25,492,47075,0.15,0.004,36021,9,0.5
9037501,58,96,78317,0.3,0.004,50749,15,0.3
5249960,39,324,114984,0.05,0.001,79602,4,0.5
1316907,58,96,47468,0.15,0.004,38382,8,0.3
1033598,33,396,49313,0.15,0.001,36266,8,0.7
25159390,53,156,260489,0.15,0.004,159183,7,0.3
15272,26,480,22944,0.15,0.004,21862,9,0.3
97831321,55,132,101093,0.05,0.001,72219,6,0.3
4535649,48,216,66127,0.3,0.004,42475,11,0.7
2050612,31,420,132661,0.05,0.001,71639,6,0.5
25185394,45,252,199694,0.15,0.004,121317,6,0.5
9592493,49,204,67255,0.15,0.004,45529,8,0.5
7296666,45,252,53130,0.05,0.001,28334,6,0.5
8408805,41,300,112231,0.15,0.004,65691,6,0.5
1288816,31,420,110257,0.05,0.001,82371,7,0.7
379231,34,384,38068,0.3,0.004,31310,13,0.7
7046291,41,300,81557,0.05,0.001,49518,7,0.5
1798938,35,372,54651,0.15,0.004,37246,7,0.7
1572445,38,336,39260,0.3,0.004,32470,17,0.3
44827518,51,180,119038,0.05,0.001,78414,5,0.3
1148658,36,360,46448,0.05,0.001,32138,4,0.7
1905918,54,144,29491,0.15,0.004,23229,9,0.3
4305640,34,384,80206,0.15,0.001,42324,8,0.5
23499218,43,276,234299,0.05,0.001,107125,7,0.5
7049870,36,360,92546,0.05,0.001,54030,5,0.5
797076,47,228,42038,0.15,0.001,37243,9,0.3
149921386,53,156,135190,0.05,0.001,80449,7,0.3
7195087,49,204,92401,0.05,0.001,66151,4,0.3
32055029,55,132,131886,0.05,0.001,81067,6,0.5
16922211,36,360,300000,0.15,0.001,167783,8,0.5
805419,48,216,37639,0.15,0.004,33365,9,0.3
0,22,528,30386,0.05,0.001,21984,5,0.7
137137984,47,228,243263,0.05,0.001,115573,7,0.5
1297631,59,84,41972,0.15,0.004,37002,7,0.3
4799893,45,252,62311,0.15,0.004,38367,7,0.7
4276438,53,156,43459,0.15,0.004,38124,6,0.3
10206592,50,192,52305,0.05,0.001,28715,4,0.5
11347861,39,324,189868,0.05,0.001,90140,7,0.5
265924,35,372,41426,0.3,0.004,42035,20,0.5
61357203,55,132,124368,0.05,0.001,79280,4,0.5
13957306,52,168,139783,0.15,0.004,67714,9,0.3
6921735,45,252,94899,0.15,0.004,75247,7,0.3
181978,47,228,27960,0.15,0.004,25626,8,0.5
1385055,45,252,39008,0.15,0.004,28471,7,0.7
47431093,52,168,184975,0.05,0.001,61998,7,0.3
338747,30,432,31587,0.15,0.001,25115,7,0.3
29529552,42,288,262959,0.05,0.001,137686,7,0.5
0,22,528,29325,0.15,0.004,23746,6,0.7
2597482,35,372,61452,0.15,0.004,30171,8,0.5
5211951,35,372,101182,0.05,0.001,56619,5,0.7
22930131,46,240,120320,0.05,0.001,61518,4,0.5
12574146,52,168,70202,0.3,0.004,42972,11,0.5
5357813,43,276,77142,0.05,0.001,53120,5,0.5
7940521,45,252,92519,0.15,0.004,60928,8,0.7
718761,32,408,43254,0.3,0.008,34511,23,0.7
6885552,43,276,72369,0.05,0.001,49247,4,0.3
608112,43,276,34792,0.15,0.004,30507,7,0.5
1004671,36,360,71245,0.15,0.004,61460,8,0.5
8002455,40,312,120681,0.15,0.004,57460,7,0.5
37098127,52,168,268114,0.05,0.001,191044,6,0.3
15922737,38,336,153540,0.05,0.001,78525,4,0.5
1194353,31,420,61402,0.15,0.004,42351,6,0.5
13902383,41,300,300000,0.3,0.008,117444,20,0.5
135755,34,384,32611,0.15,0.001,26514,7,0.5
161880350,55,132,300000,0.15,0.004,148788,7,0.3
28148628,51,180,300000,0.15,0.004,149315,9,0.3
6442176,58,96,45245,0.3,0.008,32528,15,0.3
738153,28,456,54397,0.15,0.001,41005,9,0.7
3955854,58,96,94777,0.15,0.004,63728,7,0.5
8716356,43,276,77234,0.05,0.001,41080,4,0.7
10635927,54,144,88806,0.15,0.004,60725,8,0.3
97446395,59,84,300000,0.05,0.001,196044,5,0.3
57958,30,432,25476,0.15,0.001,23299,8,0.7
5540142,37,348,85463,0.15,0.001,52519,6,0.3
79129,44,264,48878,0.15,0.001,47662,8,0.5
488892,40,312,42892,0.15,0.001,39283,9,0.5
5119285,32,408,300000,0.15,0.004,163728,8,0.5
12743688,51,180,50428,0.15,0.001,26882,7,0.5
6727,23,516,48558,0.05,0.001,51128,6,0.5
30141547,47,228,300000,0.15,0.004,161762,7,0.5
3143384,45,252,95739,0.05,0.001,60774,4,0.5
4457552,45,252,58597,0.3,0.008,33567,13,0.5
113339,23,516,74610,0.15,0.004,38658,8,0.7
1150695,30,432,90242,0.05,0.001,57101,6,0.7
74037,29,444,37212,0.15,0.004,35098,6,0.3
821708,55,132,45984,0.15,0.001,46314,6,0.3
11627980,47,228,130793,0.15,0.004,79651,9,0.5
73833,24,504,61314,0.15,0.001,39938,7,0.5
80803718,57,108,98361,0.3,0.004,53354,17,0.3
17349828,41,300,167551,0.05,0.001,117003,5,0.7
8443267,44,264,63239,0.05,0.001,40530,5,0.7
35177497,57,108,101298,0.05,0.001,76537,4,0.3
1533581,31,420,61628,0.15,0.004,47257,6,0.7
1668506,43,276,36185,0.15,0.001,28811,8,0.3
1056743,33,396,52874,0.3,0.004,31352,22,0.5
518577,30,432,81952,0.05,0.001,67952,6,0.7
388494,26,480,55471,0.15,0.004,37146,7,0.3
1964631,27,468,139084,0.05,0.001,80302,7,0.7
11825260,40,312,160673,0.05,0.001,65073,4,0.5
26120,23,516,66058,0.05,0.001,56160,7,0.3
1344527,35,372,39869,0.3,0.004,29471,16,0.5
3714942,41,300,58746,0.05,0.001,34912,5,0.5
2714558,55,132,26693,0.15,0.001,23346,7,0.5
1263894,34,384,42384,0.15,0.001,33904,7,0.5
134534,23,516,57254,0.15,0.001,30678,9,0.7
2171337,34,384,56389,0.15,0.001,37815,7,0.7
6663,23,516,20000,0.15,0.001,17567,6,0.5
5033398,49,204,69822,0.3,0.004,46623,10,0.3
263611,27,468,40570,0.15,0.001,31392,8,0.5
321991,27,468,46925,0.15,0.004,39069,8,0.3
488317,45,252,44135,0.05,0.001,39226,6,0.3
108944640,58,96,300000,0.15,0.001,119953,7,0.3
14713531,43,276,111219,0.15,0.004,54381,7,0.7
6836479,35,372,300000,0.05,0.001,176147,5,0.3
131990854,58,96,300000,0.05,0.001,156543,6,0.3
1613925,39,324,59268,0.3,0.004,40999,17,0.5
2311181,50,192,50028,0.15,0.001,28700,6,0.5
555287,31,420,42422,0.15,0.004,33273,9,0.7
7076702,42,288,133230,0.15,0.004,78493,6,0.3
21643603,46,240,300000,0.15,0.001,141025,7,0.7
23997475,40,312,300000,0.15,0.001,133029,9,0.3
20128622,34,384,128494,0.05,0.001,54480,4,0.5
7701,23,516,20000,0.15,0.004,17081,9,0.5
4904149,47,228,108343,0.05,0.001,95776,5,0.7
111656,30,432,22112,0.15,0.004,19280,6,0.5
6013866,53,156,98885,0.15,0.004,77967,9,0.5
366617,24,504,208986,0.05,0.001,137240,6,0.3
24443794,50,192,164210,0.05,0.001,117445,4,0.5
23579057,45,252,115410,0.05,0.001,64111,7,0.7
133500361,54,144,144983,0.15,0.004,60469,6,0.5
1500447,28,456,57292,0.15,0.004,37955,7,0.7
68041,24,504,57972,0.05,0.001,41697,4,0.7
4391146,51,180,36568,0.15,0.004,27985,7,0.5
12709942,55,132,88716,0.3,0.008,54261,22,0.3
1375522,39,324,46974,0.15,0.001,41190,6,0.5
17560,23,516,92446,0.15,0.004,65903,8,0.7
948211,31,420,79412,0.15,0.001,63721,8,0.7
57427758,52,168,193190,0.15,0.004,81559,9,0.3
91812,30,432,47609,0.15,0.001,42901,8,0.5
419333,29,444,36127,0.15,0.001,29496,9,0.5
19313599,49,204,97938,0.05,0.001,61322,6,0.5
712858,31,420,38151,0.15,0.004,28825,7,0.7
691528,30,432,65611,0.15,0.001,46224,7,0.7
38556993,51,180,131439,0.15,0.001,77683,7,0.5
5894823,41,300,107986,0.15,0.001,68372,8,0.3
8041280,40,312,94635,0.15,0.001,72465,9,0.5
9750284,31,420,300000,0.15,0.004,117800,9,0.7
899973,31,420,72708,0.15,0.001,50687,7,0.7
3183564,43,276,58636,0.15,0.001,34108,9,0.7
13524315,42,288,300000,0.15,0.001,143759,8,0.5
18713566,57,108,112915,0.15,0.004,74161,8,0.5
5564068,58,96,54212,0.15,0.001,36386,6,0.5
2868446,48,216,61547,0.15,0.004,44641,7,0.3
2180778,48,216,39817,0.15,0.001,33032,7,0.5
11419352,42,288,136383,0.15,0.004,64098,6,0.5
103641270,51,180,300000,0.05,0.001,181117,4,0.3
1703694,41,300,37098,0.15,0.004,25396,7,0.7
9221860,53,156,56031,0.05,0.001,38299,7,0.3
40361840,59,84,178780,0.05,0.001,124013,6,0.3
19112693,52,168,137576,0.05,0.001,96056,6,0.3
9041097,32,408,167833,0.05,0.001,65354,7,0.7
16439413,34,384,263685,0.05,0.001,125441,6,0.7
520587,28,456,41389,0.3,0.004,34929,9,0.7
12257342,49,204,105800,0.05,0.001,83882,5,0.5
1312840,38,336,40816,0.05,0.001,30319,5,0.7
6152014,35,372,91233,0.15,0.001,57564,9,0.5
21996134,37,348,169557,0.05,0.001,83793,4,0.5
348707,32,408,52109,0.15,0.001,32636,9,0.3
4113051,46,240,62089,0.05,0.001,42593,6,0.3
4105009,33,396,125599,0.05,0.001,83794,5,0.7
10373734,52,168,56641,0.15,0.004,35369,6,0.3
710469,54,144,21667,0.3,0.008,17169,15,0.5
2995981,31,420,99413,0.15,0.001,62706,8,0.7
17824,24,504,20000,0.15,0.004,16617,9,0.3
25922,26,480,34962,0.05,0.001,32803,7,0.3
0,22,528,300000,0.05,0.001,157479,7,0.5
6623819,44,264,126970,0.15,0.004,98340,8,0.5
135778966,57,108,176324,0.05,0.001,96535,5,0.3
10385841,59,84,105502,0.15,0.004,82616,6,0.5
0,22,528,81425,0.05,0.001,49840,5,0.7
6739453,52,168,57593,0.15,0.004,32923,7,0.5
20786538,47,228,209409,0.05,0.001,121787,4,0.5
20212268,36,360,122897,0.05,0.001,53065,6,0.5
7199080,37,348,50410,0.15,0.004,25947,8,0.5
9501075,53,156,55266,0.15,0.001,28821,9,0.3
905569,47,228,45863,0.15,0.001,42486,7,0.7
12395940,34,384,300000,0.15,0.004,116678,8,0.7
123763666,59,84,300000,0.05,0.001,176283,7,0.5
2556157,39,324,112531,0.15,0.004,81310,8,0.5
216528,29,444,27133,0.3,0.008,19432,20,0.3
383570,47,228,30468,0.15,0.001,28277,6,0.3
1538810,37,348,79271,0.05,0.001,54367,6,0.3
2826305,47,228,52599,0.3,0.004,34712,17,0.5
866600,28,456,35650,0.15,0.001,25787,7,0.7
19703375,35,372,300000,0.15,0.004,140496,9,0.5
729333,25,492,78057,0.3,0.008,45062,13,0.7
108428966,55,132,179473,0.05,0.001,112132,6,0.5
11820686,52,168,74081,0.15,0.001,47795,7,0.3
0,22,528,300000,0.3,0.004,134378,17,0.5
11625818,34,384,228597,0.05,0.001,134425,6,0.7
2710069,32,408,75155,0.15,0.004,34882,6,0.7
2172444,30,432,97196,0.15,0.004,63356,6,0.7
1746602,33,396,57002,0.15,0.004,34451,6,0.7
8659102,55,132,59987,0.15,0.004,42291,9,0.3
6816034,51,180,65233,0.15,0.001,44271,7,0.3
28192117,50,192,142970,0.15,0.004,75909,6,0.3
29619363,37,348,201156,0.05,0.001,77312,7,0.5
5695271,36,360,64013,0.15,0.001,40041,9,0.7
13886128,43,276,122645,0.05,0.001,59813,6,0.7
28875,24,504,42459,0.15,0.004,36161,6,0.7
739319,26,480,86498,0.05,0.001,50738,7,0.7
11322048,45,252,59151,0.15,0.004,43490,7,0.5
31035936,44,264,195001,0.05,0.001,97630,7,0.3
1276308,39,324,44746,0.15,0.004,39732,6,0.5
7748076,47,228,72580,0.15,0.004,35162,7,0.3
22794576,59,84,91300,0.15,0.004,72405,6,0.3
17756363,43,276,80521,0.05,0.001,45375,5,0.5
9203911,41,300,62104,0.05,0.001,35539,4,0.3
7807541,45,252,126270,0.05,0.001,77733,6,0.5
22782766,50,192,88585,0.05,0.001,48220,6,0.5
121814,30,432,43684,0.05,0.001,41342,7,0.7
408196,34,384,34171,0.3,0.004,29368,21,0.3
10715754,42,288,120725,0.05,0.001,71270,6,0.5
18618739,45,252,136006,0.15,0.004,70873,7,0.5
592167,54,144,39277,0.3,0.008,34490,12,0.3
6251182,49,204,60948,0.15,0.004,39977,6,0.3
4483564,36,360,87548,0.15,0.004,49121,7,0.3
80106763,54,144,216459,0.05,0.001,133018,7,0.3
66326738,56,120,68820,0.05,0.001,46878,6,0.3
10970496,35,372,300000,0.3,0.008,139167,17,0.7
28963117,52,168,171429,0.15,0.004,114953,7,0.3
8875619,45,252,89422,0.15,0.001,53698,7,0.3
607337,37,348,30316,0.15,0.001,26517,6,0.5
310927,33,396,32196,0.15,0.001,26928,9,0.5
4970553,30,432,164160,0.05,0.001,99138,5,0.7
0,22,528,32900,0.15,0.001,23723,8,0.7
32221,23,516,65785,0.15,0.001,34183,8,0.5
0,22,528,300000,0.15,0.001,193137,9,0.3
15967632,43,276,178588,0.15,0.001,94075,9,0.5
11542380,51,180,110985,0.05,0.001,76249,6,0.3
1839030,40,312,53420,0.05,0.001,38625,6,0.5
76498,30,432,30439,0.15,0.004,29800,9,0.5
1019616,48,216,80506,0.15,0.001,64465,8,0.7
9275488,40,312,160550,0.05,0.001,102114,4,0.5
403660,29,444,35830,0.05,0.001,29035,5,0.7
3039284,29,444,133966,0.05,0.001,70660,6,0.5
2293765,32,408,77213,0.05,0.001,47889,7,0.7
5500335,45,252,76528,0.15,0.004,49281,6,0.5
366487,29,444,43535,0.05,0.001,35832,6,0.5
7006702,56,120,80609,0.15,0.004,51543,9,0.3
764592,35,372,48311,0.05,0.001,40414,7,0.5
2233345,33,396,110332,0.05,0.001,89621,4,0.7
41022843,42,288,300000,0.05,0.001,172846,6,0.7
128348104,56,120,221565,0.05,0.001,115422,5,0.3
1165996,34,384,56768,0.15,0.004,39299,9,0.5
141229270,52,168,245134,0.05,0.001,108893,6,0.3
2042638,48,216,41831,0.15,0.004,34788,7,0.3
5007566,31,420,138723,0.15,0.004,82896,6,0.7
833962,55,132,50105,0.15,0.001,47398,6,0.3
7670562,58,96,64899,0.3,0.008,48971,19,0.3
965830,31,420,65340,0.3,0.008,30232,15,0.7
28981933,57,108,80319,0.05,0.001,50400,6,0.5
2051006,29,444,139407,0.05,0.001,84636,5,0.5
47675989,43,276,241164,0.05,0.001,141751,7,0.3
14318,23,516,22808,0.15,0.004,16052,8,0.5
14837225,46,240,76944,0.05,0.001,54511,4,0.3
163410989,39,324,300000,0.05,0.001,122203,4,0.3
5804,24,504,41105,0.3,0.004,38952,20,0.5
6765948,39,324,204371,0.05,0.001,102355,7,0.5
8236505,55,132,73900,0.15,0.004,51751,9,0.3
995579,38,336,48180,0.3,0.004,38224,17,0.5
3586610,34,384,100201,0.15,0.004,56325,7,0.5
949382,40,312,41030,0.3,0.004,34971,9,0.5
1943,24,504,26199,0.15,0.004,28643,9,0.5
4025891,41,300,61436,0.05,0.001,39885,6,0.3
4675827,35,372,157246,0.05,0.001,67561,6,0.7
258855,25,492,45117,0.05,0.001,28305,4,0.7
408905,25,492,61560,0.15,0.004,40855,6,0.5
3419533,28,456,300000,0.15,0.001,187716,9,0.7
1807990,43,276,52968,0.15,0.001,36898,6,0.3
17537152,44,264,162503,0.05,0.001,61802,7,0.5
16526,27,468,29067,0.15,0.004,28712,8,0.7
576625,36,360,43262,0.05,0.001,37133,4,0.5
117386,27,468,51197,0.3,0.004,44331,9,0.5
533747,27,468,62091,0.05,0.001,42004,4,0.7
11776853,49,204,109084,0.15,0.004,73004,7,0.5
81346996,59,84,133866,0.15,0.004,44022,7,0.5
2981374,45,252,44218,0.3,0.008,32112,12,0.7
41448238,59,84,74844,0.3,0.008,49463,22,0.3
61313266,53,156,147684,0.05,0.001,78975,5,0.3
3639062,32,408,105110,0.15,0.004,48385,6,0.7
313357,54,144,21829,0.15,0.001,22729,8,0.3
41357,25,492,27037,0.3,0.008,24825,21,0.7
5963128,51,180,45168,0.15,0.001,29829,8,0.3
61402602,59,84,116697,0.05,0.001,80499,4,0.3
24443803,42,288,298971,0.05,0.001,156280,6,0.3
13071085,57,108,37735,0.05,0.001,32641,5,0.3
484769,35,372,45068,0.3,0.008,41004,9,0.5
746505,43,276,24424,0.15,0.001,20896,9,0.3
20044331,55,132,62480,0.05,0.001,30306,6,0.5
147791870,57,108,230323,0.05,0.001,108982,5,0.5
4532869,36,360,102784,0.15,0.004,58894,6,0.3
601957,35,372,34200,0.15,0.001,28472,7,0.3
15545676,35,372,300000,0.15,0.001,187192,6,0.5
0,22,528,75062,0.05,0.001,49062,5,0.3
5905276,48,216,100812,0.15,0.001,83791,8,0.3
1206456,25,492,146758,0.05,0.001,56361,5,0.7
1103598,33,396,58213,0.3,0.004,39324,14,0.7
2480920,49,204,31280,0.3,0.008,26680,18,0.5
164922,32,408,31987,0.15,0.001,25721,8,0.5
6954054,42,288,83891,0.05,0.001,55891,5,0.3
7176168,53,156,59780,0.3,0.008,39866,17,0.3
20778111,53,156,116492,0.05,0.001,54097,6,0.3
0,22,528,84092,0.05,0.001,44409,5,0.5
98886134,46,240,231272,0.05,0.001,124445,7,0.3
1847650,34,384,54268,0.15,0.004,30598,9,0.5
488744,53,156,53374,0.3,0.004,50023,21,0.3
3420863,41,300,72696,0.05,0.001,54971,5,0.3
3288320,29,444,81873,0.05,0.001,46841,6,0.5
772656,55,132,49174,0.3,0.008,47218,14,0.3
44728411,59,84,146725,0.05,0.001,72638,7,0.5
9874946,57,108,99383,0.05,0.001,71113,6,0.3
633079,35,372,78059,0.3,0.008,58407,14,0.5
2555997,54,144,45697,0.3,0.008,34888,12,0.3
1049813,44,264,46944,0.3,0.004,47251,10,0.3
2603259,27,468,171563,0.05,0.001,84815,6,0.7
336122,40,312,27630,0.3,0.004,24587,23,0.3
4605287,45,252,55605,0.15,0.001,37577,8,0.3
4049337,39,324,62460,0.15,0.004,36361,6,0.3
85383520,51,180,136591,0.15,0.004,64276,9,0.3
39731877,59,84,160703,0.05,0.001,64773,7,0.3
32343216,56,120,180873,0.05,0.001,94284,4,0.3
13583011,38,336,300000,0.15,0.001,125236,6,0.3
681524,30,432,86575,0.3,0.008,61758,23,0.5
2581256,39,324,76329,0.15,0.001,51499,7,0.7
591794,41,300,38632,0.3,0.008,33020,17,0.3
6477400,58,96,53786,0.15,0.004,39175,8,0.5
5548913,44,264,60940,0.15,0.004,45192,7,0.7
0,22,528,42000,0.15,0.004,33032,9,0.5
8548799,51,180,82134,0.05,0.001,56717,6,0.3
35865945,53,156,210819,0.05,0.001,145476,7,0.3
416877,32,408,31615,0.15,0.001,25411,9,0.5
695013,32,408,48499,0.05,0.001,44192,7,0.7
6843995,44,264,75174,0.05,0.001,45491,5,0.5
6892250,52,168,73071,0.15,0.001,48787,8,0.5
11356351,33,396,134258,0.15,0.004,80463,6,0.7
9169622,46,240,120444,0.3,0.004,71349,9,0.5
2668348,30,432,92350,0.05,0.001,53625,7,0.7
30191972,58,96,62996,0.15,0.004,33358,9,0.3
28309063,57,108,122075,0.05,0.001,77145,4,0.3
1168442,28,456,64671,0.05,0.001,44783,4,0.7
45094391,53,156,148909,0.05,0.001,58533,5,0.5
6204994,52,168,65758,0.05,0.001,37386,5,0.3
2424778,37,348,81890,0.15,0.004,46620,7,0.5
77904459,55,132,300000,0.15,0.004,177542,9,0.5
23146846,46,240,149529,0.15,0.004,92795,9,0.5
670569,31,420,52815,0.05,0.001,40594,6,0.7
24913,24,504,34578,0.3,0.004,26676,15,0.5
3509429,34,384,78714,0.15,0.004,43359,9,0.7
903755,49,204,26539,0.3,0.004,22709,23,0.3
5492901,46,240,66304,0.15,0.004,42843,8,0.5
135301675,59,84,166631,0.05,0.001,82768,5,0.3
2333917,48,216,47881,0.15,0.004,40656,9,0.7
64806,29,444,43304,0.15,0.004,42230,8,0.7
693082,32,408,32325,0.15,0.004,25465,7,0.7
367978,29,444,40261,0.15,0.004,30920,7,0.3
1461939,32,408,75273,0.15,0.001,45388,9,0.7
10236003,47,228,67501,0.15,0.004,44337,9,0.5
90877408,58,96,82411,0.05,0.001,48764,7,0.3
3670000,52,168,43534,0.3,0.008,34819,16,0.3
48702311,50,192,123728,0.15,0.004,52075,8,0.7
1559953,59,84,46591,0.3,0.004,43473,12,0.3
902999,28,456,82119,0.05,0.001,63455,5,0.5
193481,36,360,20000,0.15,0.001,19034,6,0.3
616560,44,264,46508,0.3,0.008,40715,14,0.7
4105,23,516,41490,0.05,0.001,47432,5,0.3
0,22,528,56717,0.05,0.001,35150,6,0.5
40721659,53,156,300000,0.05,0.001,200561,4,0.3
10531878,52,168,97234,0.3,0.004,60912,18,0.3
89084776,57,108,126783,0.15,0.001,62854,7,0.5
439561,30,432,39457,0.3,0.004,32016,19,0.7
21858449,31,420,300000,0.05,0.001,160664,4,0.7
10091564,41,300,251041,0.05,0.001,112817,4,0.5
6841576,37,348,83645,0.05,0.001,55852,4,0.3
15562602,47,228,119495,0.05,0.001,70171,7,0.7
111735817,50,192,121572,0.05,0.001,44969,4,0.3
105205,24,504,122768,0.05,0.001,66306,5,0.3
292385,30,432,48299,0.15,0.004,45112,8,0.3
97229,36,360,23433,0.15,0.001,22257,9,0.7
26322831,57,108,248311,0.05,0.001,158154,5,0.5
10152602,48,216,98378,0.15,0.004,56508,6,0.5
1064643,37,348,31439,0.15,0.004,25158,7,0.7
1311819,48,216,29034,0.15,0.004,23436,8,0.7
435440,26,480,58190,0.15,0.004,40719,6,0.5
16915091,30,432,174088,0.05,0.001,88194,7,0.5
3436597,48,216,54051,0.3,0.004,42100,23,0.5
14454342,45,252,93127,0.05,0.001,55901,5,0.5
3348,23,516,43647,0.3,0.004,43360,15,0.5
7689189,55,132,115626,0.15,0.001,71240,7,0.3
1630544,31,420,81421,0.05,0.001,50289,7,0.7
33894,26,480,40348,0.15,0.004,41975,6,0.5
3726455,37,348,101437,0.05,0.001,65700,4,0.3
23289,24,504,31820,0.15,0.004,26822,8,0.5
8091556,44,264,50762,0.3,0.008,26077,15,0.3
963649,29,444,115715,0.15,0.001,83001,7,0.7
8805201,46,240,97693,0.15,0.004,62978,6,0.3
4433648,36,360,60085,0.15,0.004,39271,8,0.7
1363544,33,396,46190,0.15,0.001,38988,8,0.7
483728,23,516,300000,0.05,0.001,124502,6,0.7
6352768,57,108,69048,0.15,0.004,40833,9,0.3
2590759,32,408,73176,0.15,0.001,43582,9,0.7
20229523,34,384,300000,0.05,0.001,208557,5,0.7
24057,26,480,36810,0.15,0.001,37593,6,0.5
2660825,39,324,73679,0.15,0.001,41407,9,0.5
242720,30,432,35292,0.3,0.004,28063,20,0.7
723740,32,408,40313,0.05,0.001,31003,7,0.7
16833670,55,132,90195,0.15,0.001,72743,7,0.3
252180,32,408,27614,0.3,0.004,23363,14,0.7
773542,37,348,53189,0.15,0.004,39948,7,0.7
5475747,41,300,102198,0.05,0.001,68115,7,0.3
129405,34,384,37050,0.3,0.008,36641,20,0.7
19142365,48,216,156325,0.05,0.001,92278,4,0.3
21757252,41,300,146572,0.3,0.004,64476,16,0.7
1120646,46,240,33387,0.05,0.001,29341,5,0.5
1621880,36,360,91933,0.15,0.004,77036,8,0.3
6038888,33,396,168350,0.15,0.004,81140,7,0.7
121944019,58,96,218981,0.15,0.004,114927,6,0.3
19320313,44,264,158106,0.05,0.001,85081,6,0.3
35814017,44,264,187713,0.05,0.001,136810,7,0.5
2927500,35,372,78703,0.05,0.001,49016,4,0.5
331403,36,360,45533,0.15,0.004,42401,7,0.3
49361757,57,108,141808,0.05,0.001,55223,4,0.3
10193045,47,228,50806,0.3,0.004,26129,11,0.3
678535,29,444,69121,0.15,0.001,54192,9,0.7
126712059,54,144,143920,0.05,0.001,59676,7,0.3
1010130,46,240,55572,0.15,0.001,39031,9,0.5
22668986,56,120,112318,0.15,0.004,81180,6,0.3
73562,30,432,31983,0.3,0.004,32465,10,0.3
4475083,45,252,102643,0.15,0.004,59640,8,0.7
1742257,34,384,70128,0.15,0.001,48976,8,0.7
35606651,52,168,124930,0.05,0.001,62014,6,0.3
106116141,52,168,163084,0.05,0.001,101245,7,0.5
19713600,53,156,119671,0.15,0.004,85709,8,0.3
1629,23,516,23965,0.05,0.001,25206,7,0.3
180247,23,516,172861,0.05,0.001,82587,7,0.5
21220890,56,120,113269,0.05,0.001,60845,7,0.3
1350452,54,144,41560,0.3,0.008,34897,13,0.3
4972770,41,300,82647,0.3,0.004,49286,21,0.3
229088,27,468,77515,0.05,0.001,63667,5,0.3
105375581,51,180,181900,0.15,0.004,96471,8,0.3
209377,33,396,21171,0.3,0.004,16071,10,0.5
6956054,41,300,84518,0.15,0.004,61797,6,0.7
3677392,39,324,59840,0.3,0.008,31849,10,0.5
27167268,33,396,300000,0.15,0.004,146584,8,0.7
4726754,48,216,51329,0.15,0.004,29456,9,0.7
3668337,47,228,118501,0.15,0.001,94070,9,0.7
4354410,37,348,64194,0.15,0.001,41651,8,0.3
5474818,47,228,59786,0.05,0.001,36033,5,0.5
446017,43,276,29106,0.3,0.004,23161,16,0.5
26296890,57,108,97336,0.15,0.001,70205,9,0.3
40723127,52,168,117536,0.05,0.001,79592,6,0.3
1111350,41,300,47303,0.3,0.008,39748,17,0.7
232946,23,516,127449,0.05,0.001,73549,7,0.3
8523468,51,180,58789,0.15,0.004,30288,7,0.3
73689188,55,132,156719,0.15,0.004,80688,8,0.3
8671093,35,372,134957,0.05,0.001,89114,7,0.5
0,22,528,91654,0.15,0.004,54465,7,0.5
1421980,32,408,50450,0.15,0.004,32445,7,0.5
165686,24,504,59697,0.05,0.001,40055,6,0.5
130601861,48,216,300000,0.05,0.001,184776,6,0.7
13716478,48,216,58781,0.05,0.001,38412,7,0.7
18370460,42,288,196936,0.05,0.001,113328,6,0.5
3980484,41,300,300000,0.15,0.004,184819,8,0.7
1073315,45,252,55962,0.15,0.004,46324,8,0.5
236779,35,372,43543,0.05,0.001,38905,5,0.5
17765297,53,156,65373,0.15,0.001,43477,8,0.3
0,22,528,68195,0.15,0.004,42560,8,0.3
10244803,45,252,120473,0.15,0.004,70267,7,0.7
4807798,41,300,57575,0.15,0.004,38970,9,0.7
106081,27,468,28724,0.15,0.004,24862,9,0.5
15856303,55,132,70128,0.05,0.001,41163,4,0.3
3839126,41,300,50454,0.05,0.001,26757,5,0.5
239420,24,504,158704,0.05,0.001,73982,6,0.7
36204503,47,228,243969,0.05,0.001,137513,6,0.3
119859084,57,108,300000,0.15,0.004,180900,7,0.3
204073,31,420,81949,0.15,0.004,64739,9,0.5
4080511,43,276,94949,0.15,0.004,61832,8,0.5
118379,33,396,25333,0.3,0.004,24144,20,0.5
80827,24,504,95635,0.15,0.004,70468,7,0.5
1344036,40,312,60835,0.15,0.004,43551,8,0.7
1645116,41,300,53857,0.05,0.001,28585,4,0.7
7245333,56,120,43234,0.3,0.008,35159,10,0.3
2087276,34,384,80472,0.05,0.001,48293,5,0.5
5772240,33,396,186161,0.05,0.001,90824,5,0.5
378515,26,480,45563,0.05,0.001,31060,6,0.5
1342842,54,144,44239,0.15,0.001,39385,7,0.3
23629740,35,372,221071,0.05,0.001,128708,6,0.3
3149212,39,324,105106,0.15,0.004,79009,8,0.5
1552869,43,276,54648,0.15,0.004,42023,8,0.5
1193676,27,468,98814,0.05,0.001,62394,6,0.7
3113250,37,348,67035,0.05,0.001,40900,6,0.3
14796520,46,240,72893,0.05,0.001,40313,6,0.5
1831316,41,300,40629,0.15,0.001,36533,6,0.7
38741079,44,264,137688,0.05,0.001,66907,6,0.7
7962267,34,384,300000,0.15,0.001,163590,8,0.7
733572,25,492,72884,0.05,0.001,52467,6,0.5
6884402,54,144,72422,0.05,0.001,46433,6,0.3
11960760,35,372,127611,0.05,0.001,51822,4,0.5
36387,28,456,46191,0.15,0.004,46595,7,0.5
614715,34,384,51074,0.3,0.008,40747,11,0.5
5342829,42,288,90393,0.05,0.001,65123,7,0.7
229523,26,480,31588,0.3,0.004,22852,8,0.5
301990,31,420,47942,0.05,0.001,33741,6,0.5
40381827,40,312,300000,0.05,0.001,121414,4,0.7
130146932,52,168,300000,0.05,0.001,113055,4,0.3
6522475,48,216,84426,0.05,0.001,46708,4,0.5
390134,32,408,104769,0.05,0.001,77154,5,0.5
13587536,49,204,136496,0.05,0.001,86983,4,0.3
0,22,528,39882,0.3,0.008,44725,13,0.5
697340,28,456,119444,0.05,0.001,94819,4,0.7
1327045,45,252,37705,0.15,0.004,27325,7,0.3
2309608,33,396,97851,0.05,0.001,58646,5,0.7
223589,31,420,33905,0.3,0.008,25327,9,0.3
13232991,34,384,300000,0.05,0.001,113727,7,0.5
45203449,49,204,140819,0.05,0.001,62256,5,0.7
2838918,34,384,74825,0.05,0.001,51362,6,0.7
35944148,50,192,129434,0.15,0.001,52549,6,0.3
1364122,49,204,37444,0.15,0.001,30307,7,0.5
82859,31,420,46215,0.15,0.001,45506,8,0.7
134766298,55,132,196952,0.05,0.001,117832,4,0.5
1627429,42,288,71877,0.05,0.001,56157,5,0.5
109663,27,468,39772,0.3,0.004,33599,19,0.5
3364069,39,324,63691,0.3,0.004,46069,13,0.7
6573180,47,228,70391,0.15,0.004,45574,9,0.7
230789,25,492,65912,0.15,0.001,54285,7,0.7
7228885,54,144,63779,0.15,0.004,41361,8,0.3
395117,43,276,30780,0.3,0.008,31275,10,0.7
638430,29,444,33922,0.15,0.004,27640,7,0.7
1157487,43,276,27323,0.3,0.004,23961,18,0.7
194185,26,480,36419,0.15,0.001,29847,9,0.3
7709110,38,336,69652,0.15,0.001,34777,6,0.5
1542940,56,120,40446,0.15,0.004,32888,7,0.3
13154426,37,348,300000,0.3,0.008,179163,8,0.5
6108,24,504,26745,0.3,0.008,29166,16,0.3
99134249,53,156,222638,0.05,0.001,101236,7,0.3
32696135,42,288,177288,0.05,0.001,101791,4,0.7
90867887,50,192,300000,0.05,0.001,166465,5,0.5
1222086,29,444,73522,0.15,0.001,45678,7,0.7
316587,40,312,30443,0.15,0.001,26381,9,0.7
324248,28,456,98434,0.05,0.001,81461,4,0.7
840848,59,84,45883,0.05,0.001,42241,5,0.3
95953,25,492,30451,0.15,0.004,21662,9,0.3
62195822,59,84,102947,0.05,0.001,87879,5,0.5
17779505,45,252,162018,0.05,0.001,80556,5,0.5
13825308,38,336,192043,0.05,0.001,84531,7,0.7
21084860,57,108,51438,0.15,0.004,30183,7,0.5
1231232,26,480,142050,0.05,0.001,106178,6,0.7
7701887,58,96,63475,0.15,0.004,45541,9,0.3
10947354,30,432,300000,0.3,0.004,143786,22,0.5
1856371,36,360,93388,0.15,0.004,59250,8,0.5
3686513,28,456,300000,0.05,0.001,159597,6,0.5
2225607,53,156,46348,0.15,0.004,42337,9,0.3
4690293,34,384,168368,0.05,0.001,94345,6,0.7
8716231,55,132,55639,0.15,0.004,40192,7,0.5
2617005,31,420,69218,0.05,0.001,32107,7,0.7
36130301,58,96,152693,0.05,0.001,92504,6,0.5
3253424,30,432,79312,0.05,0.001,47926,4,0.7
277633,25,492,111296,0.15,0.004,71607,6,0.5
19602866,56,120,179842,0.05,0.001,83475,7,0.3
3420600,44,264,56463,0.05,0.001,44443,5,0.7
0,22,528,61558,0.15,0.004,43944,6,0.5
45355031,57,108,101016,0.05,0.001,65068,6,0.3
487895,25,492,118849,0.15,0.001,93340,7,0.3
30040004,51,180,97757,0.05,0.001,61195,5,0.5
6197887,38,336,132430,0.05,0.001,90779,6,0.5
0,22,528,32836,0.15,0.004,30577,8,0.5
4749099,55,132,38504,0.15,0.004,29831,9,0.5
4360,23,516,44311,0.15,0.004,43527,8,0.3
37374953,47,228,300000,0.15,0.001,150278,7,0.3
1142151,27,468,61683,0.15,0.001,29950,9,0.7
4157087,35,372,92093,0.15,0.001,70299,8,0.5
605950,27,468,72390,0.05,0.001,43078,6,0.7
4284167,39,324,83207,0.15,0.004,55065,9,0.5
10712202,53,156,50658,0.15,0.001,34105,6,0.3
5158793,51,180,57091,0.3,0.008,36955,22,0.5
126714394,57,108,300000,0.05,0.001,152407,4,0.3
1655831,41,300,43851,0.15,0.001,37754,8,0.3
2504018,36,360,110388,0.15,0.004,80792,6,0.7
2621176,41,300,60550,0.05,0.001,42331,7,0.5
111606,27,468,27172,0.15,0.004,21320,9,0.7
5942235,56,120,105485,0.05,0.001,81264,4,0.3
1951729,39,324,42441,0.05,0.001,34757,6,0.3
7466220,54,144,100335,0.05,0.001,79894,7,0.5
928616,30,432,58936,0.15,0.001,33783,9,0.5
9247854,31,420,126384,0.15,0.004,65072,8,0.7
5600593,36,360,101159,0.05,0.001,62817,6,0.5
1694410,27,468,67475,0.05,0.001,40264,4,0.5
9915735,46,240,80842,0.15,0.001,46928,7,0.5
3659091,34,384,104407,0.15,0.004,49309,7,0.7
10136,24,504,30767,0.3,0.004,24203,18,0.7
87709486,53,156,147439,0.15,0.004,73790,7,0.5
9123124,42,288,125985,0.15,0.001,61196,7,0.5
1841960,46,240,28596,0.15,0.004,25037,8,0.3
7589725,36,360,300000,0.3,0.008,199843,18,0.5
9406921,31,420,147708,0.05,0.001,56811,5,0.7
5138312,53,156,82740,0.15,0.004,54027,9,0.3
324191,37,348,36628,0.15,0.004,32831,7,0.5
2478272,45,252,59888,0.05,0.001,35238,6,0.5
2294733,37,348,60148,0.15,0.001,42995,6,0.7
729150,25,492,54649,0.15,0.004,33207,6,0.5
1583118,31,420,110004,0.15,0.001,67882,6,0.5
1040250,34,384,32204,0.15,0.001,24398,8,0.7
789613,59,84,36706,0.15,0.004,36876,6,0.5
5217401,31,420,300000,0.15,0.004,140738,6,0.5
6995866,43,276,55116,0.15,0.004,32601,9,0.3
9116039,40,312,115790,0.05,0.001,69104,4,0.5
5295838,41,300,68114,0.15,0.001,45614,7,0.5
41252,23,516,64052,0.05,0.001,52420,4,0.3
4291182,44,264,84452,0.3,0.008,57312,13,0.3
14229373,37,348,167348,0.05,0.001,88024,4,0.3
4289120,37,348,154174,0.05,0.001,47349,7,0.3
18557397,36,360,175364,0.05,0.001,73427,7,0.5
9617750,48,216,87230,0.15,0.004,58725,8,0.3
2126218,38,336,45581,0.15,0.004,34539,8,0.5
895837,41,300,30269,0.15,0.001,22602,8,0.3
6185046,45,252,75680,0.15,0.004,51034,6,0.7
4338459,29,444,300000,0.05,0.001,175464,6,0.7
1457949,57,108,34730,0.3,0.004,41297,18,0.3
88708149,55,132,300000,0.15,0.004,193583,8,0.3
90689,24,504,79582,0.05,0.001,58632,6,0.5
7736329,51,180,40187,0.15,0.004,29476,9,0.5
475701,31,420,45107,0.15,0.001,35462,7,0.3
3977955,42,288,63062,0.15,0.004,45610,7,0.3
3078703,48,216,57809,0.15,0.004,40105,9,0.3
1424536,31,420,76719,0.05,0.001,58192,5,0.5
20672891,49,204,94470,0.15,0.001,66706,8,0.5
171799,24,504,105542,0.15,0.001,67192,9,0.3
2467815,41,300,48939,0.05,0.001,36111,5,0.5
22226286,47,228,131260,0.15,0.001,85363,8,0.3
34206628,53,156,78017,0.15,0.001,41884,8,0.3
15035812,45,252,133197,0.05,0.001,60092,6,0.5
26050856,48,216,272246,0.05,0.001,162686,7,0.7
8287034,49,204,106184,0.05,0.001,65312,7,0.3
1568657,36,360,59310,0.05,0.001,38705,6,0.3
13837,23,516,26675,0.3,0.008,22438,13,0.5
3870441,41,300,105234,0.15,0.004,73585,8,0.5
5318103,29,444,116011,0.05,0.001,82529,6,0.7
71125004,49,204,193720,0.05,0.001,140328,6,0.3
18531845,57,108,94324,0.05,0.001,59671,4,0.3
419111,35,372,25531,0.3,0.004,22158,22,0.5
7394523,36,360,96584,0.15,0.001,55831,7,0.5
105095108,59,84,135260,0.15,0.004,64380,6,0.3
71521824,59,84,127159,0.05,0.001,81979,4,0.3
204493,27,468,29670,0.3,0.004,24072,17,0.5
27885,26,480,21800,0.3,0.008,20328,14,0.3
2301185,29,444,100111,0.15,0.004,65289,7,0.7
312973,25,492,140652,0.05,0.001,107188,5,0.5
19366085,49,204,86464,0.15,0.001,45347,6,0.3
80906,25,492,42182,0.05,0.001,34712,4,0.3
23325794,48,216,81597,0.05,0.001,52426,7,0.3
205859184,58,96,300000,0.05,0.001,124887,6,0.3
16359,24,504,39784,0.15,0.001,39025,7,0.5
13385854,57,108,127006,0.05,0.001,81611,7,0.3
108176,26,480,23045,0.15,0.001,15445,9,0.3
29153951,55,132,175874,0.05,0.001,110203,6,0.3
4615538,34,384,134986,0.15,0.004,50139,8,0.7
21557662,36,360,145021,0.05,0.001,68067,4,0.5
21073591,57,108,70148,0.3,0.008,51021,12,0.5
24085934,37,348,178275,0.05,0.001,76634,4,0.5
9087420,52,168,119562,0.15,0.004,88628,8,0.5
2083795,38,336,40925,0.05,0.001,27804,4,0.5
146682,36,360,31419,0.15,0.004,31639,6,0.5
3583936,38,336,102825,0.15,0.004,65006,7,0.5
72308611,54,144,136601,0.05,0.001,42853,7,0.3
14461244,49,204,108320,0.05,0.001,92345,4,0.5
3504268,37,348,53032,0.15,0.001,32419,7,0.5
1099731,42,288,57535,0.15,0.004,44692,8,0.5
25982898,52,168,65715,0.05,0.001,33842,4,0.5
801483,33,396,56295,0.15,0.004,41351,8,0.7
14353019,56,120,80760,0.15,0.004,56366,7,0.3
142146,28,456,36346,0.15,0.004,35252,9,0.3
88354942,55,132,113103,0.15,0.001,60507,7,0.3
27738143,59,84,81945,0.05,0.001,48844,7,0.3
1991709,25,492,124358,0.05,0.001,66870,5,0.7
4722512,54,144,79926,0.05,0.001,58138,5,0.3
3784950,31,420,140106,0.15,0.001,90266,8,0.7
150588,33,396,35343,0.3,0.004,33342,8,0.5
2977853,35,372,99497,0.05,0.001,82513,5,0.3
2350454,39,324,54822,0.3,0.004,32790,20,0.5
59215,24,504,74577,0.05,0.001,43896,4,0.3
6007028,44,264,65226,0.15,0.004,45818,9,0.3
1650390,41,300,94246,0.15,0.001,68770,6,0.3
2871606,35,372,71574,0.15,0.001,45084,8,0.5
1396902,32,408,66003,0.15,0.004,46899,6,0.5
106756,33,396,34101,0.3,0.004,31106,23,0.7
45891888,52,168,99168,0.15,0.001,63665,7,0.3
294583,29,444,28387,0.05,0.001,23758,6,0.3
5502474,53,156,50232,0.3,0.008,28855,22,0.5
3164110,46,240,83447,0.3,0.004,59267,15,0.3
44234704,51,180,185523,0.05,0.001,68080,5,0.5
129455419,57,108,300000,0.3,0.008,177205,15,0.3
21451542,45,252,143796,0.05,0.001,74976,6,0.5
10532141,41,300,68408,0.3,0.004,47990,22,0.3
81706673,52,168,156082,0.15,0.001,73594,8,0.3
5409923,42,288,103159,0.05,0.001,46879,6,0.3
1647360,46,240,28896,0.15,0.004,22199,9,0.3
5570028,52,168,84572,0.3,0.004,50765,9,0.5
64123,33,396,34838,0.05,0.001,34269,6,0.3
99796,26,480,30231,0.15,0.004,25456,9,0.5
22609305,50,192,186510,0.15,0.004,92191,8,0.3
3496484,43,276,53959,0.05,0.001,37367,4,0.5
4567,23,516,34297,0.3,0.004,32401,9,0.5
1070031,31,420,65904,0.05,0.001,46776,4,0.5
105972,32,408,41763,0.15,0.004,38715,9,0.3
40679,33,396,20000,0.3,0.008,18100,16,0.3
18723,23,516,35485,0.3,0.008,30187,9,0.3
140532,30,432,20000,0.15,0.001,14009,6,0.3
14320764,52,168,103171,0.05,0.001,66391,7,0.3
4557163,55,132,48518,0.3,0.004,36581,12,0.5
1822671,33,396,55527,0.15,0.001,30022,9,0.7
5125078,47,228,83836,0.3,0.008,51924,8,0.7
2895988,49,204,91607,0.15,0.004,79876,6,0.5
5566029,34,384,73867,0.05,0.001,34728,6,0.7
324866,27,468,39596,0.15,0.001,30284,9,0.5
124153185,45,252,241088,0.05,0.001,143655,4,0.7
31022753,56,120,73754,0.15,0.004,38197,7,0.3
